time_paris,t_ns,side,side_label,delta,bid,ask,price,t_seconds,dup_rank,t_seconds_jitter,threshold_mode,threshold_value_input,threshold_actual,time_origin_paris,window_start_paris,window_end_paris,T_observation_seconds
2019-10-01 09:00:18.190366269+02:00,1569913218190366269,1,bid,0.8900000000000006,85.21,85.27,84.32,0.000109167,0,0.000109167,quantile,0.99,0.4500000000000028,2019-10-01T09:00:18.190257102+02:00,2019-10-01T09:00:18.190257102+02:00,2019-10-01T17:29:58.552073359+02:00,30580.361816
2019-10-01 09:00:18.191808576+02:00,1569913218191808576,1,bid,0.5899999999999892,85.21,85.3,84.62,0.001551474,0,0.001551474,quantile,0.99,0.4500000000000028,2019-10-01T09:00:18.190257102+02:00,2019-10-01T09:00:18.190257102+02:00,2019-10-01T17:29:58.552073359+02:00,30580.361816
2019-10-01 09:00:18.191894307+02:00,1569913218191894307,1,bid,1.019999999999996,85.21,85.3,84.19,0.001637205,0,0.001637205,quantile,0.99,0.4500000000000028,2019-10-01T09:00:18.190257102+02:00,2019-10-01T09:00:18.190257102+02:00,2019-10-01T17:29:58.552073359+02:00,30580.361816
2019-10-01 09:00:18.192336135+02:00,1569913218192336135,1,bid,6.209999999999994,85.21,85.3,79.0,0.002079033,0,0.002079033,quantile,0.99,0.4500000000000028,2019-10-01T09:00:18.190257102+02:00,2019-10-01T09:00:18.190257102+02:00,2019-10-01T17:29:58.552073359+02:00,30580.361816
2019-10-01 09:00:18.195693313+02:00,1569913218195693313,1,bid,0.5599999999999881,85.21,85.3,84.65,0.005436211,0,0.005436211,quantile,0.99,0.4500000000000028,2019-10-01T09:00:18.190257102+02:00,2019-10-01T09:00:18.190257102+02:00,2019-10-01T17:29:58.552073359+02:00,30580.361816
2019-10-01 09:00:26.239202278+02:00,1569913226239202278,1,bid,5.1200000000000045,85.18,85.27,80.06,8.048945176,0,8.048945176,quantile,0.99,0.4500000000000028,2019-10-01T09:00:18.190257102+02:00,2019-10-01T09:00:18.190257102+02:00,2019-10-01T17:29:58.552073359+02:00,30580.361816
2019-10-01 09:00:30.722146985+02:00,1569913230722146985,1,bid,0.5999999999999943,85.19,85.34,84.59,12.531889883,0,12.531889883,quantile,0.99,0.4500000000000028,2019-10-01T09:00:18.190257102+02:00,2019-10-01T09:00:18.190257102+02:00,2019-10-01T17:29:58.552073359+02:00,30580.361816
2019-10-01 09:00:34.244051218+02:00,1569913234244051218,1,bid,0.5999999999999943,85.13,85.23,84.53,16.053794116,0,16.053794116,quantile,0.99,0.4500000000000028,2019-10-01T09:00:18.190257102+02:00,2019-10-01T09:00:18.190257102+02:00,2019-10-01T17:29:58.552073359+02:00,30580.361816
2019-10-01 09:01:21.513139807+02:00,1569913281513139807,1,bid,0.6099999999999994,85.25,85.36,84.64,63.322882705,0,63.322882705,quantile,0.99,0.4500000000000028,2019-10-01T09:00:18.190257102+02:00,2019-10-01T09:00:18.190257102+02:00,2019-10-01T17:29:58.552073359+02:00,30580.361816
2019-10-01 09:02:00.030044236+02:00,1569913320030044236,1,bid,0.7600000000000051,85.17,85.24,84.41,101.839787134,0,101.839787134,quantile,0.99,0.4500000000000028,2019-10-01T09:00:18.190257102+02:00,2019-10-01T09:00:18.190257102+02:00,2019-10-01T17:29:58.552073359+02:00,30580.361816
2019-10-01 09:02:12.324891840+02:00,1569913332324891840,1,bid,1.059999999999988,85.21,85.28,84.15,114.134634738,0,114.134634738,quantile,0.99,0.4500000000000028,2019-10-01T09:00:18.190257102+02:00,2019-10-01T09:00:18.190257102+02:00,2019-10-01T17:29:58.552073359+02:00,30580.361816
2019-10-01 09:02:13.418129459+02:00,1569913333418129459,1,bid,1.5699999999999932,85.21,85.28,83.64,115.227872357,0,115.227872357,quantile,0.99,0.4500000000000028,2019-10-01T09:00:18.190257102+02:00,2019-10-01T09:00:18.190257102+02:00,2019-10-01T17:29:58.552073359+02:00,30580.361816
2019-10-01 09:04:44.086396777+02:00,1569913484086396777,1,bid,0.4500000000000028,85.23,85.29,84.78,265.896139675,0,265.896139675,quantile,0.99,0.4500000000000028,2019-10-01T09:00:18.190257102+02:00,2019-10-01T09:00:18.190257102+02:00,2019-10-01T17:29:58.552073359+02:00,30580.361816
2019-10-01 09:04:52.092752113+02:00,1569913492092752113,1,bid,0.4600000000000079,85.2,85.27,84.74,273.902495011,0,273.902495011,quantile,0.99,0.4500000000000028,2019-10-01T09:00:18.190257102+02:00,2019-10-01T09:00:18.190257102+02:00,2019-10-01T17:29:58.552073359+02:00,30580.361816
2019-10-01 09:04:52.112331715+02:00,1569913492112331715,1,bid,0.4700000000000131,85.18,85.25,84.71,273.922074613,0,273.922074613,quantile,0.99,0.4500000000000028,2019-10-01T09:00:18.190257102+02:00,2019-10-01T09:00:18.190257102+02:00,2019-10-01T17:29:58.552073359+02:00,30580.361816
2019-10-01 09:04:52.147073820+02:00,1569913492147073820,1,bid,0.4500000000000028,85.19,85.25,84.74,273.956816718,0,273.956816718,quantile,0.99,0.4500000000000028,2019-10-01T09:00:18.190257102+02:00,2019-10-01T09:00:18.190257102+02:00,2019-10-01T17:29:58.552073359+02:00,30580.361816
2019-10-01 09:04:52.163127517+02:00,1569913492163127517,1,bid,0.4500000000000028,85.2,85.25,84.75,273.972870415,0,273.972870415,quantile,0.99,0.4500000000000028,2019-10-01T09:00:18.190257102+02:00,2019-10-01T09:00:18.190257102+02:00,2019-10-01T17:29:58.552073359+02:00,30580.361816
2019-10-01 09:04:54.439279791+02:00,1569913494439279791,1,bid,0.480000000000004,85.2,85.24,84.72,276.249022689,0,276.249022689,quantile,0.99,0.4500000000000028,2019-10-01T09:00:18.190257102+02:00,2019-10-01T09:00:18.190257102+02:00,2019-10-01T17:29:58.552073359+02:00,30580.361816
2019-10-01 09:05:00.042408062+02:00,1569913500042408062,1,bid,0.6499999999999915,85.16,85.21,84.51,281.85215096,0,281.85215096,quantile,0.99,0.4500000000000028,2019-10-01T09:00:18.190257102+02:00,2019-10-01T09:00:18.190257102+02:00,2019-10-01T17:29:58.552073359+02:00,30580.361816
2019-10-01 09:05:06.301790062+02:00,1569913506301790062,1,bid,0.480000000000004,85.14,85.19,84.66,288.11153296,0,288.11153296,quantile,0.99,0.4500000000000028,2019-10-01T09:00:18.190257102+02:00,2019-10-01T09:00:18.190257102+02:00,2019-10-01T17:29:58.552073359+02:00,30580.361816
2019-10-01 09:05:06.302120657+02:00,1569913506302120657,1,bid,0.5999999999999943,85.13,85.15,84.53,288.111863555,0,288.111863555,quantile,0.99,0.4500000000000028,2019-10-01T09:00:18.190257102+02:00,2019-10-01T09:00:18.190257102+02:00,2019-10-01T17:29:58.552073359+02:00,30580.361816
2019-10-01 09:05:24.096279324+02:00,1569913524096279324,1,bid,0.4500000000000028,85.08,85.13,84.63,305.906022222,0,305.906022222,quantile,0.99,0.4500000000000028,2019-10-01T09:00:18.190257102+02:00,2019-10-01T09:00:18.190257102+02:00,2019-10-01T17:29:58.552073359+02:00,30580.361816
2019-10-01 09:05:25.574898635+02:00,1569913525574898635,1,bid,0.4599999999999937,85.07,85.11,84.61,307.384641533,0,307.384641533,quantile,0.99,0.4500000000000028,2019-10-01T09:00:18.190257102+02:00,2019-10-01T09:00:18.190257102+02:00,2019-10-01T17:29:58.552073359+02:00,30580.361816
2019-10-01 09:05:30.389502151+02:00,1569913530389502151,1,bid,0.5999999999999943,85.02,85.07,84.42,312.199245049,0,312.199245049,quantile,0.99,0.4500000000000028,2019-10-01T09:00:18.190257102+02:00,2019-10-01T09:00:18.190257102+02:00,2019-10-01T17:29:58.552073359+02:00,30580.361816
2019-10-01 09:05:30.390151720+02:00,1569913530390151720,1,bid,0.4500000000000028,85.02,85.07,84.57,312.199894618,0,312.199894618,quantile,0.99,0.4500000000000028,2019-10-01T09:00:18.190257102+02:00,2019-10-01T09:00:18.190257102+02:00,2019-10-01T17:29:58.552073359+02:00,30580.361816
2019-10-01 09:05:30.884063085+02:00,1569913530884063085,1,bid,0.4599999999999937,85.05,85.09,84.59,312.693805983,0,312.693805983,quantile,0.99,0.4500000000000028,2019-10-01T09:00:18.190257102+02:00,2019-10-01T09:00:18.190257102+02:00,2019-10-01T17:29:58.552073359+02:00,30580.361816
2019-10-01 09:05:45.240966937+02:00,1569913545240966937,1,bid,0.4600000000000079,85.09,85.12,84.63,327.050709835,0,327.050709835,quantile,0.99,0.4500000000000028,2019-10-01T09:00:18.190257102+02:00,2019-10-01T09:00:18.190257102+02:00,2019-10-01T17:29:58.552073359+02:00,30580.361816
2019-10-01 09:05:50.967556153+02:00,1569913550967556153,1,bid,0.5999999999999943,85.13,85.17,84.53,332.777299051,0,332.777299051,quantile,0.99,0.4500000000000028,2019-10-01T09:00:18.190257102+02:00,2019-10-01T09:00:18.190257102+02:00,2019-10-01T17:29:58.552073359+02:00,30580.361816
2019-10-01 09:05:53.357264375+02:00,1569913553357264375,1,bid,0.4600000000000079,85.15,85.19,84.69,335.167007273,0,335.167007273,quantile,0.99,0.4500000000000028,2019-10-01T09:00:18.190257102+02:00,2019-10-01T09:00:18.190257102+02:00,2019-10-01T17:29:58.552073359+02:00,30580.361816
2019-10-01 09:05:53.359372390+02:00,1569913553359372390,1,bid,0.4599999999999937,85.19,85.21,84.73,335.169115288,0,335.169115288,quantile,0.99,0.4500000000000028,2019-10-01T09:00:18.190257102+02:00,2019-10-01T09:00:18.190257102+02:00,2019-10-01T17:29:58.552073359+02:00,30580.361816
2019-10-01 09:05:53.367667144+02:00,1569913553367667144,1,bid,0.4599999999999937,85.16,85.21,84.7,335.177410042,0,335.177410042,quantile,0.99,0.4500000000000028,2019-10-01T09:00:18.190257102+02:00,2019-10-01T09:00:18.190257102+02:00,2019-10-01T17:29:58.552073359+02:00,30580.361816
2019-10-01 09:05:55.964887300+02:00,1569913555964887300,1,bid,0.4799999999999897,85.21,85.25,84.73,337.774630198,0,337.774630198,quantile,0.99,0.4500000000000028,2019-10-01T09:00:18.190257102+02:00,2019-10-01T09:00:18.190257102+02:00,2019-10-01T17:29:58.552073359+02:00,30580.361816
2019-10-01 09:05:57.558588701+02:00,1569913557558588701,1,bid,0.4699999999999988,85.22,85.25,84.75,339.368331599,0,339.368331599,quantile,0.99,0.4500000000000028,2019-10-01T09:00:18.190257102+02:00,2019-10-01T09:00:18.190257102+02:00,2019-10-01T17:29:58.552073359+02:00,30580.361816
2019-10-01 09:05:58.207666812+02:00,1569913558207666812,1,bid,0.5799999999999983,85.22,85.25,84.64,340.01740971,0,340.01740971,quantile,0.99,0.4500000000000028,2019-10-01T09:00:18.190257102+02:00,2019-10-01T09:00:18.190257102+02:00,2019-10-01T17:29:58.552073359+02:00,30580.361816
2019-10-01 09:05:58.400586714+02:00,1569913558400586714,1,bid,0.4699999999999988,85.22,85.25,84.75,340.210329612,0,340.210329612,quantile,0.99,0.4500000000000028,2019-10-01T09:00:18.190257102+02:00,2019-10-01T09:00:18.190257102+02:00,2019-10-01T17:29:58.552073359+02:00,30580.361816
2019-10-01 09:05:59.760656734+02:00,1569913559760656734,1,bid,0.4500000000000028,85.25,85.28,84.8,341.570399632,0,341.570399632,quantile,0.99,0.4500000000000028,2019-10-01T09:00:18.190257102+02:00,2019-10-01T09:00:18.190257102+02:00,2019-10-01T17:29:58.552073359+02:00,30580.361816
2019-10-01 09:06:04.151607493+02:00,1569913564151607493,1,bid,0.4699999999999988,85.23,85.26,84.76,345.961350391,0,345.961350391,quantile,0.99,0.4500000000000028,2019-10-01T09:00:18.190257102+02:00,2019-10-01T09:00:18.190257102+02:00,2019-10-01T17:29:58.552073359+02:00,30580.361816
2019-10-01 09:06:04.603820579+02:00,1569913564603820579,1,bid,0.4599999999999937,85.22,85.26,84.76,346.413563477,0,346.413563477,quantile,0.99,0.4500000000000028,2019-10-01T09:00:18.190257102+02:00,2019-10-01T09:00:18.190257102+02:00,2019-10-01T17:29:58.552073359+02:00,30580.361816
2019-10-01 09:06:15.233456562+02:00,1569913575233456562,1,bid,0.4699999999999988,85.28,85.29,84.81,357.04319946,0,357.04319946,quantile,0.99,0.4500000000000028,2019-10-01T09:00:18.190257102+02:00,2019-10-01T09:00:18.190257102+02:00,2019-10-01T17:29:58.552073359+02:00,30580.361816
2019-10-01 09:06:21.447116043+02:00,1569913581447116043,1,bid,0.8400000000000034,85.25,85.28,84.41,363.256858941,0,363.256858941,quantile,0.99,0.4500000000000028,2019-10-01T09:00:18.190257102+02:00,2019-10-01T09:00:18.190257102+02:00,2019-10-01T17:29:58.552073359+02:00,30580.361816
2019-10-01 09:06:26.407302242+02:00,1569913586407302242,1,bid,0.4500000000000028,85.23,85.26,84.78,368.21704514,0,368.21704514,quantile,0.99,0.4500000000000028,2019-10-01T09:00:18.190257102+02:00,2019-10-01T09:00:18.190257102+02:00,2019-10-01T17:29:58.552073359+02:00,30580.361816
2019-10-01 09:06:26.411547381+02:00,1569913586411547381,1,bid,0.480000000000004,85.22,85.24,84.74,368.221290279,0,368.221290279,quantile,0.99,0.4500000000000028,2019-10-01T09:00:18.190257102+02:00,2019-10-01T09:00:18.190257102+02:00,2019-10-01T17:29:58.552073359+02:00,30580.361816
2019-10-01 09:06:26.508921768+02:00,1569913586508921768,1,bid,0.4500000000000028,85.22,85.24,84.77,368.318664666,0,368.318664666,quantile,0.99,0.4500000000000028,2019-10-01T09:00:18.190257102+02:00,2019-10-01T09:00:18.190257102+02:00,2019-10-01T17:29:58.552073359+02:00,30580.361816
2019-10-01 09:06:35.001044399+02:00,1569913595001044399,1,bid,0.4500000000000028,85.18,85.23,84.73,376.810787297,0,376.810787297,quantile,0.99,0.4500000000000028,2019-10-01T09:00:18.190257102+02:00,2019-10-01T09:00:18.190257102+02:00,2019-10-01T17:29:58.552073359+02:00,30580.361816
2019-10-01 09:06:55.428141096+02:00,1569913615428141096,1,bid,0.4600000000000079,85.17,85.2,84.71,397.237883994,0,397.237883994,quantile,0.99,0.4500000000000028,2019-10-01T09:00:18.190257102+02:00,2019-10-01T09:00:18.190257102+02:00,2019-10-01T17:29:58.552073359+02:00,30580.361816
2019-10-01 09:06:56.687860793+02:00,1569913616687860793,1,bid,0.4899999999999949,85.16,85.19,84.67,398.497603691,0,398.497603691,quantile,0.99,0.4500000000000028,2019-10-01T09:00:18.190257102+02:00,2019-10-01T09:00:18.190257102+02:00,2019-10-01T17:29:58.552073359+02:00,30580.361816
2019-10-01 09:07:00.700530748+02:00,1569913620700530748,1,bid,0.480000000000004,85.12,85.15,84.64,402.510273646,0,402.510273646,quantile,0.99,0.4500000000000028,2019-10-01T09:00:18.190257102+02:00,2019-10-01T09:00:18.190257102+02:00,2019-10-01T17:29:58.552073359+02:00,30580.361816
2019-10-01 09:07:10.645331007+02:00,1569913630645331007,1,bid,0.4599999999999937,85.13,85.15,84.67,412.455073905,0,412.455073905,quantile,0.99,0.4500000000000028,2019-10-01T09:00:18.190257102+02:00,2019-10-01T09:00:18.190257102+02:00,2019-10-01T17:29:58.552073359+02:00,30580.361816
2019-10-01 09:07:10.690567132+02:00,1569913630690567132,1,bid,0.4500000000000028,85.15,85.19,84.7,412.50031003,0,412.50031003,quantile,0.99,0.4500000000000028,2019-10-01T09:00:18.190257102+02:00,2019-10-01T09:00:18.190257102+02:00,2019-10-01T17:29:58.552073359+02:00,30580.361816
2019-10-01 09:07:11.475663357+02:00,1569913631475663357,1,bid,0.4600000000000079,85.12,85.17,84.66,413.285406255,0,413.285406255,quantile,0.99,0.4500000000000028,2019-10-01T09:00:18.190257102+02:00,2019-10-01T09:00:18.190257102+02:00,2019-10-01T17:29:58.552073359+02:00,30580.361816
2019-10-01 09:07:12.408191918+02:00,1569913632408191918,1,bid,0.4600000000000079,85.15,85.18,84.69,414.217934816,0,414.217934816,quantile,0.99,0.4500000000000028,2019-10-01T09:00:18.190257102+02:00,2019-10-01T09:00:18.190257102+02:00,2019-10-01T17:29:58.552073359+02:00,30580.361816
2019-10-01 09:07:13.096675734+02:00,1569913633096675734,1,bid,0.4900000000000091,85.15,85.18,84.66,414.906418632,0,414.906418632,quantile,0.99,0.4500000000000028,2019-10-01T09:00:18.190257102+02:00,2019-10-01T09:00:18.190257102+02:00,2019-10-01T17:29:58.552073359+02:00,30580.361816
2019-10-01 09:07:13.674963088+02:00,1569913633674963088,1,bid,0.4500000000000028,85.15,85.18,84.7,415.484705986,0,415.484705986,quantile,0.99,0.4500000000000028,2019-10-01T09:00:18.190257102+02:00,2019-10-01T09:00:18.190257102+02:00,2019-10-01T17:29:58.552073359+02:00,30580.361816
2019-10-01 09:07:20.914683881+02:00,1569913640914683881,1,bid,0.4500000000000028,85.18,85.2,84.73,422.724426779,0,422.724426779,quantile,0.99,0.4500000000000028,2019-10-01T09:00:18.190257102+02:00,2019-10-01T09:00:18.190257102+02:00,2019-10-01T17:29:58.552073359+02:00,30580.361816
2019-10-01 09:07:30.768954424+02:00,1569913650768954424,1,bid,0.6000000000000085,85.2,85.23,84.6,432.578697322,0,432.578697322,quantile,0.99,0.4500000000000028,2019-10-01T09:00:18.190257102+02:00,2019-10-01T09:00:18.190257102+02:00,2019-10-01T17:29:58.552073359+02:00,30580.361816
2019-10-01 09:07:33.903233399+02:00,1569913653903233399,1,bid,0.4699999999999988,85.15,85.2,84.68,435.712976297,0,435.712976297,quantile,0.99,0.4500000000000028,2019-10-01T09:00:18.190257102+02:00,2019-10-01T09:00:18.190257102+02:00,2019-10-01T17:29:58.552073359+02:00,30580.361816
2019-10-01 09:07:33.909548401+02:00,1569913653909548401,1,bid,0.4600000000000079,85.17,85.2,84.71,435.719291299,0,435.719291299,quantile,0.99,0.4500000000000028,2019-10-01T09:00:18.190257102+02:00,2019-10-01T09:00:18.190257102+02:00,2019-10-01T17:29:58.552073359+02:00,30580.361816
2019-10-01 09:07:43.465833617+02:00,1569913663465833617,1,bid,0.4699999999999988,85.15,85.17,84.68,445.275576515,0,445.275576515,quantile,0.99,0.4500000000000028,2019-10-01T09:00:18.190257102+02:00,2019-10-01T09:00:18.190257102+02:00,2019-10-01T17:29:58.552073359+02:00,30580.361816
2019-10-01 09:07:55.489722813+02:00,1569913675489722813,1,bid,0.4599999999999937,85.14,85.17,84.68,457.299465711,0,457.299465711,quantile,0.99,0.4500000000000028,2019-10-01T09:00:18.190257102+02:00,2019-10-01T09:00:18.190257102+02:00,2019-10-01T17:29:58.552073359+02:00,30580.361816
2019-10-01 09:08:09.266886281+02:00,1569913689266886281,1,bid,0.4500000000000028,85.19,85.21,84.74,471.076629179,0,471.076629179,quantile,0.99,0.4500000000000028,2019-10-01T09:00:18.190257102+02:00,2019-10-01T09:00:18.190257102+02:00,2019-10-01T17:29:58.552073359+02:00,30580.361816
2019-10-01 09:08:12.217703685+02:00,1569913692217703685,1,bid,1.0999999999999943,85.21,85.23,84.11,474.027446583,0,474.027446583,quantile,0.99,0.4500000000000028,2019-10-01T09:00:18.190257102+02:00,2019-10-01T09:00:18.190257102+02:00,2019-10-01T17:29:58.552073359+02:00,30580.361816
2019-10-01 09:08:15.005017083+02:00,1569913695005017083,1,bid,0.4500000000000028,85.19,85.23,84.74,476.814759981,0,476.814759981,quantile,0.99,0.4500000000000028,2019-10-01T09:00:18.190257102+02:00,2019-10-01T09:00:18.190257102+02:00,2019-10-01T17:29:58.552073359+02:00,30580.361816
2019-10-01 09:08:21.569677519+02:00,1569913701569677519,1,bid,0.4600000000000079,85.17,85.2,84.71,483.379420417,0,483.379420417,quantile,0.99,0.4500000000000028,2019-10-01T09:00:18.190257102+02:00,2019-10-01T09:00:18.190257102+02:00,2019-10-01T17:29:58.552073359+02:00,30580.361816
2019-10-01 09:08:22.343073585+02:00,1569913702343073585,1,bid,0.4500000000000028,85.19,85.21,84.74,484.152816483,0,484.152816483,quantile,0.99,0.4500000000000028,2019-10-01T09:00:18.190257102+02:00,2019-10-01T09:00:18.190257102+02:00,2019-10-01T17:29:58.552073359+02:00,30580.361816
2019-10-01 09:08:24.658271958+02:00,1569913704658271958,1,bid,1.1899999999999975,85.2,85.23,84.01,486.468014856,0,486.468014856,quantile,0.99,0.4500000000000028,2019-10-01T09:00:18.190257102+02:00,2019-10-01T09:00:18.190257102+02:00,2019-10-01T17:29:58.552073359+02:00,30580.361816
2019-10-01 09:08:38.604049504+02:00,1569913718604049504,1,bid,1.2999999999999972,85.21,85.23,83.91,500.413792402,0,500.413792402,quantile,0.99,0.4500000000000028,2019-10-01T09:00:18.190257102+02:00,2019-10-01T09:00:18.190257102+02:00,2019-10-01T17:29:58.552073359+02:00,30580.361816
2019-10-01 09:08:52.660700677+02:00,1569913732660700677,1,bid,1.3900000000000006,85.2,85.22,83.81,514.470443575,0,514.470443575,quantile,0.99,0.4500000000000028,2019-10-01T09:00:18.190257102+02:00,2019-10-01T09:00:18.190257102+02:00,2019-10-01T17:29:58.552073359+02:00,30580.361816
2019-10-01 09:09:13.087687794+02:00,1569913753087687794,1,bid,0.4700000000000131,85.18,85.21,84.71,534.897430692,0,534.897430692,quantile,0.99,0.4500000000000028,2019-10-01T09:00:18.190257102+02:00,2019-10-01T09:00:18.190257102+02:00,2019-10-01T17:29:58.552073359+02:00,30580.361816
2019-10-01 09:09:18.242500160+02:00,1569913758242500160,1,bid,0.4500000000000028,85.16,85.18,84.71,540.052243058,0,540.052243058,quantile,0.99,0.4500000000000028,2019-10-01T09:00:18.190257102+02:00,2019-10-01T09:00:18.190257102+02:00,2019-10-01T17:29:58.552073359+02:00,30580.361816
2019-10-01 09:09:29.131851167+02:00,1569913769131851167,1,bid,0.4500000000000028,85.16,85.18,84.71,550.941594065,0,550.941594065,quantile,0.99,0.4500000000000028,2019-10-01T09:00:18.190257102+02:00,2019-10-01T09:00:18.190257102+02:00,2019-10-01T17:29:58.552073359+02:00,30580.361816
2019-10-01 09:09:34.030325487+02:00,1569913774030325487,1,bid,0.7599999999999909,85.16,85.18,84.4,555.840068385,0,555.840068385,quantile,0.99,0.4500000000000028,2019-10-01T09:00:18.190257102+02:00,2019-10-01T09:00:18.190257102+02:00,2019-10-01T17:29:58.552073359+02:00,30580.361816
2019-10-01 09:09:35.023228233+02:00,1569913775023228233,1,bid,0.480000000000004,85.15,85.18,84.67,556.832971131,0,556.832971131,quantile,0.99,0.4500000000000028,2019-10-01T09:00:18.190257102+02:00,2019-10-01T09:00:18.190257102+02:00,2019-10-01T17:29:58.552073359+02:00,30580.361816
2019-10-01 09:09:39.826537229+02:00,1569913779826537229,1,bid,0.4699999999999988,85.14,85.15,84.67,561.636280127,0,561.636280127,quantile,0.99,0.4500000000000028,2019-10-01T09:00:18.190257102+02:00,2019-10-01T09:00:18.190257102+02:00,2019-10-01T17:29:58.552073359+02:00,30580.361816
2019-10-01 09:10:02.120310411+02:00,1569913802120310411,1,bid,0.4599999999999937,85.1,85.12,84.64,583.930053309,0,583.930053309,quantile,0.99,0.4500000000000028,2019-10-01T09:00:18.190257102+02:00,2019-10-01T09:00:18.190257102+02:00,2019-10-01T17:29:58.552073359+02:00,30580.361816
2019-10-01 09:10:12.930673483+02:00,1569913812930673483,1,bid,0.6000000000000085,85.09,85.11,84.49,594.740416381,0,594.740416381,quantile,0.99,0.4500000000000028,2019-10-01T09:00:18.190257102+02:00,2019-10-01T09:00:18.190257102+02:00,2019-10-01T17:29:58.552073359+02:00,30580.361816
2019-10-01 09:10:46.917319140+02:00,1569913846917319140,1,bid,0.4599999999999937,85.07,85.09,84.61,628.727062038,0,628.727062038,quantile,0.99,0.4500000000000028,2019-10-01T09:00:18.190257102+02:00,2019-10-01T09:00:18.190257102+02:00,2019-10-01T17:29:58.552073359+02:00,30580.361816
2019-10-01 09:11:02.418431335+02:00,1569913862418431335,1,bid,0.4699999999999988,85.08,85.11,84.61,644.228174233,0,644.228174233,quantile,0.99,0.4500000000000028,2019-10-01T09:00:18.190257102+02:00,2019-10-01T09:00:18.190257102+02:00,2019-10-01T17:29:58.552073359+02:00,30580.361816
2019-10-01 09:11:04.507298254+02:00,1569913864507298254,1,bid,0.4500000000000028,85.09,85.12,84.64,646.317041152,0,646.317041152,quantile,0.99,0.4500000000000028,2019-10-01T09:00:18.190257102+02:00,2019-10-01T09:00:18.190257102+02:00,2019-10-01T17:29:58.552073359+02:00,30580.361816
2019-10-01 09:11:06.444312906+02:00,1569913866444312906,1,bid,0.4699999999999988,85.08,85.12,84.61,648.254055804,0,648.254055804,quantile,0.99,0.4500000000000028,2019-10-01T09:00:18.190257102+02:00,2019-10-01T09:00:18.190257102+02:00,2019-10-01T17:29:58.552073359+02:00,30580.361816
2019-10-01 09:11:06.796221328+02:00,1569913866796221328,1,bid,0.4500000000000028,85.09,85.12,84.64,648.605964226,0,648.605964226,quantile,0.99,0.4500000000000028,2019-10-01T09:00:18.190257102+02:00,2019-10-01T09:00:18.190257102+02:00,2019-10-01T17:29:58.552073359+02:00,30580.361816
2019-10-01 09:11:35.355143841+02:00,1569913895355143841,1,bid,0.4699999999999988,85.15,85.18,84.68,677.164886739,0,677.164886739,quantile,0.99,0.4500000000000028,2019-10-01T09:00:18.190257102+02:00,2019-10-01T09:00:18.190257102+02:00,2019-10-01T17:29:58.552073359+02:00,30580.361816
2019-10-01 09:12:41.211168013+02:00,1569913961211168013,1,bid,0.4500000000000028,85.05,85.06,84.6,743.020910911,0,743.020910911,quantile,0.99,0.4500000000000028,2019-10-01T09:00:18.190257102+02:00,2019-10-01T09:00:18.190257102+02:00,2019-10-01T17:29:58.552073359+02:00,30580.361816
2019-10-01 09:13:58.053143096+02:00,1569914038053143096,1,bid,0.4599999999999937,85.1,85.13,84.64,819.862885994,0,819.862885994,quantile,0.99,0.4500000000000028,2019-10-01T09:00:18.190257102+02:00,2019-10-01T09:00:18.190257102+02:00,2019-10-01T17:29:58.552073359+02:00,30580.361816
2019-10-01 09:14:04.868702595+02:00,1569914044868702595,1,bid,0.4599999999999937,85.07,85.08,84.61,826.678445493,0,826.678445493,quantile,0.99,0.4500000000000028,2019-10-01T09:00:18.190257102+02:00,2019-10-01T09:00:18.190257102+02:00,2019-10-01T17:29:58.552073359+02:00,30580.361816
2019-10-01 09:14:14.176497586+02:00,1569914054176497586,1,bid,0.4599999999999937,85.1,85.12,84.64,835.986240484,0,835.986240484,quantile,0.99,0.4500000000000028,2019-10-01T09:00:18.190257102+02:00,2019-10-01T09:00:18.190257102+02:00,2019-10-01T17:29:58.552073359+02:00,30580.361816
2019-10-01 09:14:23.985160081+02:00,1569914063985160081,1,bid,0.4599999999999937,85.07,85.09,84.61,845.794902979,0,845.794902979,quantile,0.99,0.4500000000000028,2019-10-01T09:00:18.190257102+02:00,2019-10-01T09:00:18.190257102+02:00,2019-10-01T17:29:58.552073359+02:00,30580.361816
2019-10-01 09:14:29.467689568+02:00,1569914069467689568,1,bid,0.4500000000000028,85.04,85.06,84.59,851.277432466,0,851.277432466,quantile,0.99,0.4500000000000028,2019-10-01T09:00:18.190257102+02:00,2019-10-01T09:00:18.190257102+02:00,2019-10-01T17:29:58.552073359+02:00,30580.361816
2019-10-01 09:14:36.172026683+02:00,1569914076172026683,1,bid,0.4500000000000028,85.02,85.04,84.57,857.981769581,0,857.981769581,quantile,0.99,0.4500000000000028,2019-10-01T09:00:18.190257102+02:00,2019-10-01T09:00:18.190257102+02:00,2019-10-01T17:29:58.552073359+02:00,30580.361816
2019-10-01 09:14:46.971914007+02:00,1569914086971914007,1,bid,0.6000000000000085,84.98,85.0,84.38,868.781656905,0,868.781656905,quantile,0.99,0.4500000000000028,2019-10-01T09:00:18.190257102+02:00,2019-10-01T09:00:18.190257102+02:00,2019-10-01T17:29:58.552073359+02:00,30580.361816
2019-10-01 09:15:33.812902061+02:00,1569914133812902061,1,bid,0.8099999999999881,84.99,85.01,84.18,915.622644959,0,915.622644959,quantile,0.99,0.4500000000000028,2019-10-01T09:00:18.190257102+02:00,2019-10-01T09:00:18.190257102+02:00,2019-10-01T17:29:58.552073359+02:00,30580.361816
2019-10-01 09:15:34.991086940+02:00,1569914134991086940,1,bid,0.6000000000000085,85.09,85.13,84.49,916.800829838,0,916.800829838,quantile,0.99,0.4500000000000028,2019-10-01T09:00:18.190257102+02:00,2019-10-01T09:00:18.190257102+02:00,2019-10-01T17:29:58.552073359+02:00,30580.361816
2019-10-01 09:15:34.994728152+02:00,1569914134994728152,1,bid,0.4600000000000079,85.12,85.15,84.66,916.80447105,0,916.80447105,quantile,0.99,0.4500000000000028,2019-10-01T09:00:18.190257102+02:00,2019-10-01T09:00:18.190257102+02:00,2019-10-01T17:29:58.552073359+02:00,30580.361816
2019-10-01 09:15:34.995922978+02:00,1569914134995922978,1,bid,0.4900000000000091,85.12,85.15,84.63,916.805665876,0,916.805665876,quantile,0.99,0.4500000000000028,2019-10-01T09:00:18.190257102+02:00,2019-10-01T09:00:18.190257102+02:00,2019-10-01T17:29:58.552073359+02:00,30580.361816
2019-10-01 09:15:35.045642805+02:00,1569914135045642805,1,bid,0.4699999999999988,85.13,85.15,84.66,916.855385703,0,916.855385703,quantile,0.99,0.4500000000000028,2019-10-01T09:00:18.190257102+02:00,2019-10-01T09:00:18.190257102+02:00,2019-10-01T17:29:58.552073359+02:00,30580.361816
2019-10-01 09:15:35.763048197+02:00,1569914135763048197,1,bid,0.4500000000000028,85.15,85.17,84.7,917.572791095,0,917.572791095,quantile,0.99,0.4500000000000028,2019-10-01T09:00:18.190257102+02:00,2019-10-01T09:00:18.190257102+02:00,2019-10-01T17:29:58.552073359+02:00,30580.361816
2019-10-01 09:15:37.204447273+02:00,1569914137204447273,1,bid,0.480000000000004,85.12,85.15,84.64,919.014190171,0,919.014190171,quantile,0.99,0.4500000000000028,2019-10-01T09:00:18.190257102+02:00,2019-10-01T09:00:18.190257102+02:00,2019-10-01T17:29:58.552073359+02:00,30580.361816
2019-10-01 09:15:39.745489937+02:00,1569914139745489937,1,bid,0.5099999999999909,85.13,85.16,84.62,921.555232835,0,921.555232835,quantile,0.99,0.4500000000000028,2019-10-01T09:00:18.190257102+02:00,2019-10-01T09:00:18.190257102+02:00,2019-10-01T17:29:58.552073359+02:00,30580.361816
2019-10-01 09:15:40.083586599+02:00,1569914140083586599,1,bid,0.4599999999999937,85.1,85.13,84.64,921.893329497,0,921.893329497,quantile,0.99,0.4500000000000028,2019-10-01T09:00:18.190257102+02:00,2019-10-01T09:00:18.190257102+02:00,2019-10-01T17:29:58.552073359+02:00,30580.361816
2019-10-01 09:16:03.490141466+02:00,1569914163490141466,1,bid,0.4599999999999937,85.13,85.15,84.67,945.299884364,0,945.299884364,quantile,0.99,0.4500000000000028,2019-10-01T09:00:18.190257102+02:00,2019-10-01T09:00:18.190257102+02:00,2019-10-01T17:29:58.552073359+02:00,30580.361816
2019-10-01 09:16:29.485173134+02:00,1569914189485173134,1,bid,0.4500000000000028,85.08,85.1,84.63,971.294916032,0,971.294916032,quantile,0.99,0.4500000000000028,2019-10-01T09:00:18.190257102+02:00,2019-10-01T09:00:18.190257102+02:00,2019-10-01T17:29:58.552073359+02:00,30580.361816
2019-10-01 09:16:32.959938317+02:00,1569914192959938317,1,bid,0.4500000000000028,85.06,85.08,84.61,974.769681215,0,974.769681215,quantile,0.99,0.4500000000000028,2019-10-01T09:00:18.190257102+02:00,2019-10-01T09:00:18.190257102+02:00,2019-10-01T17:29:58.552073359+02:00,30580.361816
2019-10-01 09:16:56.993364068+02:00,1569914216993364068,1,bid,0.4500000000000028,85.03,85.05,84.58,998.803106966,0,998.803106966,quantile,0.99,0.4500000000000028,2019-10-01T09:00:18.190257102+02:00,2019-10-01T09:00:18.190257102+02:00,2019-10-01T17:29:58.552073359+02:00,30580.361816
2019-10-01 09:17:08.071913606+02:00,1569914228071913606,1,bid,0.6000000000000085,84.98,85.02,84.38,1009.881656504,0,1009.881656504,quantile,0.99,0.4500000000000028,2019-10-01T09:00:18.190257102+02:00,2019-10-01T09:00:18.190257102+02:00,2019-10-01T17:29:58.552073359+02:00,30580.361816
2019-10-01 09:17:16.051294455+02:00,1569914236051294455,1,bid,0.4500000000000028,84.97,84.98,84.52,1017.861037353,0,1017.861037353,quantile,0.99,0.4500000000000028,2019-10-01T09:00:18.190257102+02:00,2019-10-01T09:00:18.190257102+02:00,2019-10-01T17:29:58.552073359+02:00,30580.361816
2019-10-01 09:17:57.041891006+02:00,1569914277041891006,1,bid,0.4500000000000028,85.0,85.04,84.55,1058.851633904,0,1058.851633904,quantile,0.99,0.4500000000000028,2019-10-01T09:00:18.190257102+02:00,2019-10-01T09:00:18.190257102+02:00,2019-10-01T17:29:58.552073359+02:00,30580.361816
2019-10-01 09:18:16.726285105+02:00,1569914296726285105,1,bid,0.4500000000000028,85.0,85.02,84.55,1078.536028003,0,1078.536028003,quantile,0.99,0.4500000000000028,2019-10-01T09:00:18.190257102+02:00,2019-10-01T09:00:18.190257102+02:00,2019-10-01T17:29:58.552073359+02:00,30580.361816
2019-10-01 09:18:16.727505418+02:00,1569914296727505418,1,bid,0.4599999999999937,84.99,85.02,84.53,1078.537248316,0,1078.537248316,quantile,0.99,0.4500000000000028,2019-10-01T09:00:18.190257102+02:00,2019-10-01T09:00:18.190257102+02:00,2019-10-01T17:29:58.552073359+02:00,30580.361816
2019-10-01 09:18:27.910690152+02:00,1569914307910690152,1,bid,0.4599999999999937,84.94,84.95,84.48,1089.72043305,0,1089.72043305,quantile,0.99,0.4500000000000028,2019-10-01T09:00:18.190257102+02:00,2019-10-01T09:00:18.190257102+02:00,2019-10-01T17:29:58.552073359+02:00,30580.361816
2019-10-01 09:18:39.433960950+02:00,1569914319433960950,1,bid,1.9399999999999975,84.94,84.95,83.0,1101.243703848,0,1101.243703848,quantile,0.99,0.4500000000000028,2019-10-01T09:00:18.190257102+02:00,2019-10-01T09:00:18.190257102+02:00,2019-10-01T17:29:58.552073359+02:00,30580.361816
2019-10-01 09:18:49.977373919+02:00,1569914329977373919,1,bid,0.4500000000000028,84.93,84.95,84.48,1111.787116817,0,1111.787116817,quantile,0.99,0.4500000000000028,2019-10-01T09:00:18.190257102+02:00,2019-10-01T09:00:18.190257102+02:00,2019-10-01T17:29:58.552073359+02:00,30580.361816
2019-10-01 09:19:19.822342411+02:00,1569914359822342411,1,bid,0.4600000000000079,84.9,84.92,84.44,1141.632085309,0,1141.632085309,quantile,0.99,0.4500000000000028,2019-10-01T09:00:18.190257102+02:00,2019-10-01T09:00:18.190257102+02:00,2019-10-01T17:29:58.552073359+02:00,30580.361816
2019-10-01 09:19:22.656491371+02:00,1569914362656491371,1,bid,0.4500000000000028,84.92,84.93,84.47,1144.466234269,0,1144.466234269,quantile,0.99,0.4500000000000028,2019-10-01T09:00:18.190257102+02:00,2019-10-01T09:00:18.190257102+02:00,2019-10-01T17:29:58.552073359+02:00,30580.361816
2019-10-01 09:19:35.515512565+02:00,1569914375515512565,1,bid,0.4500000000000028,84.9,84.92,84.45,1157.325255463,0,1157.325255463,quantile,0.99,0.4500000000000028,2019-10-01T09:00:18.190257102+02:00,2019-10-01T09:00:18.190257102+02:00,2019-10-01T17:29:58.552073359+02:00,30580.361816
2019-10-01 09:19:45.394445508+02:00,1569914385394445508,1,bid,0.4500000000000028,84.91,84.94,84.46,1167.204188406,0,1167.204188406,quantile,0.99,0.4500000000000028,2019-10-01T09:00:18.190257102+02:00,2019-10-01T09:00:18.190257102+02:00,2019-10-01T17:29:58.552073359+02:00,30580.361816
2019-10-01 09:19:55.748848554+02:00,1569914395748848554,1,bid,0.6000000000000085,84.87,84.9,84.27,1177.558591452,0,1177.558591452,quantile,0.99,0.4500000000000028,2019-10-01T09:00:18.190257102+02:00,2019-10-01T09:00:18.190257102+02:00,2019-10-01T17:29:58.552073359+02:00,30580.361816
2019-10-01 09:20:04.817290760+02:00,1569914404817290760,1,bid,0.4600000000000079,84.87,84.88,84.41,1186.627033658,0,1186.627033658,quantile,0.99,0.4500000000000028,2019-10-01T09:00:18.190257102+02:00,2019-10-01T09:00:18.190257102+02:00,2019-10-01T17:29:58.552073359+02:00,30580.361816
2019-10-01 09:20:23.415357350+02:00,1569914423415357350,1,bid,0.4500000000000028,84.87,84.89,84.42,1205.225100248,0,1205.225100248,quantile,0.99,0.4500000000000028,2019-10-01T09:00:18.190257102+02:00,2019-10-01T09:00:18.190257102+02:00,2019-10-01T17:29:58.552073359+02:00,30580.361816
2019-10-01 09:21:39.217477185+02:00,1569914499217477185,1,bid,0.4599999999999937,84.91,84.93,84.45,1281.027220083,0,1281.027220083,quantile,0.99,0.4500000000000028,2019-10-01T09:00:18.190257102+02:00,2019-10-01T09:00:18.190257102+02:00,2019-10-01T17:29:58.552073359+02:00,30580.361816
2019-10-01 09:21:39.239635064+02:00,1569914499239635064,1,bid,0.4500000000000028,84.91,84.92,84.46,1281.049377962,0,1281.049377962,quantile,0.99,0.4500000000000028,2019-10-01T09:00:18.190257102+02:00,2019-10-01T09:00:18.190257102+02:00,2019-10-01T17:29:58.552073359+02:00,30580.361816
2019-10-01 09:22:16.475899762+02:00,1569914536475899762,1,bid,0.4600000000000079,84.9,84.92,84.44,1318.28564266,0,1318.28564266,quantile,0.99,0.4500000000000028,2019-10-01T09:00:18.190257102+02:00,2019-10-01T09:00:18.190257102+02:00,2019-10-01T17:29:58.552073359+02:00,30580.361816
2019-10-01 09:22:40.272075706+02:00,1569914560272075706,1,bid,0.4500000000000028,84.86,84.89,84.41,1342.081818604,0,1342.081818604,quantile,0.99,0.4500000000000028,2019-10-01T09:00:18.190257102+02:00,2019-10-01T09:00:18.190257102+02:00,2019-10-01T17:29:58.552073359+02:00,30580.361816
2019-10-01 09:22:40.563225372+02:00,1569914560563225372,1,bid,0.4599999999999937,84.85,84.87,84.39,1342.37296827,0,1342.37296827,quantile,0.99,0.4500000000000028,2019-10-01T09:00:18.190257102+02:00,2019-10-01T09:00:18.190257102+02:00,2019-10-01T17:29:58.552073359+02:00,30580.361816
2019-10-01 09:23:01.447345766+02:00,1569914581447345766,1,bid,0.4599999999999937,84.89,84.91,84.43,1363.257088664,0,1363.257088664,quantile,0.99,0.4500000000000028,2019-10-01T09:00:18.190257102+02:00,2019-10-01T09:00:18.190257102+02:00,2019-10-01T17:29:58.552073359+02:00,30580.361816
2019-10-01 09:23:08.263842780+02:00,1569914588263842780,1,bid,0.4599999999999937,84.89,84.9,84.43,1370.073585678,0,1370.073585678,quantile,0.99,0.4500000000000028,2019-10-01T09:00:18.190257102+02:00,2019-10-01T09:00:18.190257102+02:00,2019-10-01T17:29:58.552073359+02:00,30580.361816
2019-10-01 09:23:08.357879006+02:00,1569914588357879006,1,bid,0.4600000000000079,84.87,84.9,84.41,1370.167621904,0,1370.167621904,quantile,0.99,0.4500000000000028,2019-10-01T09:00:18.190257102+02:00,2019-10-01T09:00:18.190257102+02:00,2019-10-01T17:29:58.552073359+02:00,30580.361816
2019-10-01 09:23:13.377021621+02:00,1569914593377021621,1,bid,0.4599999999999937,84.85,84.86,84.39,1375.186764519,0,1375.186764519,quantile,0.99,0.4500000000000028,2019-10-01T09:00:18.190257102+02:00,2019-10-01T09:00:18.190257102+02:00,2019-10-01T17:29:58.552073359+02:00,30580.361816
2019-10-01 09:23:45.236060179+02:00,1569914625236060179,1,bid,0.4500000000000028,84.83,84.85,84.38,1407.045803077,0,1407.045803077,quantile,0.99,0.4500000000000028,2019-10-01T09:00:18.190257102+02:00,2019-10-01T09:00:18.190257102+02:00,2019-10-01T17:29:58.552073359+02:00,30580.361816
2019-10-01 09:24:33.060763523+02:00,1569914673060763523,1,bid,9.769999999999996,84.77,84.79,75.0,1454.870506421,0,1454.870506421,quantile,0.99,0.4500000000000028,2019-10-01T09:00:18.190257102+02:00,2019-10-01T09:00:18.190257102+02:00,2019-10-01T17:29:58.552073359+02:00,30580.361816
2019-10-01 09:25:16.351230248+02:00,1569914716351230248,1,bid,0.4699999999999988,84.83,84.85,84.36,1498.160973146,0,1498.160973146,quantile,0.99,0.4500000000000028,2019-10-01T09:00:18.190257102+02:00,2019-10-01T09:00:18.190257102+02:00,2019-10-01T17:29:58.552073359+02:00,30580.361816
2019-10-01 09:25:33.823185838+02:00,1569914733823185838,1,bid,0.4500000000000028,84.81,84.82,84.36,1515.632928736,0,1515.632928736,quantile,0.99,0.4500000000000028,2019-10-01T09:00:18.190257102+02:00,2019-10-01T09:00:18.190257102+02:00,2019-10-01T17:29:58.552073359+02:00,30580.361816
2019-10-01 09:25:33.824711489+02:00,1569914733824711489,1,bid,0.4599999999999937,84.8,84.81,84.34,1515.634454387,0,1515.634454387,quantile,0.99,0.4500000000000028,2019-10-01T09:00:18.190257102+02:00,2019-10-01T09:00:18.190257102+02:00,2019-10-01T17:29:58.552073359+02:00,30580.361816
2019-10-01 09:26:17.384530258+02:00,1569914777384530258,1,bid,0.730000000000004,84.79,84.81,84.06,1559.194273156,0,1559.194273156,quantile,0.99,0.4500000000000028,2019-10-01T09:00:18.190257102+02:00,2019-10-01T09:00:18.190257102+02:00,2019-10-01T17:29:58.552073359+02:00,30580.361816
2019-10-01 09:26:50.156604679+02:00,1569914810156604679,1,bid,0.6000000000000085,84.76,84.78,84.16,1591.966347577,0,1591.966347577,quantile,0.99,0.4500000000000028,2019-10-01T09:00:18.190257102+02:00,2019-10-01T09:00:18.190257102+02:00,2019-10-01T17:29:58.552073359+02:00,30580.361816
2019-10-01 09:26:50.161526178+02:00,1569914810161526178,1,bid,0.4500000000000028,84.75,84.76,84.3,1591.971269076,0,1591.971269076,quantile,0.99,0.4500000000000028,2019-10-01T09:00:18.190257102+02:00,2019-10-01T09:00:18.190257102+02:00,2019-10-01T17:29:58.552073359+02:00,30580.361816
2019-10-01 09:27:00.413940734+02:00,1569914820413940734,1,bid,0.4500000000000028,84.76,84.78,84.31,1602.223683632,0,1602.223683632,quantile,0.99,0.4500000000000028,2019-10-01T09:00:18.190257102+02:00,2019-10-01T09:00:18.190257102+02:00,2019-10-01T17:29:58.552073359+02:00,30580.361816
2019-10-01 09:27:20.235841476+02:00,1569914840235841476,1,bid,0.4500000000000028,84.77,84.82,84.32,1622.045584374,0,1622.045584374,quantile,0.99,0.4500000000000028,2019-10-01T09:00:18.190257102+02:00,2019-10-01T09:00:18.190257102+02:00,2019-10-01T17:29:58.552073359+02:00,30580.361816
2019-10-01 09:27:20.237182537+02:00,1569914840237182537,1,bid,0.4500000000000028,84.78,84.8,84.33,1622.046925435,0,1622.046925435,quantile,0.99,0.4500000000000028,2019-10-01T09:00:18.190257102+02:00,2019-10-01T09:00:18.190257102+02:00,2019-10-01T17:29:58.552073359+02:00,30580.361816
2019-10-01 09:27:41.455637507+02:00,1569914861455637507,1,bid,0.4500000000000028,84.81,84.82,84.36,1643.265380405,0,1643.265380405,quantile,0.99,0.4500000000000028,2019-10-01T09:00:18.190257102+02:00,2019-10-01T09:00:18.190257102+02:00,2019-10-01T17:29:58.552073359+02:00,30580.361816
2019-10-01 09:28:12.308506489+02:00,1569914892308506489,1,bid,0.4500000000000028,84.83,84.85,84.38,1674.118249387,0,1674.118249387,quantile,0.99,0.4500000000000028,2019-10-01T09:00:18.190257102+02:00,2019-10-01T09:00:18.190257102+02:00,2019-10-01T17:29:58.552073359+02:00,30580.361816
2019-10-01 09:28:31.168981468+02:00,1569914911168981468,1,bid,0.4500000000000028,84.84,84.86,84.39,1692.978724366,0,1692.978724366,quantile,0.99,0.4500000000000028,2019-10-01T09:00:18.190257102+02:00,2019-10-01T09:00:18.190257102+02:00,2019-10-01T17:29:58.552073359+02:00,30580.361816
2019-10-01 09:28:38.350805432+02:00,1569914918350805432,1,bid,0.4500000000000028,84.81,84.83,84.36,1700.16054833,0,1700.16054833,quantile,0.99,0.4500000000000028,2019-10-01T09:00:18.190257102+02:00,2019-10-01T09:00:18.190257102+02:00,2019-10-01T17:29:58.552073359+02:00,30580.361816
2019-10-01 09:28:51.266764418+02:00,1569914931266764418,1,bid,0.4500000000000028,84.79,84.82,84.34,1713.076507316,0,1713.076507316,quantile,0.99,0.4500000000000028,2019-10-01T09:00:18.190257102+02:00,2019-10-01T09:00:18.190257102+02:00,2019-10-01T17:29:58.552073359+02:00,30580.361816
2019-10-01 09:28:58.542327858+02:00,1569914938542327858,1,bid,0.4500000000000028,84.77,84.79,84.32,1720.352070756,0,1720.352070756,quantile,0.99,0.4500000000000028,2019-10-01T09:00:18.190257102+02:00,2019-10-01T09:00:18.190257102+02:00,2019-10-01T17:29:58.552073359+02:00,30580.361816
2019-10-01 09:29:43.451395186+02:00,1569914983451395186,1,bid,0.5700000000000074,84.76,84.78,84.19,1765.261138084,0,1765.261138084,quantile,0.99,0.4500000000000028,2019-10-01T09:00:18.190257102+02:00,2019-10-01T09:00:18.190257102+02:00,2019-10-01T17:29:58.552073359+02:00,30580.361816
2019-10-01 09:29:52.377713523+02:00,1569914992377713523,1,bid,0.4500000000000028,84.75,84.77,84.3,1774.187456421,0,1774.187456421,quantile,0.99,0.4500000000000028,2019-10-01T09:00:18.190257102+02:00,2019-10-01T09:00:18.190257102+02:00,2019-10-01T17:29:58.552073359+02:00,30580.361816
2019-10-01 09:30:09.781400987+02:00,1569915009781400987,1,bid,0.4599999999999937,84.74,84.75,84.28,1791.591143885,0,1791.591143885,quantile,0.99,0.4500000000000028,2019-10-01T09:00:18.190257102+02:00,2019-10-01T09:00:18.190257102+02:00,2019-10-01T17:29:58.552073359+02:00,30580.361816
2019-10-01 09:30:27.248914514+02:00,1569915027248914514,1,bid,0.4500000000000028,84.7,84.71,84.25,1809.058657412,0,1809.058657412,quantile,0.99,0.4500000000000028,2019-10-01T09:00:18.190257102+02:00,2019-10-01T09:00:18.190257102+02:00,2019-10-01T17:29:58.552073359+02:00,30580.361816
2019-10-01 09:30:27.324229097+02:00,1569915027324229097,1,bid,0.8400000000000034,84.69,84.7,83.85,1809.133971995,0,1809.133971995,quantile,0.99,0.4500000000000028,2019-10-01T09:00:18.190257102+02:00,2019-10-01T09:00:18.190257102+02:00,2019-10-01T17:29:58.552073359+02:00,30580.361816
2019-10-01 09:31:45.482316823+02:00,1569915105482316823,1,bid,2.3800000000000097,84.68,84.71,82.3,1887.292059721,0,1887.292059721,quantile,0.99,0.4500000000000028,2019-10-01T09:00:18.190257102+02:00,2019-10-01T09:00:18.190257102+02:00,2019-10-01T17:29:58.552073359+02:00,30580.361816
2019-10-01 09:31:57.141733374+02:00,1569915117141733374,1,bid,0.4500000000000028,84.67,84.69,84.22,1898.951476272,0,1898.951476272,quantile,0.99,0.4500000000000028,2019-10-01T09:00:18.190257102+02:00,2019-10-01T09:00:18.190257102+02:00,2019-10-01T17:29:58.552073359+02:00,30580.361816
2019-10-01 09:32:16.111874150+02:00,1569915136111874150,1,bid,0.4500000000000028,84.68,84.71,84.23,1917.921617048,0,1917.921617048,quantile,0.99,0.4500000000000028,2019-10-01T09:00:18.190257102+02:00,2019-10-01T09:00:18.190257102+02:00,2019-10-01T17:29:58.552073359+02:00,30580.361816
2019-10-01 09:33:08.220682873+02:00,1569915188220682873,1,bid,0.4500000000000028,84.67,84.69,84.22,1970.030425771,0,1970.030425771,quantile,0.99,0.4500000000000028,2019-10-01T09:00:18.190257102+02:00,2019-10-01T09:00:18.190257102+02:00,2019-10-01T17:29:58.552073359+02:00,30580.361816
2019-10-01 09:33:11.692139862+02:00,1569915191692139862,1,bid,4.070000000000007,84.67,84.69,80.6,1973.50188276,0,1973.50188276,quantile,0.99,0.4500000000000028,2019-10-01T09:00:18.190257102+02:00,2019-10-01T09:00:18.190257102+02:00,2019-10-01T17:29:58.552073359+02:00,30580.361816
2019-10-01 09:33:15.862617378+02:00,1569915195862617378,1,bid,0.6000000000000085,84.65,84.68,84.05,1977.672360276,0,1977.672360276,quantile,0.99,0.4500000000000028,2019-10-01T09:00:18.190257102+02:00,2019-10-01T09:00:18.190257102+02:00,2019-10-01T17:29:58.552073359+02:00,30580.361816
2019-10-01 09:33:28.079265801+02:00,1569915208079265801,1,bid,0.4500000000000028,84.65,84.68,84.2,1989.889008699,0,1989.889008699,quantile,0.99,0.4500000000000028,2019-10-01T09:00:18.190257102+02:00,2019-10-01T09:00:18.190257102+02:00,2019-10-01T17:29:58.552073359+02:00,30580.361816
2019-10-01 09:33:29.669135680+02:00,1569915209669135680,1,bid,0.4500000000000028,84.68,84.69,84.23,1991.478878578,0,1991.478878578,quantile,0.99,0.4500000000000028,2019-10-01T09:00:18.190257102+02:00,2019-10-01T09:00:18.190257102+02:00,2019-10-01T17:29:58.552073359+02:00,30580.361816
2019-10-01 09:34:09.900570044+02:00,1569915249900570044,1,bid,0.4500000000000028,84.69,84.71,84.24,2031.710312942,0,2031.710312942,quantile,0.99,0.4500000000000028,2019-10-01T09:00:18.190257102+02:00,2019-10-01T09:00:18.190257102+02:00,2019-10-01T17:29:58.552073359+02:00,30580.361816
2019-10-01 09:35:00.861229265+02:00,1569915300861229265,1,bid,0.4500000000000028,84.62,84.64,84.17,2082.670972163,0,2082.670972163,quantile,0.99,0.4500000000000028,2019-10-01T09:00:18.190257102+02:00,2019-10-01T09:00:18.190257102+02:00,2019-10-01T17:29:58.552073359+02:00,30580.361816
2019-10-01 09:35:01.048317349+02:00,1569915301048317349,1,bid,0.4699999999999988,84.62,84.64,84.15,2082.858060247,0,2082.858060247,quantile,0.99,0.4500000000000028,2019-10-01T09:00:18.190257102+02:00,2019-10-01T09:00:18.190257102+02:00,2019-10-01T17:29:58.552073359+02:00,30580.361816
2019-10-01 09:35:03.713754093+02:00,1569915303713754093,1,bid,0.4699999999999988,84.6,84.61,84.13,2085.523496991,0,2085.523496991,quantile,0.99,0.4500000000000028,2019-10-01T09:00:18.190257102+02:00,2019-10-01T09:00:18.190257102+02:00,2019-10-01T17:29:58.552073359+02:00,30580.361816
2019-10-01 09:35:15.029687089+02:00,1569915315029687089,1,bid,0.4699999999999988,84.59,84.61,84.12,2096.839429987,0,2096.839429987,quantile,0.99,0.4500000000000028,2019-10-01T09:00:18.190257102+02:00,2019-10-01T09:00:18.190257102+02:00,2019-10-01T17:29:58.552073359+02:00,30580.361816
2019-10-01 09:35:22.043450611+02:00,1569915322043450611,1,bid,0.4600000000000079,84.56,84.59,84.1,2103.853193509,0,2103.853193509,quantile,0.99,0.4500000000000028,2019-10-01T09:00:18.190257102+02:00,2019-10-01T09:00:18.190257102+02:00,2019-10-01T17:29:58.552073359+02:00,30580.361816
2019-10-01 09:35:31.239321217+02:00,1569915331239321217,1,bid,0.6000000000000085,84.54,84.56,83.94,2113.049064115,0,2113.049064115,quantile,0.99,0.4500000000000028,2019-10-01T09:00:18.190257102+02:00,2019-10-01T09:00:18.190257102+02:00,2019-10-01T17:29:58.552073359+02:00,30580.361816
2019-10-01 09:35:31.239873673+02:00,1569915331239873673,1,bid,0.4600000000000079,84.54,84.56,84.08,2113.049616571,0,2113.049616571,quantile,0.99,0.4500000000000028,2019-10-01T09:00:18.190257102+02:00,2019-10-01T09:00:18.190257102+02:00,2019-10-01T17:29:58.552073359+02:00,30580.361816
2019-10-01 09:35:45.760004400+02:00,1569915345760004400,1,bid,0.4699999999999988,84.53,84.55,84.06,2127.569747298,0,2127.569747298,quantile,0.99,0.4500000000000028,2019-10-01T09:00:18.190257102+02:00,2019-10-01T09:00:18.190257102+02:00,2019-10-01T17:29:58.552073359+02:00,30580.361816
2019-10-01 09:36:12.256850864+02:00,1569915372256850864,1,bid,0.4600000000000079,84.51,84.54,84.05,2154.066593762,0,2154.066593762,quantile,0.99,0.4500000000000028,2019-10-01T09:00:18.190257102+02:00,2019-10-01T09:00:18.190257102+02:00,2019-10-01T17:29:58.552073359+02:00,30580.361816
2019-10-01 09:36:50.439508457+02:00,1569915410439508457,1,bid,0.4599999999999937,84.52,84.54,84.06,2192.249251355,0,2192.249251355,quantile,0.99,0.4500000000000028,2019-10-01T09:00:18.190257102+02:00,2019-10-01T09:00:18.190257102+02:00,2019-10-01T17:29:58.552073359+02:00,30580.361816
2019-10-01 09:36:56.901105769+02:00,1569915416901105769,1,bid,0.4500000000000028,84.5,84.52,84.05,2198.710848667,0,2198.710848667,quantile,0.99,0.4500000000000028,2019-10-01T09:00:18.190257102+02:00,2019-10-01T09:00:18.190257102+02:00,2019-10-01T17:29:58.552073359+02:00,30580.361816
2019-10-01 09:37:25.802793901+02:00,1569915445802793901,1,bid,0.4500000000000028,84.51,84.53,84.06,2227.612536799,0,2227.612536799,quantile,0.99,0.4500000000000028,2019-10-01T09:00:18.190257102+02:00,2019-10-01T09:00:18.190257102+02:00,2019-10-01T17:29:58.552073359+02:00,30580.361816
2019-10-01 09:37:25.945263167+02:00,1569915445945263167,1,bid,0.7599999999999909,84.49,84.51,83.73,2227.755006065,0,2227.755006065,quantile,0.99,0.4500000000000028,2019-10-01T09:00:18.190257102+02:00,2019-10-01T09:00:18.190257102+02:00,2019-10-01T17:29:58.552073359+02:00,30580.361816
2019-10-01 09:39:57.802709547+02:00,1569915597802709547,1,bid,0.4500000000000028,84.53,84.54,84.08,2379.612452445,0,2379.612452445,quantile,0.99,0.4500000000000028,2019-10-01T09:00:18.190257102+02:00,2019-10-01T09:00:18.190257102+02:00,2019-10-01T17:29:58.552073359+02:00,30580.361816
2019-10-01 09:41:47.057161365+02:00,1569915707057161365,1,bid,0.6000000000000085,84.65,84.7,84.05,2488.866904263,0,2488.866904263,quantile,0.99,0.4500000000000028,2019-10-01T09:00:18.190257102+02:00,2019-10-01T09:00:18.190257102+02:00,2019-10-01T17:29:58.552073359+02:00,30580.361816
2019-10-01 09:41:47.057430487+02:00,1569915707057430487,1,bid,0.4500000000000028,84.66,84.7,84.21,2488.867173385,0,2488.867173385,quantile,0.99,0.4500000000000028,2019-10-01T09:00:18.190257102+02:00,2019-10-01T09:00:18.190257102+02:00,2019-10-01T17:29:58.552073359+02:00,30580.361816
2019-10-01 09:42:37.911700820+02:00,1569915757911700820,1,bid,0.4500000000000028,84.61,84.64,84.16,2539.721443718,0,2539.721443718,quantile,0.99,0.4500000000000028,2019-10-01T09:00:18.190257102+02:00,2019-10-01T09:00:18.190257102+02:00,2019-10-01T17:29:58.552073359+02:00,30580.361816
2019-10-01 09:43:45.002513275+02:00,1569915825002513275,1,bid,0.4500000000000028,84.66,84.67,84.21,2606.812256173,0,2606.812256173,quantile,0.99,0.4500000000000028,2019-10-01T09:00:18.190257102+02:00,2019-10-01T09:00:18.190257102+02:00,2019-10-01T17:29:58.552073359+02:00,30580.361816
2019-10-01 09:43:46.791923528+02:00,1569915826791923528,1,bid,0.4500000000000028,84.64,84.66,84.19,2608.601666426,0,2608.601666426,quantile,0.99,0.4500000000000028,2019-10-01T09:00:18.190257102+02:00,2019-10-01T09:00:18.190257102+02:00,2019-10-01T17:29:58.552073359+02:00,30580.361816
2019-10-01 09:43:59.125050315+02:00,1569915839125050315,1,bid,0.4500000000000028,84.61,84.64,84.16,2620.934793213,0,2620.934793213,quantile,0.99,0.4500000000000028,2019-10-01T09:00:18.190257102+02:00,2019-10-01T09:00:18.190257102+02:00,2019-10-01T17:29:58.552073359+02:00,30580.361816
2019-10-01 09:44:32.431990408+02:00,1569915872431990408,1,bid,0.4599999999999937,84.6,84.62,84.14,2654.241733306,0,2654.241733306,quantile,0.99,0.4500000000000028,2019-10-01T09:00:18.190257102+02:00,2019-10-01T09:00:18.190257102+02:00,2019-10-01T17:29:58.552073359+02:00,30580.361816
2019-10-01 09:45:13.378844373+02:00,1569915913378844373,1,bid,0.4500000000000028,84.66,84.67,84.21,2695.188587271,0,2695.188587271,quantile,0.99,0.4500000000000028,2019-10-01T09:00:18.190257102+02:00,2019-10-01T09:00:18.190257102+02:00,2019-10-01T17:29:58.552073359+02:00,30580.361816
2019-10-01 09:45:24.026531066+02:00,1569915924026531066,1,bid,0.4600000000000079,84.65,84.67,84.19,2705.836273964,0,2705.836273964,quantile,0.99,0.4500000000000028,2019-10-01T09:00:18.190257102+02:00,2019-10-01T09:00:18.190257102+02:00,2019-10-01T17:29:58.552073359+02:00,30580.361816
2019-10-01 09:45:38.000297741+02:00,1569915938000297741,1,bid,0.8100000000000023,84.63,84.67,83.82,2719.810040639,0,2719.810040639,quantile,0.99,0.4500000000000028,2019-10-01T09:00:18.190257102+02:00,2019-10-01T09:00:18.190257102+02:00,2019-10-01T17:29:58.552073359+02:00,30580.361816
2019-10-01 09:45:44.620037656+02:00,1569915944620037656,1,bid,0.4500000000000028,84.62,84.64,84.17,2726.429780554,0,2726.429780554,quantile,0.99,0.4500000000000028,2019-10-01T09:00:18.190257102+02:00,2019-10-01T09:00:18.190257102+02:00,2019-10-01T17:29:58.552073359+02:00,30580.361816
2019-10-01 09:45:51.328503658+02:00,1569915951328503658,1,bid,0.4500000000000028,84.59,84.61,84.14,2733.138246556,0,2733.138246556,quantile,0.99,0.4500000000000028,2019-10-01T09:00:18.190257102+02:00,2019-10-01T09:00:18.190257102+02:00,2019-10-01T17:29:58.552073359+02:00,30580.361816
2019-10-01 09:46:14.952711954+02:00,1569915974952711954,1,bid,0.4500000000000028,84.55,84.57,84.1,2756.762454852,0,2756.762454852,quantile,0.99,0.4500000000000028,2019-10-01T09:00:18.190257102+02:00,2019-10-01T09:00:18.190257102+02:00,2019-10-01T17:29:58.552073359+02:00,30580.361816
2019-10-01 09:46:16.906118765+02:00,1569915976906118765,1,bid,0.6000000000000085,84.54,84.56,83.94,2758.715861663,0,2758.715861663,quantile,0.99,0.4500000000000028,2019-10-01T09:00:18.190257102+02:00,2019-10-01T09:00:18.190257102+02:00,2019-10-01T17:29:58.552073359+02:00,30580.361816
2019-10-01 09:46:26.361050835+02:00,1569915986361050835,1,bid,0.4500000000000028,84.53,84.56,84.08,2768.170793733,0,2768.170793733,quantile,0.99,0.4500000000000028,2019-10-01T09:00:18.190257102+02:00,2019-10-01T09:00:18.190257102+02:00,2019-10-01T17:29:58.552073359+02:00,30580.361816
2019-10-01 09:46:49.541500022+02:00,1569916009541500022,1,bid,4.469999999999999,84.57,84.6,80.1,2791.35124292,0,2791.35124292,quantile,0.99,0.4500000000000028,2019-10-01T09:00:18.190257102+02:00,2019-10-01T09:00:18.190257102+02:00,2019-10-01T17:29:58.552073359+02:00,30580.361816
2019-10-01 09:48:13.022016863+02:00,1569916093022016863,1,bid,0.4500000000000028,84.59,84.63,84.14,2874.831759761,0,2874.831759761,quantile,0.99,0.4500000000000028,2019-10-01T09:00:18.190257102+02:00,2019-10-01T09:00:18.190257102+02:00,2019-10-01T17:29:58.552073359+02:00,30580.361816
2019-10-01 09:48:27.012758158+02:00,1569916107012758158,1,bid,0.6000000000000085,84.65,84.67,84.05,2888.822501056,0,2888.822501056,quantile,0.99,0.4500000000000028,2019-10-01T09:00:18.190257102+02:00,2019-10-01T09:00:18.190257102+02:00,2019-10-01T17:29:58.552073359+02:00,30580.361816
2019-10-01 09:48:27.013477625+02:00,1569916107013477625,1,bid,0.4500000000000028,84.65,84.67,84.2,2888.823220523,0,2888.823220523,quantile,0.99,0.4500000000000028,2019-10-01T09:00:18.190257102+02:00,2019-10-01T09:00:18.190257102+02:00,2019-10-01T17:29:58.552073359+02:00,30580.361816
2019-10-01 09:48:27.155334814+02:00,1569916107155334814,1,bid,0.4599999999999937,84.63,84.65,84.17,2888.965077712,0,2888.965077712,quantile,0.99,0.4500000000000028,2019-10-01T09:00:18.190257102+02:00,2019-10-01T09:00:18.190257102+02:00,2019-10-01T17:29:58.552073359+02:00,30580.361816
2019-10-01 09:48:36.057930930+02:00,1569916116057930930,1,bid,0.4599999999999937,84.63,84.65,84.17,2897.867673828,0,2897.867673828,quantile,0.99,0.4500000000000028,2019-10-01T09:00:18.190257102+02:00,2019-10-01T09:00:18.190257102+02:00,2019-10-01T17:29:58.552073359+02:00,30580.361816
2019-10-01 09:49:47.602739716+02:00,1569916187602739716,1,bid,0.4599999999999937,84.61,84.62,84.15,2969.412482614,0,2969.412482614,quantile,0.99,0.4500000000000028,2019-10-01T09:00:18.190257102+02:00,2019-10-01T09:00:18.190257102+02:00,2019-10-01T17:29:58.552073359+02:00,30580.361816
2019-10-01 09:49:47.910690260+02:00,1569916187910690260,1,bid,0.4500000000000028,84.58,84.61,84.13,2969.720433158,0,2969.720433158,quantile,0.99,0.4500000000000028,2019-10-01T09:00:18.190257102+02:00,2019-10-01T09:00:18.190257102+02:00,2019-10-01T17:29:58.552073359+02:00,30580.361816
2019-10-01 09:49:54.928157864+02:00,1569916194928157864,1,bid,0.4500000000000028,84.61,84.62,84.16,2976.737900762,0,2976.737900762,quantile,0.99,0.4500000000000028,2019-10-01T09:00:18.190257102+02:00,2019-10-01T09:00:18.190257102+02:00,2019-10-01T17:29:58.552073359+02:00,30580.361816
2019-10-01 09:50:00.032288446+02:00,1569916200032288446,1,bid,0.4500000000000028,84.58,84.62,84.13,2981.842031344,0,2981.842031344,quantile,0.99,0.4500000000000028,2019-10-01T09:00:18.190257102+02:00,2019-10-01T09:00:18.190257102+02:00,2019-10-01T17:29:58.552073359+02:00,30580.361816
2019-10-01 09:50:10.132018552+02:00,1569916210132018552,1,bid,0.8199999999999932,84.58,84.6,83.76,2991.94176145,0,2991.94176145,quantile,0.99,0.4500000000000028,2019-10-01T09:00:18.190257102+02:00,2019-10-01T09:00:18.190257102+02:00,2019-10-01T17:29:58.552073359+02:00,30580.361816
2019-10-01 09:50:15.480227946+02:00,1569916215480227946,1,bid,0.4599999999999937,84.57,84.6,84.11,2997.289970844,0,2997.289970844,quantile,0.99,0.4500000000000028,2019-10-01T09:00:18.190257102+02:00,2019-10-01T09:00:18.190257102+02:00,2019-10-01T17:29:58.552073359+02:00,30580.361816
2019-10-01 09:50:44.700745964+02:00,1569916244700745964,1,bid,0.4599999999999937,84.58,84.6,84.12,3026.510488862,0,3026.510488862,quantile,0.99,0.4500000000000028,2019-10-01T09:00:18.190257102+02:00,2019-10-01T09:00:18.190257102+02:00,2019-10-01T17:29:58.552073359+02:00,30580.361816
2019-10-01 09:51:46.139760187+02:00,1569916306139760187,1,bid,0.4500000000000028,84.67,84.69,84.22,3087.949503085,0,3087.949503085,quantile,0.99,0.4500000000000028,2019-10-01T09:00:18.190257102+02:00,2019-10-01T09:00:18.190257102+02:00,2019-10-01T17:29:58.552073359+02:00,30580.361816
2019-10-01 09:51:48.007138967+02:00,1569916308007138967,1,bid,0.4599999999999937,84.66,84.69,84.2,3089.816881865,0,3089.816881865,quantile,0.99,0.4500000000000028,2019-10-01T09:00:18.190257102+02:00,2019-10-01T09:00:18.190257102+02:00,2019-10-01T17:29:58.552073359+02:00,30580.361816
2019-10-01 09:52:00.948892288+02:00,1569916320948892288,1,bid,0.4500000000000028,84.68,84.7,84.23,3102.758635186,0,3102.758635186,quantile,0.99,0.4500000000000028,2019-10-01T09:00:18.190257102+02:00,2019-10-01T09:00:18.190257102+02:00,2019-10-01T17:29:58.552073359+02:00,30580.361816
2019-10-01 09:52:02.955325801+02:00,1569916322955325801,1,bid,0.4500000000000028,84.66,84.69,84.21,3104.765068699,0,3104.765068699,quantile,0.99,0.4500000000000028,2019-10-01T09:00:18.190257102+02:00,2019-10-01T09:00:18.190257102+02:00,2019-10-01T17:29:58.552073359+02:00,30580.361816
2019-10-01 09:52:11.496604675+02:00,1569916331496604675,1,bid,9.680000000000009,84.68,84.7,75.0,3113.306347573,0,3113.306347573,quantile,0.99,0.4500000000000028,2019-10-01T09:00:18.190257102+02:00,2019-10-01T09:00:18.190257102+02:00,2019-10-01T17:29:58.552073359+02:00,30580.361816
2019-10-01 09:52:24.392910925+02:00,1569916344392910925,1,bid,0.4500000000000028,84.7,84.72,84.25,3126.202653823,0,3126.202653823,quantile,0.99,0.4500000000000028,2019-10-01T09:00:18.190257102+02:00,2019-10-01T09:00:18.190257102+02:00,2019-10-01T17:29:58.552073359+02:00,30580.361816
2019-10-01 09:52:33.910171131+02:00,1569916353910171131,1,bid,0.4500000000000028,84.73,84.75,84.28,3135.719914029,0,3135.719914029,quantile,0.99,0.4500000000000028,2019-10-01T09:00:18.190257102+02:00,2019-10-01T09:00:18.190257102+02:00,2019-10-01T17:29:58.552073359+02:00,30580.361816
2019-10-01 09:52:41.903666963+02:00,1569916361903666963,1,bid,0.4599999999999937,84.72,84.74,84.26,3143.713409861,0,3143.713409861,quantile,0.99,0.4500000000000028,2019-10-01T09:00:18.190257102+02:00,2019-10-01T09:00:18.190257102+02:00,2019-10-01T17:29:58.552073359+02:00,30580.361816
2019-10-01 09:53:30.099398106+02:00,1569916410099398106,1,bid,0.4500000000000028,84.77,84.79,84.32,3191.909141004,0,3191.909141004,quantile,0.99,0.4500000000000028,2019-10-01T09:00:18.190257102+02:00,2019-10-01T09:00:18.190257102+02:00,2019-10-01T17:29:58.552073359+02:00,30580.361816
2019-10-01 09:53:50.145883490+02:00,1569916430145883490,1,bid,0.4600000000000079,84.78,84.8,84.32,3211.955626388,0,3211.955626388,quantile,0.99,0.4500000000000028,2019-10-01T09:00:18.190257102+02:00,2019-10-01T09:00:18.190257102+02:00,2019-10-01T17:29:58.552073359+02:00,30580.361816
2019-10-01 09:53:51.862350356+02:00,1569916431862350356,1,bid,0.4600000000000079,84.76,84.8,84.3,3213.672093254,0,3213.672093254,quantile,0.99,0.4500000000000028,2019-10-01T09:00:18.190257102+02:00,2019-10-01T09:00:18.190257102+02:00,2019-10-01T17:29:58.552073359+02:00,30580.361816
2019-10-01 09:54:10.421473673+02:00,1569916450421473673,1,bid,0.4600000000000079,84.76,84.79,84.3,3232.231216571,0,3232.231216571,quantile,0.99,0.4500000000000028,2019-10-01T09:00:18.190257102+02:00,2019-10-01T09:00:18.190257102+02:00,2019-10-01T17:29:58.552073359+02:00,30580.361816
2019-10-01 09:54:10.691675666+02:00,1569916450691675666,1,bid,0.4500000000000028,84.75,84.77,84.3,3232.501418564,0,3232.501418564,quantile,0.99,0.4500000000000028,2019-10-01T09:00:18.190257102+02:00,2019-10-01T09:00:18.190257102+02:00,2019-10-01T17:29:58.552073359+02:00,30580.361816
2019-10-01 09:54:10.721098495+02:00,1569916450721098495,1,bid,0.4500000000000028,84.76,84.78,84.31,3232.530841393,0,3232.530841393,quantile,0.99,0.4500000000000028,2019-10-01T09:00:18.190257102+02:00,2019-10-01T09:00:18.190257102+02:00,2019-10-01T17:29:58.552073359+02:00,30580.361816
2019-10-01 09:54:55.012038068+02:00,1569916495012038068,1,bid,0.4500000000000028,84.83,84.84,84.38,3276.821780966,0,3276.821780966,quantile,0.99,0.4500000000000028,2019-10-01T09:00:18.190257102+02:00,2019-10-01T09:00:18.190257102+02:00,2019-10-01T17:29:58.552073359+02:00,30580.361816
2019-10-01 09:54:55.180861803+02:00,1569916495180861803,1,bid,0.7600000000000051,84.84,84.86,84.08,3276.990604701,0,3276.990604701,quantile,0.99,0.4500000000000028,2019-10-01T09:00:18.190257102+02:00,2019-10-01T09:00:18.190257102+02:00,2019-10-01T17:29:58.552073359+02:00,30580.361816
2019-10-01 09:55:42.442103523+02:00,1569916542442103523,1,bid,0.4599999999999937,84.85,84.87,84.39,3324.251846421,0,3324.251846421,quantile,0.99,0.4500000000000028,2019-10-01T09:00:18.190257102+02:00,2019-10-01T09:00:18.190257102+02:00,2019-10-01T17:29:58.552073359+02:00,30580.361816
2019-10-01 09:55:50.210265600+02:00,1569916550210265600,1,bid,0.8199999999999932,84.83,84.85,84.01,3332.020008498,0,3332.020008498,quantile,0.99,0.4500000000000028,2019-10-01T09:00:18.190257102+02:00,2019-10-01T09:00:18.190257102+02:00,2019-10-01T17:29:58.552073359+02:00,30580.361816
2019-10-01 09:56:04.014702451+02:00,1569916564014702451,1,bid,0.4500000000000028,84.8,84.82,84.35,3345.824445349,0,3345.824445349,quantile,0.99,0.4500000000000028,2019-10-01T09:00:18.190257102+02:00,2019-10-01T09:00:18.190257102+02:00,2019-10-01T17:29:58.552073359+02:00,30580.361816
2019-10-01 09:56:30.644682088+02:00,1569916590644682088,1,bid,0.4500000000000028,84.84,84.86,84.39,3372.454424986,0,3372.454424986,quantile,0.99,0.4500000000000028,2019-10-01T09:00:18.190257102+02:00,2019-10-01T09:00:18.190257102+02:00,2019-10-01T17:29:58.552073359+02:00,30580.361816
2019-10-01 09:57:00.573431851+02:00,1569916620573431851,1,bid,0.6000000000000085,84.87,84.89,84.27,3402.383174749,0,3402.383174749,quantile,0.99,0.4500000000000028,2019-10-01T09:00:18.190257102+02:00,2019-10-01T09:00:18.190257102+02:00,2019-10-01T17:29:58.552073359+02:00,30580.361816
2019-10-01 09:57:07.397241509+02:00,1569916627397241509,1,bid,0.8200000000000074,84.9,84.93,84.08,3409.206984407,0,3409.206984407,quantile,0.99,0.4500000000000028,2019-10-01T09:00:18.190257102+02:00,2019-10-01T09:00:18.190257102+02:00,2019-10-01T17:29:58.552073359+02:00,30580.361816
2019-10-01 09:57:31.239878006+02:00,1569916651239878006,1,bid,0.4500000000000028,84.91,84.93,84.46,3433.049620904,0,3433.049620904,quantile,0.99,0.4500000000000028,2019-10-01T09:00:18.190257102+02:00,2019-10-01T09:00:18.190257102+02:00,2019-10-01T17:29:58.552073359+02:00,30580.361816
2019-10-01 09:57:48.593272891+02:00,1569916668593272891,1,bid,0.4500000000000028,84.89,84.91,84.44,3450.403015789,0,3450.403015789,quantile,0.99,0.4500000000000028,2019-10-01T09:00:18.190257102+02:00,2019-10-01T09:00:18.190257102+02:00,2019-10-01T17:29:58.552073359+02:00,30580.361816
2019-10-01 09:57:49.713458575+02:00,1569916669713458575,1,bid,0.4599999999999937,84.88,84.9,84.42,3451.523201473,0,3451.523201473,quantile,0.99,0.4500000000000028,2019-10-01T09:00:18.190257102+02:00,2019-10-01T09:00:18.190257102+02:00,2019-10-01T17:29:58.552073359+02:00,30580.361816
2019-10-01 09:58:02.163351928+02:00,1569916682163351928,1,bid,0.7299999999999898,84.88,84.9,84.15,3463.973094826,0,3463.973094826,quantile,0.99,0.4500000000000028,2019-10-01T09:00:18.190257102+02:00,2019-10-01T09:00:18.190257102+02:00,2019-10-01T17:29:58.552073359+02:00,30580.361816
2019-10-01 09:58:03.097576348+02:00,1569916683097576348,1,bid,1.5799999999999983,84.88,84.9,83.3,3464.907319246,0,3464.907319246,quantile,0.99,0.4500000000000028,2019-10-01T09:00:18.190257102+02:00,2019-10-01T09:00:18.190257102+02:00,2019-10-01T17:29:58.552073359+02:00,30580.361816
2019-10-01 09:58:10.638875672+02:00,1569916690638875672,1,bid,0.4500000000000028,84.9,84.91,84.45,3472.44861857,0,3472.44861857,quantile,0.99,0.4500000000000028,2019-10-01T09:00:18.190257102+02:00,2019-10-01T09:00:18.190257102+02:00,2019-10-01T17:29:58.552073359+02:00,30580.361816
2019-10-01 09:58:16.451530910+02:00,1569916696451530910,1,bid,0.4500000000000028,84.93,84.95,84.48,3478.261273808,0,3478.261273808,quantile,0.99,0.4500000000000028,2019-10-01T09:00:18.190257102+02:00,2019-10-01T09:00:18.190257102+02:00,2019-10-01T17:29:58.552073359+02:00,30580.361816
2019-10-01 09:58:16.734238997+02:00,1569916696734238997,1,bid,0.4599999999999937,84.91,84.92,84.45,3478.543981895,0,3478.543981895,quantile,0.99,0.4500000000000028,2019-10-01T09:00:18.190257102+02:00,2019-10-01T09:00:18.190257102+02:00,2019-10-01T17:29:58.552073359+02:00,30580.361816
2019-10-01 09:58:51.101352355+02:00,1569916731101352355,1,bid,0.4500000000000028,84.87,84.89,84.42,3512.911095253,0,3512.911095253,quantile,0.99,0.4500000000000028,2019-10-01T09:00:18.190257102+02:00,2019-10-01T09:00:18.190257102+02:00,2019-10-01T17:29:58.552073359+02:00,30580.361816
2019-10-01 09:59:37.098180346+02:00,1569916777098180346,1,bid,0.4599999999999937,84.89,84.92,84.43,3558.907923244,0,3558.907923244,quantile,0.99,0.4500000000000028,2019-10-01T09:00:18.190257102+02:00,2019-10-01T09:00:18.190257102+02:00,2019-10-01T17:29:58.552073359+02:00,30580.361816
2019-10-01 10:00:05.250672076+02:00,1569916805250672076,1,bid,0.8299999999999983,84.88,84.9,84.05,3587.060414974,0,3587.060414974,quantile,0.99,0.4500000000000028,2019-10-01T09:00:18.190257102+02:00,2019-10-01T09:00:18.190257102+02:00,2019-10-01T17:29:58.552073359+02:00,30580.361816
2019-10-01 10:00:24.516321817+02:00,1569916824516321817,1,bid,0.4600000000000079,84.87,84.89,84.41,3606.326064715,0,3606.326064715,quantile,0.99,0.4500000000000028,2019-10-01T09:00:18.190257102+02:00,2019-10-01T09:00:18.190257102+02:00,2019-10-01T17:29:58.552073359+02:00,30580.361816
2019-10-01 10:00:49.148350234+02:00,1569916849148350234,1,bid,0.4600000000000079,84.81,84.82,84.35,3630.958093132,0,3630.958093132,quantile,0.99,0.4500000000000028,2019-10-01T09:00:18.190257102+02:00,2019-10-01T09:00:18.190257102+02:00,2019-10-01T17:29:58.552073359+02:00,30580.361816
2019-10-01 10:01:32.594529415+02:00,1569916892594529415,1,bid,0.4500000000000028,84.7,84.72,84.25,3674.404272313,0,3674.404272313,quantile,0.99,0.4500000000000028,2019-10-01T09:00:18.190257102+02:00,2019-10-01T09:00:18.190257102+02:00,2019-10-01T17:29:58.552073359+02:00,30580.361816
2019-10-01 10:02:00.385885967+02:00,1569916920385885967,1,bid,0.5999999999999943,84.69,84.71,84.09,3702.195628865,0,3702.195628865,quantile,0.99,0.4500000000000028,2019-10-01T09:00:18.190257102+02:00,2019-10-01T09:00:18.190257102+02:00,2019-10-01T17:29:58.552073359+02:00,30580.361816
2019-10-01 10:02:02.081979876+02:00,1569916922081979876,1,bid,0.4500000000000028,84.68,84.71,84.23,3703.891722774,0,3703.891722774,quantile,0.99,0.4500000000000028,2019-10-01T09:00:18.190257102+02:00,2019-10-01T09:00:18.190257102+02:00,2019-10-01T17:29:58.552073359+02:00,30580.361816
2019-10-01 10:02:07.295068487+02:00,1569916927295068487,1,bid,0.8200000000000074,84.67,84.7,83.85,3709.104811385,0,3709.104811385,quantile,0.99,0.4500000000000028,2019-10-01T09:00:18.190257102+02:00,2019-10-01T09:00:18.190257102+02:00,2019-10-01T17:29:58.552073359+02:00,30580.361816
2019-10-01 10:02:17.180042688+02:00,1569916937180042688,1,bid,0.4500000000000028,84.66,84.68,84.21,3718.989785586,0,3718.989785586,quantile,0.99,0.4500000000000028,2019-10-01T09:00:18.190257102+02:00,2019-10-01T09:00:18.190257102+02:00,2019-10-01T17:29:58.552073359+02:00,30580.361816
2019-10-01 10:02:19.916955999+02:00,1569916939916955999,1,bid,0.4500000000000028,84.62,84.65,84.17,3721.726698897,0,3721.726698897,quantile,0.99,0.4500000000000028,2019-10-01T09:00:18.190257102+02:00,2019-10-01T09:00:18.190257102+02:00,2019-10-01T17:29:58.552073359+02:00,30580.361816
2019-10-01 10:02:20.052829547+02:00,1569916940052829547,1,bid,0.4599999999999937,84.61,84.63,84.15,3721.862572445,0,3721.862572445,quantile,0.99,0.4500000000000028,2019-10-01T09:00:18.190257102+02:00,2019-10-01T09:00:18.190257102+02:00,2019-10-01T17:29:58.552073359+02:00,30580.361816
2019-10-01 10:02:21.183769649+02:00,1569916941183769649,1,bid,0.4500000000000028,84.62,84.65,84.17,3722.993512547,0,3722.993512547,quantile,0.99,0.4500000000000028,2019-10-01T09:00:18.190257102+02:00,2019-10-01T09:00:18.190257102+02:00,2019-10-01T17:29:58.552073359+02:00,30580.361816
2019-10-01 10:02:21.185015186+02:00,1569916941185015186,1,bid,0.4699999999999988,84.62,84.63,84.15,3722.994758084,0,3722.994758084,quantile,0.99,0.4500000000000028,2019-10-01T09:00:18.190257102+02:00,2019-10-01T09:00:18.190257102+02:00,2019-10-01T17:29:58.552073359+02:00,30580.361816
2019-10-01 10:02:39.593992123+02:00,1569916959593992123,1,bid,0.4500000000000028,84.66,84.68,84.21,3741.403735021,0,3741.403735021,quantile,0.99,0.4500000000000028,2019-10-01T09:00:18.190257102+02:00,2019-10-01T09:00:18.190257102+02:00,2019-10-01T17:29:58.552073359+02:00,30580.361816
2019-10-01 10:03:26.273864715+02:00,1569917006273864715,1,bid,0.4500000000000028,84.66,84.68,84.21,3788.083607613,0,3788.083607613,quantile,0.99,0.4500000000000028,2019-10-01T09:00:18.190257102+02:00,2019-10-01T09:00:18.190257102+02:00,2019-10-01T17:29:58.552073359+02:00,30580.361816
2019-10-01 10:03:36.253288489+02:00,1569917016253288489,1,bid,0.4600000000000079,84.67,84.69,84.21,3798.063031387,0,3798.063031387,quantile,0.99,0.4500000000000028,2019-10-01T09:00:18.190257102+02:00,2019-10-01T09:00:18.190257102+02:00,2019-10-01T17:29:58.552073359+02:00,30580.361816
2019-10-01 10:03:36.359573356+02:00,1569917016359573356,1,bid,0.4500000000000028,84.64,84.67,84.19,3798.169316254,0,3798.169316254,quantile,0.99,0.4500000000000028,2019-10-01T09:00:18.190257102+02:00,2019-10-01T09:00:18.190257102+02:00,2019-10-01T17:29:58.552073359+02:00,30580.361816
2019-10-01 10:05:11.568239976+02:00,1569917111568239976,1,bid,0.4599999999999937,84.61,84.64,84.15,3893.377982874,0,3893.377982874,quantile,0.99,0.4500000000000028,2019-10-01T09:00:18.190257102+02:00,2019-10-01T09:00:18.190257102+02:00,2019-10-01T17:29:58.552073359+02:00,30580.361816
2019-10-01 10:05:29.715762298+02:00,1569917129715762298,1,bid,0.4600000000000079,84.59,84.6,84.13,3911.525505196,0,3911.525505196,quantile,0.99,0.4500000000000028,2019-10-01T09:00:18.190257102+02:00,2019-10-01T09:00:18.190257102+02:00,2019-10-01T17:29:58.552073359+02:00,30580.361816
2019-10-01 10:05:29.716099602+02:00,1569917129716099602,1,bid,0.5999999999999943,84.58,84.6,83.98,3911.5258425,0,3911.5258425,quantile,0.99,0.4500000000000028,2019-10-01T09:00:18.190257102+02:00,2019-10-01T09:00:18.190257102+02:00,2019-10-01T17:29:58.552073359+02:00,30580.361816
2019-10-01 10:05:45.091403981+02:00,1569917145091403981,1,bid,0.4500000000000028,84.59,84.6,84.14,3926.901146879,0,3926.901146879,quantile,0.99,0.4500000000000028,2019-10-01T09:00:18.190257102+02:00,2019-10-01T09:00:18.190257102+02:00,2019-10-01T17:29:58.552073359+02:00,30580.361816
2019-10-01 10:05:48.631285589+02:00,1569917148631285589,1,bid,0.8400000000000034,84.56,84.57,83.72,3930.441028487,0,3930.441028487,quantile,0.99,0.4500000000000028,2019-10-01T09:00:18.190257102+02:00,2019-10-01T09:00:18.190257102+02:00,2019-10-01T17:29:58.552073359+02:00,30580.361816
2019-10-01 10:06:03.472203604+02:00,1569917163472203604,1,bid,0.4500000000000028,84.58,84.61,84.13,3945.281946502,0,3945.281946502,quantile,0.99,0.4500000000000028,2019-10-01T09:00:18.190257102+02:00,2019-10-01T09:00:18.190257102+02:00,2019-10-01T17:29:58.552073359+02:00,30580.361816
2019-10-01 10:07:33.760044445+02:00,1569917253760044445,1,bid,0.4600000000000079,84.56,84.58,84.1,4035.569787343,0,4035.569787343,quantile,0.99,0.4500000000000028,2019-10-01T09:00:18.190257102+02:00,2019-10-01T09:00:18.190257102+02:00,2019-10-01T17:29:58.552073359+02:00,30580.361816
2019-10-01 10:07:49.915068803+02:00,1569917269915068803,1,bid,0.4500000000000028,84.52,84.54,84.07,4051.724811701,0,4051.724811701,quantile,0.99,0.4500000000000028,2019-10-01T09:00:18.190257102+02:00,2019-10-01T09:00:18.190257102+02:00,2019-10-01T17:29:58.552073359+02:00,30580.361816
2019-10-01 10:08:00.018145417+02:00,1569917280018145417,1,bid,0.4500000000000028,84.52,84.54,84.07,4061.827888315,0,4061.827888315,quantile,0.99,0.4500000000000028,2019-10-01T09:00:18.190257102+02:00,2019-10-01T09:00:18.190257102+02:00,2019-10-01T17:29:58.552073359+02:00,30580.361816
2019-10-01 10:08:06.378765432+02:00,1569917286378765432,1,bid,0.4599999999999937,84.49,84.52,84.03,4068.18850833,0,4068.18850833,quantile,0.99,0.4500000000000028,2019-10-01T09:00:18.190257102+02:00,2019-10-01T09:00:18.190257102+02:00,2019-10-01T17:29:58.552073359+02:00,30580.361816
2019-10-01 10:08:06.381373320+02:00,1569917286381373320,1,bid,0.5999999999999943,84.47,84.5,83.87,4068.191116218,0,4068.191116218,quantile,0.99,0.4500000000000028,2019-10-01T09:00:18.190257102+02:00,2019-10-01T09:00:18.190257102+02:00,2019-10-01T17:29:58.552073359+02:00,30580.361816
2019-10-01 10:08:12.501858873+02:00,1569917292501858873,1,bid,0.4500000000000028,84.51,84.54,84.06,4074.311601771,0,4074.311601771,quantile,0.99,0.4500000000000028,2019-10-01T09:00:18.190257102+02:00,2019-10-01T09:00:18.190257102+02:00,2019-10-01T17:29:58.552073359+02:00,30580.361816
2019-10-01 10:09:02.595230294+02:00,1569917342595230294,1,bid,0.4599999999999937,84.44,84.46,83.98,4124.404973192,0,4124.404973192,quantile,0.99,0.4500000000000028,2019-10-01T09:00:18.190257102+02:00,2019-10-01T09:00:18.190257102+02:00,2019-10-01T17:29:58.552073359+02:00,30580.361816
2019-10-01 10:09:08.717153+02:00,1569917348717153000,1,bid,0.4500000000000028,84.47,84.5,84.02,4130.526895898,0,4130.526895898,quantile,0.99,0.4500000000000028,2019-10-01T09:00:18.190257102+02:00,2019-10-01T09:00:18.190257102+02:00,2019-10-01T17:29:58.552073359+02:00,30580.361816
2019-10-01 10:10:19.006046574+02:00,1569917419006046574,1,bid,0.4500000000000028,84.45,84.47,84.0,4200.815789472,0,4200.815789472,quantile,0.99,0.4500000000000028,2019-10-01T09:00:18.190257102+02:00,2019-10-01T09:00:18.190257102+02:00,2019-10-01T17:29:58.552073359+02:00,30580.361816
2019-10-01 10:10:55.515971745+02:00,1569917455515971745,1,bid,0.4500000000000028,84.51,84.52,84.06,4237.325714643,0,4237.325714643,quantile,0.99,0.4500000000000028,2019-10-01T09:00:18.190257102+02:00,2019-10-01T09:00:18.190257102+02:00,2019-10-01T17:29:58.552073359+02:00,30580.361816
2019-10-01 10:10:58.475045681+02:00,1569917458475045681,1,bid,0.4600000000000079,84.48,84.5,84.02,4240.284788579,0,4240.284788579,quantile,0.99,0.4500000000000028,2019-10-01T09:00:18.190257102+02:00,2019-10-01T09:00:18.190257102+02:00,2019-10-01T17:29:58.552073359+02:00,30580.361816
2019-10-01 10:11:00.127414925+02:00,1569917460127414925,1,bid,0.4599999999999937,84.5,84.51,84.04,4241.937157823,0,4241.937157823,quantile,0.99,0.4500000000000028,2019-10-01T09:00:18.190257102+02:00,2019-10-01T09:00:18.190257102+02:00,2019-10-01T17:29:58.552073359+02:00,30580.361816
2019-10-01 10:11:16.250742882+02:00,1569917476250742882,1,bid,0.4500000000000028,84.53,84.55,84.08,4258.06048578,0,4258.06048578,quantile,0.99,0.4500000000000028,2019-10-01T09:00:18.190257102+02:00,2019-10-01T09:00:18.190257102+02:00,2019-10-01T17:29:58.552073359+02:00,30580.361816
2019-10-01 10:11:58.552578943+02:00,1569917518552578943,1,bid,0.4500000000000028,84.54,84.56,84.09,4300.362321841,0,4300.362321841,quantile,0.99,0.4500000000000028,2019-10-01T09:00:18.190257102+02:00,2019-10-01T09:00:18.190257102+02:00,2019-10-01T17:29:58.552073359+02:00,30580.361816
2019-10-01 10:12:09.283543115+02:00,1569917529283543115,1,bid,0.5899999999999892,84.57,84.59,83.98,4311.093286013,0,4311.093286013,quantile,0.99,0.4500000000000028,2019-10-01T09:00:18.190257102+02:00,2019-10-01T09:00:18.190257102+02:00,2019-10-01T17:29:58.552073359+02:00,30580.361816
2019-10-01 10:13:58.807294673+02:00,1569917638807294673,1,bid,1.7299999999999898,84.63,84.65,82.9,4420.617037571,0,4420.617037571,quantile,0.99,0.4500000000000028,2019-10-01T09:00:18.190257102+02:00,2019-10-01T09:00:18.190257102+02:00,2019-10-01T17:29:58.552073359+02:00,30580.361816
2019-10-01 10:14:03.428375298+02:00,1569917643428375298,1,bid,0.4500000000000028,84.61,84.63,84.16,4425.238118196,0,4425.238118196,quantile,0.99,0.4500000000000028,2019-10-01T09:00:18.190257102+02:00,2019-10-01T09:00:18.190257102+02:00,2019-10-01T17:29:58.552073359+02:00,30580.361816
2019-10-01 10:15:04.079171091+02:00,1569917704079171091,1,bid,0.4600000000000079,84.59,84.61,84.13,4485.888913989,0,4485.888913989,quantile,0.99,0.4500000000000028,2019-10-01T09:00:18.190257102+02:00,2019-10-01T09:00:18.190257102+02:00,2019-10-01T17:29:58.552073359+02:00,30580.361816
2019-10-01 10:15:21.824196860+02:00,1569917721824196860,1,bid,0.4599999999999937,84.57,84.59,84.11,4503.633939758,0,4503.633939758,quantile,0.99,0.4500000000000028,2019-10-01T09:00:18.190257102+02:00,2019-10-01T09:00:18.190257102+02:00,2019-10-01T17:29:58.552073359+02:00,30580.361816
2019-10-01 10:15:22.221687072+02:00,1569917722221687072,1,bid,0.4599999999999937,84.58,84.6,84.12,4504.03142997,0,4504.03142997,quantile,0.99,0.4500000000000028,2019-10-01T09:00:18.190257102+02:00,2019-10-01T09:00:18.190257102+02:00,2019-10-01T17:29:58.552073359+02:00,30580.361816
2019-10-01 10:15:56.024355534+02:00,1569917756024355534,1,bid,0.4500000000000028,84.58,84.6,84.13,4537.834098432,0,4537.834098432,quantile,0.99,0.4500000000000028,2019-10-01T09:00:18.190257102+02:00,2019-10-01T09:00:18.190257102+02:00,2019-10-01T17:29:58.552073359+02:00,30580.361816
2019-10-01 10:16:11.919175115+02:00,1569917771919175115,1,bid,0.4500000000000028,84.59,84.61,84.14,4553.728918013,0,4553.728918013,quantile,0.99,0.4500000000000028,2019-10-01T09:00:18.190257102+02:00,2019-10-01T09:00:18.190257102+02:00,2019-10-01T17:29:58.552073359+02:00,30580.361816
2019-10-01 10:17:29.869262361+02:00,1569917849869262361,1,bid,12.650000000000006,84.65,84.67,72.0,4631.679005259,0,4631.679005259,quantile,0.99,0.4500000000000028,2019-10-01T09:00:18.190257102+02:00,2019-10-01T09:00:18.190257102+02:00,2019-10-01T17:29:58.552073359+02:00,30580.361816
2019-10-01 10:18:43.211743920+02:00,1569917923211743920,1,bid,0.4500000000000028,84.65,84.67,84.2,4705.021486818,0,4705.021486818,quantile,0.99,0.4500000000000028,2019-10-01T09:00:18.190257102+02:00,2019-10-01T09:00:18.190257102+02:00,2019-10-01T17:29:58.552073359+02:00,30580.361816
2019-10-01 10:21:06.422866995+02:00,1569918066422866995,1,bid,0.5999999999999943,84.69,84.71,84.09,4848.232609893,0,4848.232609893,quantile,0.99,0.4500000000000028,2019-10-01T09:00:18.190257102+02:00,2019-10-01T09:00:18.190257102+02:00,2019-10-01T17:29:58.552073359+02:00,30580.361816
2019-10-01 10:21:06.424323988+02:00,1569918066424323988,1,bid,0.4500000000000028,84.69,84.71,84.24,4848.234066886,0,4848.234066886,quantile,0.99,0.4500000000000028,2019-10-01T09:00:18.190257102+02:00,2019-10-01T09:00:18.190257102+02:00,2019-10-01T17:29:58.552073359+02:00,30580.361816
2019-10-01 10:21:10.445444173+02:00,1569918070445444173,1,bid,0.4599999999999937,84.72,84.74,84.26,4852.255187071,0,4852.255187071,quantile,0.99,0.4500000000000028,2019-10-01T09:00:18.190257102+02:00,2019-10-01T09:00:18.190257102+02:00,2019-10-01T17:29:58.552073359+02:00,30580.361816
2019-10-01 10:21:34.137314930+02:00,1569918094137314930,1,bid,0.4500000000000028,84.69,84.71,84.24,4875.947057828,0,4875.947057828,quantile,0.99,0.4500000000000028,2019-10-01T09:00:18.190257102+02:00,2019-10-01T09:00:18.190257102+02:00,2019-10-01T17:29:58.552073359+02:00,30580.361816
2019-10-01 10:21:47.187333394+02:00,1569918107187333394,1,bid,0.4500000000000028,84.67,84.71,84.22,4888.997076292,0,4888.997076292,quantile,0.99,0.4500000000000028,2019-10-01T09:00:18.190257102+02:00,2019-10-01T09:00:18.190257102+02:00,2019-10-01T17:29:58.552073359+02:00,30580.361816
2019-10-01 10:22:10.031909514+02:00,1569918130031909514,1,bid,0.4500000000000028,84.65,84.67,84.2,4911.841652412,0,4911.841652412,quantile,0.99,0.4500000000000028,2019-10-01T09:00:18.190257102+02:00,2019-10-01T09:00:18.190257102+02:00,2019-10-01T17:29:58.552073359+02:00,30580.361816
2019-10-01 10:24:42.236151286+02:00,1569918282236151286,1,bid,0.4500000000000028,84.72,84.73,84.27,5064.045894184,0,5064.045894184,quantile,0.99,0.4500000000000028,2019-10-01T09:00:18.190257102+02:00,2019-10-01T09:00:18.190257102+02:00,2019-10-01T17:29:58.552073359+02:00,30580.361816
2019-10-01 10:24:42.269191806+02:00,1569918282269191806,1,bid,0.4500000000000028,84.7,84.73,84.25,5064.078934704,0,5064.078934704,quantile,0.99,0.4500000000000028,2019-10-01T09:00:18.190257102+02:00,2019-10-01T09:00:18.190257102+02:00,2019-10-01T17:29:58.552073359+02:00,30580.361816
2019-10-01 10:25:03.740405543+02:00,1569918303740405543,1,bid,0.4599999999999937,84.69,84.71,84.23,5085.550148441,0,5085.550148441,quantile,0.99,0.4500000000000028,2019-10-01T09:00:18.190257102+02:00,2019-10-01T09:00:18.190257102+02:00,2019-10-01T17:29:58.552073359+02:00,30580.361816
2019-10-01 10:25:36.976684509+02:00,1569918336976684509,1,bid,0.4500000000000028,84.66,84.67,84.21,5118.786427407,0,5118.786427407,quantile,0.99,0.4500000000000028,2019-10-01T09:00:18.190257102+02:00,2019-10-01T09:00:18.190257102+02:00,2019-10-01T17:29:58.552073359+02:00,30580.361816
2019-10-01 10:26:08.884905809+02:00,1569918368884905809,1,bid,0.4600000000000079,84.67,84.69,84.21,5150.694648707,0,5150.694648707,quantile,0.99,0.4500000000000028,2019-10-01T09:00:18.190257102+02:00,2019-10-01T09:00:18.190257102+02:00,2019-10-01T17:29:58.552073359+02:00,30580.361816
2019-10-01 10:26:29.026196632+02:00,1569918389026196632,1,bid,0.4500000000000028,84.69,84.71,84.24,5170.83593953,0,5170.83593953,quantile,0.99,0.4500000000000028,2019-10-01T09:00:18.190257102+02:00,2019-10-01T09:00:18.190257102+02:00,2019-10-01T17:29:58.552073359+02:00,30580.361816
2019-10-01 10:26:50.094153583+02:00,1569918410094153583,1,bid,8.600000000000009,84.7,84.72,76.1,5191.903896481,0,5191.903896481,quantile,0.99,0.4500000000000028,2019-10-01T09:00:18.190257102+02:00,2019-10-01T09:00:18.190257102+02:00,2019-10-01T17:29:58.552073359+02:00,30580.361816
2019-10-01 10:26:50.525050010+02:00,1569918410525050010,1,bid,12.600000000000009,84.7,84.72,72.1,5192.334792908,0,5192.334792908,quantile,0.99,0.4500000000000028,2019-10-01T09:00:18.190257102+02:00,2019-10-01T09:00:18.190257102+02:00,2019-10-01T17:29:58.552073359+02:00,30580.361816
2019-10-01 10:27:09.804345415+02:00,1569918429804345415,1,bid,0.4500000000000028,84.67,84.69,84.22,5211.614088313,0,5211.614088313,quantile,0.99,0.4500000000000028,2019-10-01T09:00:18.190257102+02:00,2019-10-01T09:00:18.190257102+02:00,2019-10-01T17:29:58.552073359+02:00,30580.361816
2019-10-01 10:27:25.573211223+02:00,1569918445573211223,1,bid,12.680000000000009,84.68,84.7,72.0,5227.382954121,0,5227.382954121,quantile,0.99,0.4500000000000028,2019-10-01T09:00:18.190257102+02:00,2019-10-01T09:00:18.190257102+02:00,2019-10-01T17:29:58.552073359+02:00,30580.361816
2019-10-01 10:27:42.955587895+02:00,1569918462955587895,1,bid,0.4500000000000028,84.66,84.68,84.21,5244.765330793,0,5244.765330793,quantile,0.99,0.4500000000000028,2019-10-01T09:00:18.190257102+02:00,2019-10-01T09:00:18.190257102+02:00,2019-10-01T17:29:58.552073359+02:00,30580.361816
2019-10-01 10:27:53.532804830+02:00,1569918473532804830,1,bid,4.689999999999998,84.69,84.71,80.0,5255.342547728,0,5255.342547728,quantile,0.99,0.4500000000000028,2019-10-01T09:00:18.190257102+02:00,2019-10-01T09:00:18.190257102+02:00,2019-10-01T17:29:58.552073359+02:00,30580.361816
2019-10-01 10:29:22.062446478+02:00,1569918562062446478,1,bid,0.4500000000000028,84.67,84.7,84.22,5343.872189376,0,5343.872189376,quantile,0.99,0.4500000000000028,2019-10-01T09:00:18.190257102+02:00,2019-10-01T09:00:18.190257102+02:00,2019-10-01T17:29:58.552073359+02:00,30580.361816
2019-10-01 10:30:02.993103155+02:00,1569918602993103155,1,bid,0.4500000000000028,84.65,84.67,84.2,5384.802846053,0,5384.802846053,quantile,0.99,0.4500000000000028,2019-10-01T09:00:18.190257102+02:00,2019-10-01T09:00:18.190257102+02:00,2019-10-01T17:29:58.552073359+02:00,30580.361816
2019-10-01 10:31:28.097335737+02:00,1569918688097335737,1,bid,0.4500000000000028,84.59,84.6,84.14,5469.907078635,0,5469.907078635,quantile,0.99,0.4500000000000028,2019-10-01T09:00:18.190257102+02:00,2019-10-01T09:00:18.190257102+02:00,2019-10-01T17:29:58.552073359+02:00,30580.361816
2019-10-01 10:32:00.594258648+02:00,1569918720594258648,1,bid,0.5999999999999943,84.57,84.59,83.97,5502.404001546,0,5502.404001546,quantile,0.99,0.4500000000000028,2019-10-01T09:00:18.190257102+02:00,2019-10-01T09:00:18.190257102+02:00,2019-10-01T17:29:58.552073359+02:00,30580.361816
2019-10-01 10:32:07.735459581+02:00,1569918727735459581,1,bid,0.8199999999999932,84.57,84.59,83.75,5509.545202479,0,5509.545202479,quantile,0.99,0.4500000000000028,2019-10-01T09:00:18.190257102+02:00,2019-10-01T09:00:18.190257102+02:00,2019-10-01T17:29:58.552073359+02:00,30580.361816
2019-10-01 10:32:20.537721917+02:00,1569918740537721917,1,bid,0.4599999999999937,84.55,84.56,84.09,5522.347464815,0,5522.347464815,quantile,0.99,0.4500000000000028,2019-10-01T09:00:18.190257102+02:00,2019-10-01T09:00:18.190257102+02:00,2019-10-01T17:29:58.552073359+02:00,30580.361816
2019-10-01 10:32:33.798807872+02:00,1569918753798807872,1,bid,0.4500000000000028,84.58,84.6,84.13,5535.60855077,0,5535.60855077,quantile,0.99,0.4500000000000028,2019-10-01T09:00:18.190257102+02:00,2019-10-01T09:00:18.190257102+02:00,2019-10-01T17:29:58.552073359+02:00,30580.361816
2019-10-01 10:32:44.089044217+02:00,1569918764089044217,1,bid,0.4500000000000028,84.56,84.57,84.11,5545.898787115,0,5545.898787115,quantile,0.99,0.4500000000000028,2019-10-01T09:00:18.190257102+02:00,2019-10-01T09:00:18.190257102+02:00,2019-10-01T17:29:58.552073359+02:00,30580.361816
2019-10-01 10:32:44.332791800+02:00,1569918764332791800,1,bid,0.4599999999999937,84.55,84.57,84.09,5546.142534698,0,5546.142534698,quantile,0.99,0.4500000000000028,2019-10-01T09:00:18.190257102+02:00,2019-10-01T09:00:18.190257102+02:00,2019-10-01T17:29:58.552073359+02:00,30580.361816
2019-10-01 10:33:10.051556626+02:00,1569918790051556626,1,bid,7.3799999999999955,84.53,84.56,77.15,5571.861299524,0,5571.861299524,quantile,0.99,0.4500000000000028,2019-10-01T09:00:18.190257102+02:00,2019-10-01T09:00:18.190257102+02:00,2019-10-01T17:29:58.552073359+02:00,30580.361816
2019-10-01 10:33:11.609723911+02:00,1569918791609723911,1,bid,0.4600000000000079,84.53,84.56,84.07,5573.419466809,0,5573.419466809,quantile,0.99,0.4500000000000028,2019-10-01T09:00:18.190257102+02:00,2019-10-01T09:00:18.190257102+02:00,2019-10-01T17:29:58.552073359+02:00,30580.361816
2019-10-01 10:33:11.612036873+02:00,1569918791612036873,1,bid,0.4500000000000028,84.53,84.54,84.08,5573.421779771,0,5573.421779771,quantile,0.99,0.4500000000000028,2019-10-01T09:00:18.190257102+02:00,2019-10-01T09:00:18.190257102+02:00,2019-10-01T17:29:58.552073359+02:00,30580.361816
2019-10-01 10:33:12.468036432+02:00,1569918792468036432,1,bid,0.4599999999999937,84.52,84.54,84.06,5574.27777933,0,5574.27777933,quantile,0.99,0.4500000000000028,2019-10-01T09:00:18.190257102+02:00,2019-10-01T09:00:18.190257102+02:00,2019-10-01T17:29:58.552073359+02:00,30580.361816
2019-10-01 10:35:59.605159058+02:00,1569918959605159058,1,bid,0.4500000000000028,84.52,84.54,84.07,5741.414901956,0,5741.414901956,quantile,0.99,0.4500000000000028,2019-10-01T09:00:18.190257102+02:00,2019-10-01T09:00:18.190257102+02:00,2019-10-01T17:29:58.552073359+02:00,30580.361816
2019-10-01 10:36:38.391324305+02:00,1569918998391324305,1,bid,0.4500000000000028,84.56,84.59,84.11,5780.201067203,0,5780.201067203,quantile,0.99,0.4500000000000028,2019-10-01T09:00:18.190257102+02:00,2019-10-01T09:00:18.190257102+02:00,2019-10-01T17:29:58.552073359+02:00,30580.361816
2019-10-01 10:37:33.305969157+02:00,1569919053305969157,1,bid,0.4599999999999937,84.63,84.64,84.17,5835.115712055,0,5835.115712055,quantile,0.99,0.4500000000000028,2019-10-01T09:00:18.190257102+02:00,2019-10-01T09:00:18.190257102+02:00,2019-10-01T17:29:58.552073359+02:00,30580.361816
2019-10-01 10:38:45.501023538+02:00,1569919125501023538,1,bid,0.4500000000000028,84.64,84.66,84.19,5907.310766436,0,5907.310766436,quantile,0.99,0.4500000000000028,2019-10-01T09:00:18.190257102+02:00,2019-10-01T09:00:18.190257102+02:00,2019-10-01T17:29:58.552073359+02:00,30580.361816
2019-10-01 10:40:10.534889063+02:00,1569919210534889063,1,bid,0.6000000000000085,84.68,84.69,84.08,5992.344631961,0,5992.344631961,quantile,0.99,0.4500000000000028,2019-10-01T09:00:18.190257102+02:00,2019-10-01T09:00:18.190257102+02:00,2019-10-01T17:29:58.552073359+02:00,30580.361816
2019-10-01 10:40:26.904555724+02:00,1569919226904555724,1,bid,0.4500000000000028,84.65,84.67,84.2,6008.714298622,0,6008.714298622,quantile,0.99,0.4500000000000028,2019-10-01T09:00:18.190257102+02:00,2019-10-01T09:00:18.190257102+02:00,2019-10-01T17:29:58.552073359+02:00,30580.361816
2019-10-01 10:43:24.327538919+02:00,1569919404327538919,1,bid,0.4600000000000079,84.62,84.64,84.16,6186.137281817,0,6186.137281817,quantile,0.99,0.4500000000000028,2019-10-01T09:00:18.190257102+02:00,2019-10-01T09:00:18.190257102+02:00,2019-10-01T17:29:58.552073359+02:00,30580.361816
2019-10-01 10:43:46.868047061+02:00,1569919426868047061,1,bid,0.4500000000000028,84.59,84.61,84.14,6208.677789959,0,6208.677789959,quantile,0.99,0.4500000000000028,2019-10-01T09:00:18.190257102+02:00,2019-10-01T09:00:18.190257102+02:00,2019-10-01T17:29:58.552073359+02:00,30580.361816
2019-10-01 10:43:56.103876546+02:00,1569919436103876546,1,bid,0.4599999999999937,84.58,84.6,84.12,6217.913619444,0,6217.913619444,quantile,0.99,0.4500000000000028,2019-10-01T09:00:18.190257102+02:00,2019-10-01T09:00:18.190257102+02:00,2019-10-01T17:29:58.552073359+02:00,30580.361816
2019-10-01 10:43:56.115421435+02:00,1569919436115421435,1,bid,0.5999999999999943,84.57,84.6,83.97,6217.925164333,0,6217.925164333,quantile,0.99,0.4500000000000028,2019-10-01T09:00:18.190257102+02:00,2019-10-01T09:00:18.190257102+02:00,2019-10-01T17:29:58.552073359+02:00,30580.361816
2019-10-01 10:45:51.292191562+02:00,1569919551292191562,1,bid,0.4500000000000028,84.54,84.55,84.09,6333.10193446,0,6333.10193446,quantile,0.99,0.4500000000000028,2019-10-01T09:00:18.190257102+02:00,2019-10-01T09:00:18.190257102+02:00,2019-10-01T17:29:58.552073359+02:00,30580.361816
2019-10-01 10:47:27.632167780+02:00,1569919647632167780,1,bid,0.4500000000000028,84.52,84.54,84.07,6429.441910678,0,6429.441910678,quantile,0.99,0.4500000000000028,2019-10-01T09:00:18.190257102+02:00,2019-10-01T09:00:18.190257102+02:00,2019-10-01T17:29:58.552073359+02:00,30580.361816
2019-10-01 10:48:30.957832282+02:00,1569919710957832282,1,bid,0.4500000000000028,84.52,84.55,84.07,6492.76757518,0,6492.76757518,quantile,0.99,0.4500000000000028,2019-10-01T09:00:18.190257102+02:00,2019-10-01T09:00:18.190257102+02:00,2019-10-01T17:29:58.552073359+02:00,30580.361816
2019-10-01 10:48:49.428532003+02:00,1569919729428532003,1,bid,0.4500000000000028,84.56,84.59,84.11,6511.238274901,0,6511.238274901,quantile,0.99,0.4500000000000028,2019-10-01T09:00:18.190257102+02:00,2019-10-01T09:00:18.190257102+02:00,2019-10-01T17:29:58.552073359+02:00,30580.361816
2019-10-01 10:49:01.593749521+02:00,1569919741593749521,1,bid,0.4500000000000028,84.58,84.6,84.13,6523.403492419,0,6523.403492419,quantile,0.99,0.4500000000000028,2019-10-01T09:00:18.190257102+02:00,2019-10-01T09:00:18.190257102+02:00,2019-10-01T17:29:58.552073359+02:00,30580.361816
2019-10-01 10:49:13.006975643+02:00,1569919753006975643,1,bid,0.4500000000000028,84.56,84.58,84.11,6534.816718541,0,6534.816718541,quantile,0.99,0.4500000000000028,2019-10-01T09:00:18.190257102+02:00,2019-10-01T09:00:18.190257102+02:00,2019-10-01T17:29:58.552073359+02:00,30580.361816
2019-10-01 10:51:40.925505335+02:00,1569919900925505335,1,bid,0.4500000000000028,84.55,84.57,84.1,6682.735248233,0,6682.735248233,quantile,0.99,0.4500000000000028,2019-10-01T09:00:18.190257102+02:00,2019-10-01T09:00:18.190257102+02:00,2019-10-01T17:29:58.552073359+02:00,30580.361816
2019-10-01 10:53:20.910738384+02:00,1569920000910738384,1,bid,0.5799999999999983,84.58,84.59,84.0,6782.720481282,0,6782.720481282,quantile,0.99,0.4500000000000028,2019-10-01T09:00:18.190257102+02:00,2019-10-01T09:00:18.190257102+02:00,2019-10-01T17:29:58.552073359+02:00,30580.361816
2019-10-01 10:54:47.946431426+02:00,1569920087946431426,1,bid,0.4500000000000028,84.58,84.61,84.13,6869.756174324,0,6869.756174324,quantile,0.99,0.4500000000000028,2019-10-01T09:00:18.190257102+02:00,2019-10-01T09:00:18.190257102+02:00,2019-10-01T17:29:58.552073359+02:00,30580.361816
2019-10-01 10:55:04.981592359+02:00,1569920104981592359,1,bid,0.4500000000000028,84.64,84.65,84.19,6886.791335257,0,6886.791335257,quantile,0.99,0.4500000000000028,2019-10-01T09:00:18.190257102+02:00,2019-10-01T09:00:18.190257102+02:00,2019-10-01T17:29:58.552073359+02:00,30580.361816
2019-10-01 10:58:30.190313791+02:00,1569920310190313791,1,bid,0.4500000000000028,84.55,84.58,84.1,7092.000056689,0,7092.000056689,quantile,0.99,0.4500000000000028,2019-10-01T09:00:18.190257102+02:00,2019-10-01T09:00:18.190257102+02:00,2019-10-01T17:29:58.552073359+02:00,30580.361816
2019-10-01 10:58:57.463305582+02:00,1569920337463305582,1,bid,0.4500000000000028,84.5,84.51,84.05,7119.27304848,0,7119.27304848,quantile,0.99,0.4500000000000028,2019-10-01T09:00:18.190257102+02:00,2019-10-01T09:00:18.190257102+02:00,2019-10-01T17:29:58.552073359+02:00,30580.361816
2019-10-01 11:00:05.393923034+02:00,1569920405393923034,1,bid,0.4599999999999937,84.55,84.57,84.09,7187.203665932,0,7187.203665932,quantile,0.99,0.4500000000000028,2019-10-01T09:00:18.190257102+02:00,2019-10-01T09:00:18.190257102+02:00,2019-10-01T17:29:58.552073359+02:00,30580.361816
2019-10-01 11:00:50.355394211+02:00,1569920450355394211,1,bid,0.8199999999999932,84.58,84.6,83.76,7232.165137109,0,7232.165137109,quantile,0.99,0.4500000000000028,2019-10-01T09:00:18.190257102+02:00,2019-10-01T09:00:18.190257102+02:00,2019-10-01T17:29:58.552073359+02:00,30580.361816
2019-10-01 11:01:39.631401005+02:00,1569920499631401005,1,bid,0.4500000000000028,84.55,84.57,84.1,7281.441143903,0,7281.441143903,quantile,0.99,0.4500000000000028,2019-10-01T09:00:18.190257102+02:00,2019-10-01T09:00:18.190257102+02:00,2019-10-01T17:29:58.552073359+02:00,30580.361816
2019-10-01 11:02:00.407441219+02:00,1569920520407441219,1,bid,0.6000000000000085,84.56,84.58,83.96,7302.217184117,0,7302.217184117,quantile,0.99,0.4500000000000028,2019-10-01T09:00:18.190257102+02:00,2019-10-01T09:00:18.190257102+02:00,2019-10-01T17:29:58.552073359+02:00,30580.361816
2019-10-01 11:02:07.573680620+02:00,1569920527573680620,1,bid,0.8199999999999932,84.55,84.57,83.73,7309.383423518,0,7309.383423518,quantile,0.99,0.4500000000000028,2019-10-01T09:00:18.190257102+02:00,2019-10-01T09:00:18.190257102+02:00,2019-10-01T17:29:58.552073359+02:00,30580.361816
2019-10-01 11:03:35.710602253+02:00,1569920615710602253,1,bid,1.490000000000009,84.59,84.61,83.1,7397.520345151,0,7397.520345151,quantile,0.99,0.4500000000000028,2019-10-01T09:00:18.190257102+02:00,2019-10-01T09:00:18.190257102+02:00,2019-10-01T17:29:58.552073359+02:00,30580.361816
2019-10-01 11:05:07.335630776+02:00,1569920707335630776,1,bid,0.4500000000000028,84.61,84.63,84.16,7489.145373674,0,7489.145373674,quantile,0.99,0.4500000000000028,2019-10-01T09:00:18.190257102+02:00,2019-10-01T09:00:18.190257102+02:00,2019-10-01T17:29:58.552073359+02:00,30580.361816
2019-10-01 11:06:14.385898782+02:00,1569920774385898782,1,bid,0.6000000000000085,84.67,84.68,84.07,7556.19564168,0,7556.19564168,quantile,0.99,0.4500000000000028,2019-10-01T09:00:18.190257102+02:00,2019-10-01T09:00:18.190257102+02:00,2019-10-01T17:29:58.552073359+02:00,30580.361816
2019-10-01 11:06:17.506585691+02:00,1569920777506585691,1,bid,0.4500000000000028,84.7,84.71,84.25,7559.316328589,0,7559.316328589,quantile,0.99,0.4500000000000028,2019-10-01T09:00:18.190257102+02:00,2019-10-01T09:00:18.190257102+02:00,2019-10-01T17:29:58.552073359+02:00,30580.361816
2019-10-01 11:06:22.078950710+02:00,1569920782078950710,1,bid,0.4500000000000028,84.68,84.7,84.23,7563.888693608,0,7563.888693608,quantile,0.99,0.4500000000000028,2019-10-01T09:00:18.190257102+02:00,2019-10-01T09:00:18.190257102+02:00,2019-10-01T17:29:58.552073359+02:00,30580.361816
2019-10-01 11:10:41.806589919+02:00,1569921041806589919,1,bid,0.4500000000000028,84.7,84.71,84.25,7823.616332817,0,7823.616332817,quantile,0.99,0.4500000000000028,2019-10-01T09:00:18.190257102+02:00,2019-10-01T09:00:18.190257102+02:00,2019-10-01T17:29:58.552073359+02:00,30580.361816
2019-10-01 11:11:14.631764152+02:00,1569921074631764152,1,bid,0.4500000000000028,84.69,84.71,84.24,7856.44150705,0,7856.44150705,quantile,0.99,0.4500000000000028,2019-10-01T09:00:18.190257102+02:00,2019-10-01T09:00:18.190257102+02:00,2019-10-01T17:29:58.552073359+02:00,30580.361816
2019-10-01 11:11:51.276282269+02:00,1569921111276282269,1,bid,0.4599999999999937,84.69,84.7,84.23,7893.086025167,0,7893.086025167,quantile,0.99,0.4500000000000028,2019-10-01T09:00:18.190257102+02:00,2019-10-01T09:00:18.190257102+02:00,2019-10-01T17:29:58.552073359+02:00,30580.361816
2019-10-01 11:12:14.282262580+02:00,1569921134282262580,1,bid,0.4500000000000028,84.67,84.7,84.22,7916.092005478,0,7916.092005478,quantile,0.99,0.4500000000000028,2019-10-01T09:00:18.190257102+02:00,2019-10-01T09:00:18.190257102+02:00,2019-10-01T17:29:58.552073359+02:00,30580.361816
2019-10-01 11:15:30.754595366+02:00,1569921330754595366,1,bid,14.760000000000003,84.76,84.78,70.0,8112.564338264,0,8112.564338264,quantile,0.99,0.4500000000000028,2019-10-01T09:00:18.190257102+02:00,2019-10-01T09:00:18.190257102+02:00,2019-10-01T17:29:58.552073359+02:00,30580.361816
2019-10-01 11:15:31.136341422+02:00,1569921331136341422,1,bid,0.5999999999999943,84.78,84.81,84.18,8112.94608432,0,8112.94608432,quantile,0.99,0.4500000000000028,2019-10-01T09:00:18.190257102+02:00,2019-10-01T09:00:18.190257102+02:00,2019-10-01T17:29:58.552073359+02:00,30580.361816
2019-10-01 11:16:46.697651289+02:00,1569921406697651289,1,bid,0.4500000000000028,84.84,84.85,84.39,8188.507394187,0,8188.507394187,quantile,0.99,0.4500000000000028,2019-10-01T09:00:18.190257102+02:00,2019-10-01T09:00:18.190257102+02:00,2019-10-01T17:29:58.552073359+02:00,30580.361816
2019-10-01 11:17:14.292940995+02:00,1569921434292940995,1,bid,0.5999999999999943,84.89,84.9,84.29,8216.102683893,0,8216.102683893,quantile,0.99,0.4500000000000028,2019-10-01T09:00:18.190257102+02:00,2019-10-01T09:00:18.190257102+02:00,2019-10-01T17:29:58.552073359+02:00,30580.361816
2019-10-01 11:17:44.453161285+02:00,1569921464453161285,1,bid,0.4500000000000028,84.84,84.86,84.39,8246.262904183,0,8246.262904183,quantile,0.99,0.4500000000000028,2019-10-01T09:00:18.190257102+02:00,2019-10-01T09:00:18.190257102+02:00,2019-10-01T17:29:58.552073359+02:00,30580.361816
2019-10-01 11:18:12.248769867+02:00,1569921492248769867,1,bid,0.8199999999999932,84.91,84.93,84.09,8274.058512765,0,8274.058512765,quantile,0.99,0.4500000000000028,2019-10-01T09:00:18.190257102+02:00,2019-10-01T09:00:18.190257102+02:00,2019-10-01T17:29:58.552073359+02:00,30580.361816
2019-10-01 11:21:36.600712978+02:00,1569921696600712978,1,bid,0.4500000000000028,84.86,84.88,84.41,8478.410455876,0,8478.410455876,quantile,0.99,0.4500000000000028,2019-10-01T09:00:18.190257102+02:00,2019-10-01T09:00:18.190257102+02:00,2019-10-01T17:29:58.552073359+02:00,30580.361816
2019-10-01 11:23:23.486119019+02:00,1569921803486119019,1,bid,0.4500000000000028,84.86,84.87,84.41,8585.295861917,0,8585.295861917,quantile,0.99,0.4500000000000028,2019-10-01T09:00:18.190257102+02:00,2019-10-01T09:00:18.190257102+02:00,2019-10-01T17:29:58.552073359+02:00,30580.361816
2019-10-01 11:26:09.495529064+02:00,1569921969495529064,1,bid,0.8299999999999983,84.95,84.97,84.12,8751.305271962,0,8751.305271962,quantile,0.99,0.4500000000000028,2019-10-01T09:00:18.190257102+02:00,2019-10-01T09:00:18.190257102+02:00,2019-10-01T17:29:58.552073359+02:00,30580.361816
2019-10-01 11:26:35.267655140+02:00,1569921995267655140,1,bid,0.4500000000000028,84.91,84.92,84.46,8777.077398038,0,8777.077398038,quantile,0.99,0.4500000000000028,2019-10-01T09:00:18.190257102+02:00,2019-10-01T09:00:18.190257102+02:00,2019-10-01T17:29:58.552073359+02:00,30580.361816
2019-10-01 11:28:02.903300796+02:00,1569922082903300796,1,bid,0.4500000000000028,84.83,84.85,84.38,8864.713043694,0,8864.713043694,quantile,0.99,0.4500000000000028,2019-10-01T09:00:18.190257102+02:00,2019-10-01T09:00:18.190257102+02:00,2019-10-01T17:29:58.552073359+02:00,30580.361816
2019-10-01 11:28:25.247709783+02:00,1569922105247709783,1,bid,0.4500000000000028,84.81,84.82,84.36,8887.057452681,0,8887.057452681,quantile,0.99,0.4500000000000028,2019-10-01T09:00:18.190257102+02:00,2019-10-01T09:00:18.190257102+02:00,2019-10-01T17:29:58.552073359+02:00,30580.361816
2019-10-01 11:28:26.807231268+02:00,1569922106807231268,1,bid,0.4500000000000028,84.79,84.81,84.34,8888.616974166,0,8888.616974166,quantile,0.99,0.4500000000000028,2019-10-01T09:00:18.190257102+02:00,2019-10-01T09:00:18.190257102+02:00,2019-10-01T17:29:58.552073359+02:00,30580.361816
2019-10-01 11:28:56.396303611+02:00,1569922136396303611,1,bid,4.819999999999993,84.82,84.85,80.0,8918.206046509,0,8918.206046509,quantile,0.99,0.4500000000000028,2019-10-01T09:00:18.190257102+02:00,2019-10-01T09:00:18.190257102+02:00,2019-10-01T17:29:58.552073359+02:00,30580.361816
2019-10-01 11:29:24.501725614+02:00,1569922164501725614,1,bid,0.4599999999999937,84.82,84.84,84.36,8946.311468512,0,8946.311468512,quantile,0.99,0.4500000000000028,2019-10-01T09:00:18.190257102+02:00,2019-10-01T09:00:18.190257102+02:00,2019-10-01T17:29:58.552073359+02:00,30580.361816
2019-10-01 11:29:52.134645848+02:00,1569922192134645848,1,bid,0.4500000000000028,84.79,84.81,84.34,8973.944388746,0,8973.944388746,quantile,0.99,0.4500000000000028,2019-10-01T09:00:18.190257102+02:00,2019-10-01T09:00:18.190257102+02:00,2019-10-01T17:29:58.552073359+02:00,30580.361816
2019-10-01 11:30:33.074510740+02:00,1569922233074510740,1,bid,0.4600000000000079,84.84,84.85,84.38,9014.884253638,0,9014.884253638,quantile,0.99,0.4500000000000028,2019-10-01T09:00:18.190257102+02:00,2019-10-01T09:00:18.190257102+02:00,2019-10-01T17:29:58.552073359+02:00,30580.361816
2019-10-01 11:32:06.793626481+02:00,1569922326793626481,1,bid,0.4500000000000028,84.81,84.83,84.36,9108.603369379,0,9108.603369379,quantile,0.99,0.4500000000000028,2019-10-01T09:00:18.190257102+02:00,2019-10-01T09:00:18.190257102+02:00,2019-10-01T17:29:58.552073359+02:00,30580.361816
2019-10-01 11:32:09.930269503+02:00,1569922329930269503,1,bid,0.4500000000000028,84.79,84.81,84.34,9111.740012401,0,9111.740012401,quantile,0.99,0.4500000000000028,2019-10-01T09:00:18.190257102+02:00,2019-10-01T09:00:18.190257102+02:00,2019-10-01T17:29:58.552073359+02:00,30580.361816
2019-10-01 11:33:17.782043325+02:00,1569922397782043325,1,bid,0.4500000000000028,84.84,84.86,84.39,9179.591786223,0,9179.591786223,quantile,0.99,0.4500000000000028,2019-10-01T09:00:18.190257102+02:00,2019-10-01T09:00:18.190257102+02:00,2019-10-01T17:29:58.552073359+02:00,30580.361816
2019-10-01 11:34:55.100551717+02:00,1569922495100551717,1,bid,0.4500000000000028,84.8,84.82,84.35,9276.910294615,0,9276.910294615,quantile,0.99,0.4500000000000028,2019-10-01T09:00:18.190257102+02:00,2019-10-01T09:00:18.190257102+02:00,2019-10-01T17:29:58.552073359+02:00,30580.361816
2019-10-01 11:37:51.556002048+02:00,1569922671556002048,1,bid,0.4599999999999937,84.8,84.81,84.34,9453.365744946,0,9453.365744946,quantile,0.99,0.4500000000000028,2019-10-01T09:00:18.190257102+02:00,2019-10-01T09:00:18.190257102+02:00,2019-10-01T17:29:58.552073359+02:00,30580.361816
2019-10-01 11:38:07.496555345+02:00,1569922687496555345,1,bid,0.5999999999999943,84.78,84.8,84.18,9469.306298243,0,9469.306298243,quantile,0.99,0.4500000000000028,2019-10-01T09:00:18.190257102+02:00,2019-10-01T09:00:18.190257102+02:00,2019-10-01T17:29:58.552073359+02:00,30580.361816
2019-10-01 11:38:07.689098691+02:00,1569922687689098691,1,bid,0.4600000000000079,84.78,84.8,84.32,9469.498841589,0,9469.498841589,quantile,0.99,0.4500000000000028,2019-10-01T09:00:18.190257102+02:00,2019-10-01T09:00:18.190257102+02:00,2019-10-01T17:29:58.552073359+02:00,30580.361816
2019-10-01 11:38:52.563507088+02:00,1569922732563507088,1,bid,3.739999999999995,84.74,84.77,81.0,9514.373249986,0,9514.373249986,quantile,0.99,0.4500000000000028,2019-10-01T09:00:18.190257102+02:00,2019-10-01T09:00:18.190257102+02:00,2019-10-01T17:29:58.552073359+02:00,30580.361816
2019-10-01 11:39:50.449136224+02:00,1569922790449136224,1,bid,0.4500000000000028,84.76,84.79,84.31,9572.258879122,0,9572.258879122,quantile,0.99,0.4500000000000028,2019-10-01T09:00:18.190257102+02:00,2019-10-01T09:00:18.190257102+02:00,2019-10-01T17:29:58.552073359+02:00,30580.361816
2019-10-01 11:41:04.708610674+02:00,1569922864708610674,1,bid,0.4500000000000028,84.73,84.75,84.28,9646.518353572,0,9646.518353572,quantile,0.99,0.4500000000000028,2019-10-01T09:00:18.190257102+02:00,2019-10-01T09:00:18.190257102+02:00,2019-10-01T17:29:58.552073359+02:00,30580.361816
2019-10-01 11:41:47.554165242+02:00,1569922907554165242,1,bid,11.58999999999999,84.77,84.78,73.18,9689.36390814,0,9689.36390814,quantile,0.99,0.4500000000000028,2019-10-01T09:00:18.190257102+02:00,2019-10-01T09:00:18.190257102+02:00,2019-10-01T17:29:58.552073359+02:00,30580.361816
2019-10-01 11:43:16.764421682+02:00,1569922996764421682,1,bid,0.4500000000000028,84.73,84.75,84.28,9778.57416458,0,9778.57416458,quantile,0.99,0.4500000000000028,2019-10-01T09:00:18.190257102+02:00,2019-10-01T09:00:18.190257102+02:00,2019-10-01T17:29:58.552073359+02:00,30580.361816
2019-10-01 11:45:34.621566536+02:00,1569923134621566536,1,bid,0.4500000000000028,84.73,84.74,84.28,9916.431309434,0,9916.431309434,quantile,0.99,0.4500000000000028,2019-10-01T09:00:18.190257102+02:00,2019-10-01T09:00:18.190257102+02:00,2019-10-01T17:29:58.552073359+02:00,30580.361816
2019-10-01 11:46:03.476702924+02:00,1569923163476702924,1,bid,0.6000000000000085,84.67,84.7,84.07,9945.286445822,0,9945.286445822,quantile,0.99,0.4500000000000028,2019-10-01T09:00:18.190257102+02:00,2019-10-01T09:00:18.190257102+02:00,2019-10-01T17:29:58.552073359+02:00,30580.361816
2019-10-01 11:50:01.961444797+02:00,1569923401961444797,1,bid,7.030000000000001,84.75,84.77,77.72,10183.771187695,0,10183.771187695,quantile,0.99,0.4500000000000028,2019-10-01T09:00:18.190257102+02:00,2019-10-01T09:00:18.190257102+02:00,2019-10-01T17:29:58.552073359+02:00,30580.361816
2019-10-01 11:50:10.916026805+02:00,1569923410916026805,1,bid,0.4599999999999937,84.74,84.75,84.28,10192.725769703,0,10192.725769703,quantile,0.99,0.4500000000000028,2019-10-01T09:00:18.190257102+02:00,2019-10-01T09:00:18.190257102+02:00,2019-10-01T17:29:58.552073359+02:00,30580.361816
2019-10-01 11:53:46.263437872+02:00,1569923626263437872,1,bid,0.4500000000000028,84.73,84.75,84.28,10408.07318077,0,10408.07318077,quantile,0.99,0.4500000000000028,2019-10-01T09:00:18.190257102+02:00,2019-10-01T09:00:18.190257102+02:00,2019-10-01T17:29:58.552073359+02:00,30580.361816
2019-10-01 11:55:06.220153860+02:00,1569923706220153860,1,bid,0.5999999999999943,84.78,84.79,84.18,10488.029896758,0,10488.029896758,quantile,0.99,0.4500000000000028,2019-10-01T09:00:18.190257102+02:00,2019-10-01T09:00:18.190257102+02:00,2019-10-01T17:29:58.552073359+02:00,30580.361816
2019-10-01 11:56:50.967914833+02:00,1569923810967914833,1,bid,2.8100000000000023,84.81,84.83,82.0,10592.777657731,0,10592.777657731,quantile,0.99,0.4500000000000028,2019-10-01T09:00:18.190257102+02:00,2019-10-01T09:00:18.190257102+02:00,2019-10-01T17:29:58.552073359+02:00,30580.361816
2019-10-01 11:57:52.535927907+02:00,1569923872535927907,1,bid,0.4500000000000028,84.81,84.82,84.36,10654.345670805,0,10654.345670805,quantile,0.99,0.4500000000000028,2019-10-01T09:00:18.190257102+02:00,2019-10-01T09:00:18.190257102+02:00,2019-10-01T17:29:58.552073359+02:00,30580.361816
2019-10-01 12:00:52.152047064+02:00,1569924052152047064,1,bid,0.4500000000000028,84.84,84.85,84.39,10833.961789962,0,10833.961789962,quantile,0.99,0.4500000000000028,2019-10-01T09:00:18.190257102+02:00,2019-10-01T09:00:18.190257102+02:00,2019-10-01T17:29:58.552073359+02:00,30580.361816
2019-10-01 12:03:34.185670381+02:00,1569924214185670381,1,bid,0.5999999999999943,84.89,84.9,84.29,10995.995413279,0,10995.995413279,quantile,0.99,0.4500000000000028,2019-10-01T09:00:18.190257102+02:00,2019-10-01T09:00:18.190257102+02:00,2019-10-01T17:29:58.552073359+02:00,30580.361816
2019-10-01 12:11:10.031494260+02:00,1569924670031494260,1,bid,0.4599999999999937,84.88,84.9,84.42,11451.841237158,0,11451.841237158,quantile,0.99,0.4500000000000028,2019-10-01T09:00:18.190257102+02:00,2019-10-01T09:00:18.190257102+02:00,2019-10-01T17:29:58.552073359+02:00,30580.361816
2019-10-01 12:13:22.724637936+02:00,1569924802724637936,1,bid,0.4500000000000028,84.83,84.84,84.38,11584.534380834,0,11584.534380834,quantile,0.99,0.4500000000000028,2019-10-01T09:00:18.190257102+02:00,2019-10-01T09:00:18.190257102+02:00,2019-10-01T17:29:58.552073359+02:00,30580.361816
2019-10-01 12:15:41.476170401+02:00,1569924941476170401,1,bid,0.4500000000000028,84.87,84.88,84.42,11723.285913299,0,11723.285913299,quantile,0.99,0.4500000000000028,2019-10-01T09:00:18.190257102+02:00,2019-10-01T09:00:18.190257102+02:00,2019-10-01T17:29:58.552073359+02:00,30580.361816
2019-10-01 12:20:42.094992976+02:00,1569925242094992976,1,bid,0.4500000000000028,84.89,84.9,84.44,12023.904735874,0,12023.904735874,quantile,0.99,0.4500000000000028,2019-10-01T09:00:18.190257102+02:00,2019-10-01T09:00:18.190257102+02:00,2019-10-01T17:29:58.552073359+02:00,30580.361816
2019-10-01 12:24:29.562957821+02:00,1569925469562957821,1,bid,0.8300000000000125,84.9,84.92,84.07,12251.372700719,0,12251.372700719,quantile,0.99,0.4500000000000028,2019-10-01T09:00:18.190257102+02:00,2019-10-01T09:00:18.190257102+02:00,2019-10-01T17:29:58.552073359+02:00,30580.361816
2019-10-01 12:35:52.213544624+02:00,1569926152213544624,1,bid,0.4500000000000028,84.89,84.9,84.44,12934.023287522,0,12934.023287522,quantile,0.99,0.4500000000000028,2019-10-01T09:00:18.190257102+02:00,2019-10-01T09:00:18.190257102+02:00,2019-10-01T17:29:58.552073359+02:00,30580.361816
2019-10-01 12:45:28.493855659+02:00,1569926728493855659,1,bid,0.4500000000000028,84.8,84.82,84.35,13510.303598557,0,13510.303598557,quantile,0.99,0.4500000000000028,2019-10-01T09:00:18.190257102+02:00,2019-10-01T09:00:18.190257102+02:00,2019-10-01T17:29:58.552073359+02:00,30580.361816
2019-10-01 12:47:04.446711598+02:00,1569926824446711598,1,bid,0.4599999999999937,84.83,84.84,84.37,13606.256454496,0,13606.256454496,quantile,0.99,0.4500000000000028,2019-10-01T09:00:18.190257102+02:00,2019-10-01T09:00:18.190257102+02:00,2019-10-01T17:29:58.552073359+02:00,30580.361816
2019-10-01 12:48:13.031828832+02:00,1569926893031828832,1,bid,0.4599999999999937,84.83,84.84,84.37,13674.84157173,0,13674.84157173,quantile,0.99,0.4500000000000028,2019-10-01T09:00:18.190257102+02:00,2019-10-01T09:00:18.190257102+02:00,2019-10-01T17:29:58.552073359+02:00,30580.361816
2019-10-01 12:48:13.083345164+02:00,1569926893083345164,1,bid,0.4500000000000028,84.83,84.84,84.38,13674.893088062,0,13674.893088062,quantile,0.99,0.4500000000000028,2019-10-01T09:00:18.190257102+02:00,2019-10-01T09:00:18.190257102+02:00,2019-10-01T17:29:58.552073359+02:00,30580.361816
2019-10-01 12:49:50.465182368+02:00,1569926990465182368,1,bid,0.4500000000000028,84.84,84.85,84.39,13772.274925266,0,13772.274925266,quantile,0.99,0.4500000000000028,2019-10-01T09:00:18.190257102+02:00,2019-10-01T09:00:18.190257102+02:00,2019-10-01T17:29:58.552073359+02:00,30580.361816
2019-10-01 12:52:01.088991617+02:00,1569927121088991617,1,bid,0.5899999999999892,84.77,84.8,84.18,13902.898734515,0,13902.898734515,quantile,0.99,0.4500000000000028,2019-10-01T09:00:18.190257102+02:00,2019-10-01T09:00:18.190257102+02:00,2019-10-01T17:29:58.552073359+02:00,30580.361816
2019-10-01 12:59:25.191354511+02:00,1569927565191354511,1,bid,0.4599999999999937,84.71,84.72,84.25,14347.001097409,0,14347.001097409,quantile,0.99,0.4500000000000028,2019-10-01T09:00:18.190257102+02:00,2019-10-01T09:00:18.190257102+02:00,2019-10-01T17:29:58.552073359+02:00,30580.361816
2019-10-01 13:04:21.370252827+02:00,1569927861370252827,1,bid,0.4600000000000079,84.73,84.74,84.27,14643.179995725,0,14643.179995725,quantile,0.99,0.4500000000000028,2019-10-01T09:00:18.190257102+02:00,2019-10-01T09:00:18.190257102+02:00,2019-10-01T17:29:58.552073359+02:00,30580.361816
2019-10-01 13:18:00.073760175+02:00,1569928680073760175,1,bid,0.4500000000000028,84.84,84.86,84.39,15461.883503073,0,15461.883503073,quantile,0.99,0.4500000000000028,2019-10-01T09:00:18.190257102+02:00,2019-10-01T09:00:18.190257102+02:00,2019-10-01T17:29:58.552073359+02:00,30580.361816
2019-10-01 13:19:00.450960244+02:00,1569928740450960244,1,bid,0.4500000000000028,84.84,84.86,84.39,15522.260703142,0,15522.260703142,quantile,0.99,0.4500000000000028,2019-10-01T09:00:18.190257102+02:00,2019-10-01T09:00:18.190257102+02:00,2019-10-01T17:29:58.552073359+02:00,30580.361816
2019-10-01 13:20:47.302659719+02:00,1569928847302659719,1,bid,0.4500000000000028,84.81,84.82,84.36,15629.112402617,0,15629.112402617,quantile,0.99,0.4500000000000028,2019-10-01T09:00:18.190257102+02:00,2019-10-01T09:00:18.190257102+02:00,2019-10-01T17:29:58.552073359+02:00,30580.361816
2019-10-01 13:26:43.319020621+02:00,1569929203319020621,1,bid,0.4500000000000028,84.8,84.81,84.35,15985.128763519,0,15985.128763519,quantile,0.99,0.4500000000000028,2019-10-01T09:00:18.190257102+02:00,2019-10-01T09:00:18.190257102+02:00,2019-10-01T17:29:58.552073359+02:00,30580.361816
2019-10-01 13:35:45.826128216+02:00,1569929745826128216,1,bid,0.4500000000000028,84.83,84.84,84.38,16527.635871114,0,16527.635871114,quantile,0.99,0.4500000000000028,2019-10-01T09:00:18.190257102+02:00,2019-10-01T09:00:18.190257102+02:00,2019-10-01T17:29:58.552073359+02:00,30580.361816
2019-10-01 13:40:58.776830148+02:00,1569930058776830148,1,bid,0.5999999999999943,84.89,84.9,84.29,16840.586573046,0,16840.586573046,quantile,0.99,0.4500000000000028,2019-10-01T09:00:18.190257102+02:00,2019-10-01T09:00:18.190257102+02:00,2019-10-01T17:29:58.552073359+02:00,30580.361816
2019-10-01 13:43:12.640131492+02:00,1569930192640131492,1,bid,0.4500000000000028,84.86,84.87,84.41,16974.44987439,0,16974.44987439,quantile,0.99,0.4500000000000028,2019-10-01T09:00:18.190257102+02:00,2019-10-01T09:00:18.190257102+02:00,2019-10-01T17:29:58.552073359+02:00,30580.361816
2019-10-01 13:44:06.923564023+02:00,1569930246923564023,1,bid,1.3499999999999943,84.85,84.87,83.5,17028.733306921,0,17028.733306921,quantile,0.99,0.4500000000000028,2019-10-01T09:00:18.190257102+02:00,2019-10-01T09:00:18.190257102+02:00,2019-10-01T17:29:58.552073359+02:00,30580.361816
2019-10-01 13:44:22.046634163+02:00,1569930262046634163,1,bid,1.8499999999999943,84.85,84.87,83.0,17043.856377061,0,17043.856377061,quantile,0.99,0.4500000000000028,2019-10-01T09:00:18.190257102+02:00,2019-10-01T09:00:18.190257102+02:00,2019-10-01T17:29:58.552073359+02:00,30580.361816
2019-10-01 13:48:23.369665206+02:00,1569930503369665206,1,bid,0.4500000000000028,84.91,84.92,84.46,17285.179408104,0,17285.179408104,quantile,0.99,0.4500000000000028,2019-10-01T09:00:18.190257102+02:00,2019-10-01T09:00:18.190257102+02:00,2019-10-01T17:29:58.552073359+02:00,30580.361816
2019-10-01 13:52:58.385139333+02:00,1569930778385139333,1,bid,0.4500000000000028,84.9,84.93,84.45,17560.194882231,0,17560.194882231,quantile,0.99,0.4500000000000028,2019-10-01T09:00:18.190257102+02:00,2019-10-01T09:00:18.190257102+02:00,2019-10-01T17:29:58.552073359+02:00,30580.361816
2019-10-01 14:08:59.033464758+02:00,1569931739033464758,1,bid,0.4500000000000028,84.95,84.96,84.5,18520.843207656,0,18520.843207656,quantile,0.99,0.4500000000000028,2019-10-01T09:00:18.190257102+02:00,2019-10-01T09:00:18.190257102+02:00,2019-10-01T17:29:58.552073359+02:00,30580.361816
2019-10-01 14:09:50.960778726+02:00,1569931790960778726,1,bid,0.4500000000000028,84.93,84.94,84.48,18572.770521624,0,18572.770521624,quantile,0.99,0.4500000000000028,2019-10-01T09:00:18.190257102+02:00,2019-10-01T09:00:18.190257102+02:00,2019-10-01T17:29:58.552073359+02:00,30580.361816
2019-10-01 14:09:58.050525474+02:00,1569931798050525474,1,bid,0.4500000000000028,84.91,84.93,84.46,18579.860268372,0,18579.860268372,quantile,0.99,0.4500000000000028,2019-10-01T09:00:18.190257102+02:00,2019-10-01T09:00:18.190257102+02:00,2019-10-01T17:29:58.552073359+02:00,30580.361816
2019-10-01 14:14:13.849378146+02:00,1569932053849378146,1,bid,0.4500000000000028,84.9,84.91,84.45,18835.659121044,0,18835.659121044,quantile,0.99,0.4500000000000028,2019-10-01T09:00:18.190257102+02:00,2019-10-01T09:00:18.190257102+02:00,2019-10-01T17:29:58.552073359+02:00,30580.361816
2019-10-01 14:21:42.827669280+02:00,1569932502827669280,1,bid,0.4500000000000028,84.89,84.9,84.44,19284.637412178,0,19284.637412178,quantile,0.99,0.4500000000000028,2019-10-01T09:00:18.190257102+02:00,2019-10-01T09:00:18.190257102+02:00,2019-10-01T17:29:58.552073359+02:00,30580.361816
2019-10-01 14:24:30.654000395+02:00,1569932670654000395,1,bid,0.4500000000000028,84.87,84.89,84.42,19452.463743293,0,19452.463743293,quantile,0.99,0.4500000000000028,2019-10-01T09:00:18.190257102+02:00,2019-10-01T09:00:18.190257102+02:00,2019-10-01T17:29:58.552073359+02:00,30580.361816
2019-10-01 14:26:23.468651339+02:00,1569932783468651339,1,bid,0.4500000000000028,84.89,84.91,84.44,19565.278394237,0,19565.278394237,quantile,0.99,0.4500000000000028,2019-10-01T09:00:18.190257102+02:00,2019-10-01T09:00:18.190257102+02:00,2019-10-01T17:29:58.552073359+02:00,30580.361816
2019-10-01 14:28:35.578778632+02:00,1569932915578778632,1,bid,0.4500000000000028,84.81,84.83,84.36,19697.38852153,0,19697.38852153,quantile,0.99,0.4500000000000028,2019-10-01T09:00:18.190257102+02:00,2019-10-01T09:00:18.190257102+02:00,2019-10-01T17:29:58.552073359+02:00,30580.361816
2019-10-01 14:29:14.874485745+02:00,1569932954874485745,1,bid,0.4500000000000028,84.79,84.8,84.34,19736.684228643,0,19736.684228643,quantile,0.99,0.4500000000000028,2019-10-01T09:00:18.190257102+02:00,2019-10-01T09:00:18.190257102+02:00,2019-10-01T17:29:58.552073359+02:00,30580.361816
2019-10-01 14:29:14.876958487+02:00,1569932954876958487,1,bid,0.6099999999999994,84.79,84.8,84.18,19736.686701385,0,19736.686701385,quantile,0.99,0.4500000000000028,2019-10-01T09:00:18.190257102+02:00,2019-10-01T09:00:18.190257102+02:00,2019-10-01T17:29:58.552073359+02:00,30580.361816
2019-10-01 14:30:01.617430451+02:00,1569933001617430451,1,bid,0.4500000000000028,84.83,84.86,84.38,19783.427173349,0,19783.427173349,quantile,0.99,0.4500000000000028,2019-10-01T09:00:18.190257102+02:00,2019-10-01T09:00:18.190257102+02:00,2019-10-01T17:29:58.552073359+02:00,30580.361816
2019-10-01 14:32:08.969202774+02:00,1569933128969202774,1,bid,0.5899999999999892,84.85,84.87,84.26,19910.778945672,0,19910.778945672,quantile,0.99,0.4500000000000028,2019-10-01T09:00:18.190257102+02:00,2019-10-01T09:00:18.190257102+02:00,2019-10-01T17:29:58.552073359+02:00,30580.361816
2019-10-01 14:33:09.928501163+02:00,1569933189928501163,1,bid,1.0,84.85,84.87,83.85,19971.738244061,0,19971.738244061,quantile,0.99,0.4500000000000028,2019-10-01T09:00:18.190257102+02:00,2019-10-01T09:00:18.190257102+02:00,2019-10-01T17:29:58.552073359+02:00,30580.361816
2019-10-01 14:33:27.981648937+02:00,1569933207981648937,1,bid,0.4500000000000028,84.84,84.86,84.39,19989.791391835,0,19989.791391835,quantile,0.99,0.4500000000000028,2019-10-01T09:00:18.190257102+02:00,2019-10-01T09:00:18.190257102+02:00,2019-10-01T17:29:58.552073359+02:00,30580.361816
2019-10-01 14:37:04.947456145+02:00,1569933424947456145,1,bid,0.4500000000000028,84.81,84.83,84.36,20206.757199043,0,20206.757199043,quantile,0.99,0.4500000000000028,2019-10-01T09:00:18.190257102+02:00,2019-10-01T09:00:18.190257102+02:00,2019-10-01T17:29:58.552073359+02:00,30580.361816
2019-10-01 14:38:12.098927477+02:00,1569933492098927477,1,bid,0.4500000000000028,84.79,84.82,84.34,20273.908670375,0,20273.908670375,quantile,0.99,0.4500000000000028,2019-10-01T09:00:18.190257102+02:00,2019-10-01T09:00:18.190257102+02:00,2019-10-01T17:29:58.552073359+02:00,30580.361816
2019-10-01 14:39:38.383479465+02:00,1569933578383479465,1,bid,0.4500000000000028,84.77,84.78,84.32,20360.193222363,0,20360.193222363,quantile,0.99,0.4500000000000028,2019-10-01T09:00:18.190257102+02:00,2019-10-01T09:00:18.190257102+02:00,2019-10-01T17:29:58.552073359+02:00,30580.361816
2019-10-01 14:40:21.759583737+02:00,1569933621759583737,1,bid,0.4500000000000028,84.75,84.78,84.3,20403.569326635,0,20403.569326635,quantile,0.99,0.4500000000000028,2019-10-01T09:00:18.190257102+02:00,2019-10-01T09:00:18.190257102+02:00,2019-10-01T17:29:58.552073359+02:00,30580.361816
2019-10-01 14:40:39.158617834+02:00,1569933639158617834,1,bid,0.4500000000000028,84.73,84.74,84.28,20420.968360732,0,20420.968360732,quantile,0.99,0.4500000000000028,2019-10-01T09:00:18.190257102+02:00,2019-10-01T09:00:18.190257102+02:00,2019-10-01T17:29:58.552073359+02:00,30580.361816
2019-10-01 14:43:07.048267934+02:00,1569933787048267934,1,bid,0.4500000000000028,84.72,84.73,84.27,20568.858010832,0,20568.858010832,quantile,0.99,0.4500000000000028,2019-10-01T09:00:18.190257102+02:00,2019-10-01T09:00:18.190257102+02:00,2019-10-01T17:29:58.552073359+02:00,30580.361816
2019-10-01 14:44:25.458417747+02:00,1569933865458417747,1,bid,0.4500000000000028,84.7,84.72,84.25,20647.268160645,0,20647.268160645,quantile,0.99,0.4500000000000028,2019-10-01T09:00:18.190257102+02:00,2019-10-01T09:00:18.190257102+02:00,2019-10-01T17:29:58.552073359+02:00,30580.361816
2019-10-01 14:45:38.994190529+02:00,1569933938994190529,1,bid,0.4500000000000028,84.69,84.71,84.24,20720.803933427,0,20720.803933427,quantile,0.99,0.4500000000000028,2019-10-01T09:00:18.190257102+02:00,2019-10-01T09:00:18.190257102+02:00,2019-10-01T17:29:58.552073359+02:00,30580.361816
2019-10-01 14:46:01.062214373+02:00,1569933961062214373,1,bid,0.6000000000000085,84.67,84.69,84.07,20742.871957271,0,20742.871957271,quantile,0.99,0.4500000000000028,2019-10-01T09:00:18.190257102+02:00,2019-10-01T09:00:18.190257102+02:00,2019-10-01T17:29:58.552073359+02:00,30580.361816
2019-10-01 14:46:16.745907028+02:00,1569933976745907028,1,bid,0.4500000000000028,84.67,84.69,84.22,20758.555649926,0,20758.555649926,quantile,0.99,0.4500000000000028,2019-10-01T09:00:18.190257102+02:00,2019-10-01T09:00:18.190257102+02:00,2019-10-01T17:29:58.552073359+02:00,30580.361816
2019-10-01 14:49:46.927711553+02:00,1569934186927711553,1,bid,0.4500000000000028,84.7,84.71,84.25,20968.737454451,0,20968.737454451,quantile,0.99,0.4500000000000028,2019-10-01T09:00:18.190257102+02:00,2019-10-01T09:00:18.190257102+02:00,2019-10-01T17:29:58.552073359+02:00,30580.361816
2019-10-01 14:49:57.568513371+02:00,1569934197568513371,1,bid,0.4500000000000028,84.68,84.71,84.23,20979.378256269,0,20979.378256269,quantile,0.99,0.4500000000000028,2019-10-01T09:00:18.190257102+02:00,2019-10-01T09:00:18.190257102+02:00,2019-10-01T17:29:58.552073359+02:00,30580.361816
2019-10-01 14:50:28.429536806+02:00,1569934228429536806,1,bid,0.4500000000000028,84.66,84.68,84.21,21010.239279704,0,21010.239279704,quantile,0.99,0.4500000000000028,2019-10-01T09:00:18.190257102+02:00,2019-10-01T09:00:18.190257102+02:00,2019-10-01T17:29:58.552073359+02:00,30580.361816
2019-10-01 14:50:28.459828269+02:00,1569934228459828269,1,bid,0.4500000000000028,84.64,84.66,84.19,21010.269571167,0,21010.269571167,quantile,0.99,0.4500000000000028,2019-10-01T09:00:18.190257102+02:00,2019-10-01T09:00:18.190257102+02:00,2019-10-01T17:29:58.552073359+02:00,30580.361816
2019-10-01 14:51:36.743404658+02:00,1569934296743404658,1,bid,0.4500000000000028,84.68,84.7,84.23,21078.553147556,0,21078.553147556,quantile,0.99,0.4500000000000028,2019-10-01T09:00:18.190257102+02:00,2019-10-01T09:00:18.190257102+02:00,2019-10-01T17:29:58.552073359+02:00,30580.361816
2019-10-01 14:53:12.638760263+02:00,1569934392638760263,1,bid,0.4500000000000028,84.69,84.7,84.24,21174.448503161,0,21174.448503161,quantile,0.99,0.4500000000000028,2019-10-01T09:00:18.190257102+02:00,2019-10-01T09:00:18.190257102+02:00,2019-10-01T17:29:58.552073359+02:00,30580.361816
2019-10-01 14:56:15.904506532+02:00,1569934575904506532,1,bid,0.4500000000000028,84.67,84.7,84.22,21357.71424943,0,21357.71424943,quantile,0.99,0.4500000000000028,2019-10-01T09:00:18.190257102+02:00,2019-10-01T09:00:18.190257102+02:00,2019-10-01T17:29:58.552073359+02:00,30580.361816
2019-10-01 14:59:20.963773643+02:00,1569934760963773643,1,bid,0.4500000000000028,84.65,84.66,84.2,21542.773516541,0,21542.773516541,quantile,0.99,0.4500000000000028,2019-10-01T09:00:18.190257102+02:00,2019-10-01T09:00:18.190257102+02:00,2019-10-01T17:29:58.552073359+02:00,30580.361816
2019-10-01 15:05:06.133363219+02:00,1569935106133363219,1,bid,0.7099999999999937,84.71,84.73,84.0,21887.943106117,0,21887.943106117,quantile,0.99,0.4500000000000028,2019-10-01T09:00:18.190257102+02:00,2019-10-01T09:00:18.190257102+02:00,2019-10-01T17:29:58.552073359+02:00,30580.361816
2019-10-01 15:06:31.162685021+02:00,1569935191162685021,1,bid,0.4500000000000028,84.69,84.7,84.24,21972.972427919,0,21972.972427919,quantile,0.99,0.4500000000000028,2019-10-01T09:00:18.190257102+02:00,2019-10-01T09:00:18.190257102+02:00,2019-10-01T17:29:58.552073359+02:00,30580.361816
2019-10-01 15:06:58.449197703+02:00,1569935218449197703,1,bid,0.4500000000000028,84.67,84.68,84.22,22000.258940601,0,22000.258940601,quantile,0.99,0.4500000000000028,2019-10-01T09:00:18.190257102+02:00,2019-10-01T09:00:18.190257102+02:00,2019-10-01T17:29:58.552073359+02:00,30580.361816
2019-10-01 15:07:43.823113886+02:00,1569935263823113886,1,bid,0.4500000000000028,84.59,84.61,84.14,22045.632856784,0,22045.632856784,quantile,0.99,0.4500000000000028,2019-10-01T09:00:18.190257102+02:00,2019-10-01T09:00:18.190257102+02:00,2019-10-01T17:29:58.552073359+02:00,30580.361816
2019-10-01 15:07:45.606739036+02:00,1569935265606739036,1,bid,0.8199999999999932,84.58,84.6,83.76,22047.416481934,0,22047.416481934,quantile,0.99,0.4500000000000028,2019-10-01T09:00:18.190257102+02:00,2019-10-01T09:00:18.190257102+02:00,2019-10-01T17:29:58.552073359+02:00,30580.361816
2019-10-01 15:08:22.848118273+02:00,1569935302848118273,1,bid,0.4500000000000028,84.61,84.63,84.16,22084.657861171,0,22084.657861171,quantile,0.99,0.4500000000000028,2019-10-01T09:00:18.190257102+02:00,2019-10-01T09:00:18.190257102+02:00,2019-10-01T17:29:58.552073359+02:00,30580.361816
2019-10-01 15:09:14.839762600+02:00,1569935354839762600,1,bid,24.520000000000003,84.62,84.63,60.1,22136.649505498,0,22136.649505498,quantile,0.99,0.4500000000000028,2019-10-01T09:00:18.190257102+02:00,2019-10-01T09:00:18.190257102+02:00,2019-10-01T17:29:58.552073359+02:00,30580.361816
2019-10-01 15:09:18.735946139+02:00,1569935358735946139,1,bid,0.4500000000000028,84.62,84.63,84.17,22140.545689037,0,22140.545689037,quantile,0.99,0.4500000000000028,2019-10-01T09:00:18.190257102+02:00,2019-10-01T09:00:18.190257102+02:00,2019-10-01T17:29:58.552073359+02:00,30580.361816
2019-10-01 15:10:55.636260874+02:00,1569935455636260874,1,bid,0.4500000000000028,84.7,84.71,84.25,22237.446003772,0,22237.446003772,quantile,0.99,0.4500000000000028,2019-10-01T09:00:18.190257102+02:00,2019-10-01T09:00:18.190257102+02:00,2019-10-01T17:29:58.552073359+02:00,30580.361816
2019-10-01 15:14:43.948186088+02:00,1569935683948186088,1,bid,0.4500000000000028,84.65,84.66,84.2,22465.757928986,0,22465.757928986,quantile,0.99,0.4500000000000028,2019-10-01T09:00:18.190257102+02:00,2019-10-01T09:00:18.190257102+02:00,2019-10-01T17:29:58.552073359+02:00,30580.361816
2019-10-01 15:16:12.359356033+02:00,1569935772359356033,1,bid,0.4500000000000028,84.61,84.63,84.16,22554.169098931,0,22554.169098931,quantile,0.99,0.4500000000000028,2019-10-01T09:00:18.190257102+02:00,2019-10-01T09:00:18.190257102+02:00,2019-10-01T17:29:58.552073359+02:00,30580.361816
2019-10-01 15:16:47.671029319+02:00,1569935807671029319,1,bid,0.4500000000000028,84.61,84.63,84.16,22589.480772217,0,22589.480772217,quantile,0.99,0.4500000000000028,2019-10-01T09:00:18.190257102+02:00,2019-10-01T09:00:18.190257102+02:00,2019-10-01T17:29:58.552073359+02:00,30580.361816
2019-10-01 15:24:53.763778679+02:00,1569936293763778679,1,bid,2.6500000000000057,84.65,84.66,82.0,23075.573521577,0,23075.573521577,quantile,0.99,0.4500000000000028,2019-10-01T09:00:18.190257102+02:00,2019-10-01T09:00:18.190257102+02:00,2019-10-01T17:29:58.552073359+02:00,30580.361816
2019-10-01 15:27:06.206750795+02:00,1569936426206750795,1,bid,0.4500000000000028,84.61,84.63,84.16,23208.016493693,0,23208.016493693,quantile,0.99,0.4500000000000028,2019-10-01T09:00:18.190257102+02:00,2019-10-01T09:00:18.190257102+02:00,2019-10-01T17:29:58.552073359+02:00,30580.361816
2019-10-01 15:31:15.920605130+02:00,1569936675920605130,1,bid,0.4500000000000028,84.64,84.66,84.19,23457.730348028,0,23457.730348028,quantile,0.99,0.4500000000000028,2019-10-01T09:00:18.190257102+02:00,2019-10-01T09:00:18.190257102+02:00,2019-10-01T17:29:58.552073359+02:00,30580.361816
2019-10-01 15:32:58.666046726+02:00,1569936778666046726,1,bid,0.4500000000000028,84.68,84.7,84.23,23560.475789624,0,23560.475789624,quantile,0.99,0.4500000000000028,2019-10-01T09:00:18.190257102+02:00,2019-10-01T09:00:18.190257102+02:00,2019-10-01T17:29:58.552073359+02:00,30580.361816
2019-10-01 15:33:19.786540554+02:00,1569936799786540554,1,bid,0.4500000000000028,84.66,84.69,84.21,23581.596283452,0,23581.596283452,quantile,0.99,0.4500000000000028,2019-10-01T09:00:18.190257102+02:00,2019-10-01T09:00:18.190257102+02:00,2019-10-01T17:29:58.552073359+02:00,30580.361816
2019-10-01 15:33:28.291011907+02:00,1569936808291011907,1,bid,16.659999999999997,84.66,84.69,68.0,23590.100754805,0,23590.100754805,quantile,0.99,0.4500000000000028,2019-10-01T09:00:18.190257102+02:00,2019-10-01T09:00:18.190257102+02:00,2019-10-01T17:29:58.552073359+02:00,30580.361816
2019-10-01 15:34:37.884630165+02:00,1569936877884630165,1,bid,0.4500000000000028,84.64,84.66,84.19,23659.694373063,0,23659.694373063,quantile,0.99,0.4500000000000028,2019-10-01T09:00:18.190257102+02:00,2019-10-01T09:00:18.190257102+02:00,2019-10-01T17:29:58.552073359+02:00,30580.361816
2019-10-01 15:35:10.061725865+02:00,1569936910061725865,1,bid,0.4500000000000028,84.62,84.63,84.17,23691.871468763,0,23691.871468763,quantile,0.99,0.4500000000000028,2019-10-01T09:00:18.190257102+02:00,2019-10-01T09:00:18.190257102+02:00,2019-10-01T17:29:58.552073359+02:00,30580.361816
2019-10-01 15:35:21.050104617+02:00,1569936921050104617,1,bid,20.629999999999995,84.63,84.64,64.0,23702.859847515,0,23702.859847515,quantile,0.99,0.4500000000000028,2019-10-01T09:00:18.190257102+02:00,2019-10-01T09:00:18.190257102+02:00,2019-10-01T17:29:58.552073359+02:00,30580.361816
2019-10-01 15:37:10.618280702+02:00,1569937030618280702,1,bid,0.4500000000000028,84.59,84.6,84.14,23812.4280236,0,23812.4280236,quantile,0.99,0.4500000000000028,2019-10-01T09:00:18.190257102+02:00,2019-10-01T09:00:18.190257102+02:00,2019-10-01T17:29:58.552073359+02:00,30580.361816
2019-10-01 15:37:27.847809742+02:00,1569937047847809742,1,bid,0.6000000000000085,84.56,84.58,83.96,23829.65755264,0,23829.65755264,quantile,0.99,0.4500000000000028,2019-10-01T09:00:18.190257102+02:00,2019-10-01T09:00:18.190257102+02:00,2019-10-01T17:29:58.552073359+02:00,30580.361816
2019-10-01 15:37:47.415644215+02:00,1569937067415644215,1,bid,0.4500000000000028,84.55,84.56,84.1,23849.225387113,0,23849.225387113,quantile,0.99,0.4500000000000028,2019-10-01T09:00:18.190257102+02:00,2019-10-01T09:00:18.190257102+02:00,2019-10-01T17:29:58.552073359+02:00,30580.361816
2019-10-01 15:38:52.766883130+02:00,1569937132766883130,1,bid,0.8199999999999932,84.49,84.5,83.67,23914.576626028,0,23914.576626028,quantile,0.99,0.4500000000000028,2019-10-01T09:00:18.190257102+02:00,2019-10-01T09:00:18.190257102+02:00,2019-10-01T17:29:58.552073359+02:00,30580.361816
2019-10-01 15:39:07.177735420+02:00,1569937147177735420,1,bid,0.6000000000000085,84.45,84.48,83.85,23928.987478318,0,23928.987478318,quantile,0.99,0.4500000000000028,2019-10-01T09:00:18.190257102+02:00,2019-10-01T09:00:18.190257102+02:00,2019-10-01T17:29:58.552073359+02:00,30580.361816
2019-10-01 15:39:07.179262260+02:00,1569937147179262260,1,bid,0.4500000000000028,84.45,84.47,84.0,23928.989005158,0,23928.989005158,quantile,0.99,0.4500000000000028,2019-10-01T09:00:18.190257102+02:00,2019-10-01T09:00:18.190257102+02:00,2019-10-01T17:29:58.552073359+02:00,30580.361816
2019-10-01 15:40:07.473584456+02:00,1569937207473584456,1,bid,0.4500000000000028,84.44,84.46,83.99,23989.283327354,0,23989.283327354,quantile,0.99,0.4500000000000028,2019-10-01T09:00:18.190257102+02:00,2019-10-01T09:00:18.190257102+02:00,2019-10-01T17:29:58.552073359+02:00,30580.361816
2019-10-01 15:40:24.595456844+02:00,1569937224595456844,1,bid,0.4500000000000028,84.41,84.43,83.96,24006.405199742,0,24006.405199742,quantile,0.99,0.4500000000000028,2019-10-01T09:00:18.190257102+02:00,2019-10-01T09:00:18.190257102+02:00,2019-10-01T17:29:58.552073359+02:00,30580.361816
2019-10-01 15:41:01.266405050+02:00,1569937261266405050,1,bid,0.4599999999999937,84.39,84.41,83.93,24043.076147948,0,24043.076147948,quantile,0.99,0.4500000000000028,2019-10-01T09:00:18.190257102+02:00,2019-10-01T09:00:18.190257102+02:00,2019-10-01T17:29:58.552073359+02:00,30580.361816
2019-10-01 15:44:16.834292952+02:00,1569937456834292952,1,bid,0.4500000000000028,84.37,84.39,83.92,24238.64403585,0,24238.64403585,quantile,0.99,0.4500000000000028,2019-10-01T09:00:18.190257102+02:00,2019-10-01T09:00:18.190257102+02:00,2019-10-01T17:29:58.552073359+02:00,30580.361816
2019-10-01 15:46:35.260317913+02:00,1569937595260317913,1,bid,0.4500000000000028,84.47,84.49,84.02,24377.070060811,0,24377.070060811,quantile,0.99,0.4500000000000028,2019-10-01T09:00:18.190257102+02:00,2019-10-01T09:00:18.190257102+02:00,2019-10-01T17:29:58.552073359+02:00,30580.361816
2019-10-01 15:46:40.106002825+02:00,1569937600106002825,1,bid,0.4500000000000028,84.48,84.5,84.03,24381.915745723,0,24381.915745723,quantile,0.99,0.4500000000000028,2019-10-01T09:00:18.190257102+02:00,2019-10-01T09:00:18.190257102+02:00,2019-10-01T17:29:58.552073359+02:00,30580.361816
2019-10-01 15:47:00.400755175+02:00,1569937620400755175,1,bid,0.5999999999999943,84.49,84.51,83.89,24402.210498073,0,24402.210498073,quantile,0.99,0.4500000000000028,2019-10-01T09:00:18.190257102+02:00,2019-10-01T09:00:18.190257102+02:00,2019-10-01T17:29:58.552073359+02:00,30580.361816
2019-10-01 15:47:07.236734725+02:00,1569937627236734725,1,bid,0.8299999999999983,84.5,84.51,83.67,24409.046477623,0,24409.046477623,quantile,0.99,0.4500000000000028,2019-10-01T09:00:18.190257102+02:00,2019-10-01T09:00:18.190257102+02:00,2019-10-01T17:29:58.552073359+02:00,30580.361816
2019-10-01 15:48:14.396990391+02:00,1569937694396990391,1,bid,0.4500000000000028,84.54,84.55,84.09,24476.206733289,0,24476.206733289,quantile,0.99,0.4500000000000028,2019-10-01T09:00:18.190257102+02:00,2019-10-01T09:00:18.190257102+02:00,2019-10-01T17:29:58.552073359+02:00,30580.361816
2019-10-01 15:48:21.007401442+02:00,1569937701007401442,1,bid,0.4500000000000028,84.52,84.55,84.07,24482.81714434,0,24482.81714434,quantile,0.99,0.4500000000000028,2019-10-01T09:00:18.190257102+02:00,2019-10-01T09:00:18.190257102+02:00,2019-10-01T17:29:58.552073359+02:00,30580.361816
2019-10-01 15:48:34.511427253+02:00,1569937714511427253,1,bid,0.4500000000000028,84.53,84.54,84.08,24496.321170151,0,24496.321170151,quantile,0.99,0.4500000000000028,2019-10-01T09:00:18.190257102+02:00,2019-10-01T09:00:18.190257102+02:00,2019-10-01T17:29:58.552073359+02:00,30580.361816
2019-10-01 15:48:51.008144804+02:00,1569937731008144804,1,bid,0.4500000000000028,84.51,84.53,84.06,24512.817887702,0,24512.817887702,quantile,0.99,0.4500000000000028,2019-10-01T09:00:18.190257102+02:00,2019-10-01T09:00:18.190257102+02:00,2019-10-01T17:29:58.552073359+02:00,30580.361816
2019-10-01 15:49:49.832009691+02:00,1569937789832009691,1,bid,0.4500000000000028,84.53,84.55,84.08,24571.641752589,0,24571.641752589,quantile,0.99,0.4500000000000028,2019-10-01T09:00:18.190257102+02:00,2019-10-01T09:00:18.190257102+02:00,2019-10-01T17:29:58.552073359+02:00,30580.361816
2019-10-01 15:49:54.096574195+02:00,1569937794096574195,1,bid,0.4599999999999937,84.52,84.53,84.06,24575.906317093,0,24575.906317093,quantile,0.99,0.4500000000000028,2019-10-01T09:00:18.190257102+02:00,2019-10-01T09:00:18.190257102+02:00,2019-10-01T17:29:58.552073359+02:00,30580.361816
2019-10-01 15:50:14.858284341+02:00,1569937814858284341,1,bid,0.4500000000000028,84.53,84.54,84.08,24596.668027239,0,24596.668027239,quantile,0.99,0.4500000000000028,2019-10-01T09:00:18.190257102+02:00,2019-10-01T09:00:18.190257102+02:00,2019-10-01T17:29:58.552073359+02:00,30580.361816
2019-10-01 15:50:34.015672969+02:00,1569937834015672969,1,bid,0.4500000000000028,84.51,84.52,84.06,24615.825415867,0,24615.825415867,quantile,0.99,0.4500000000000028,2019-10-01T09:00:18.190257102+02:00,2019-10-01T09:00:18.190257102+02:00,2019-10-01T17:29:58.552073359+02:00,30580.361816
2019-10-01 15:52:00.003431702+02:00,1569937920003431702,1,bid,0.5999999999999943,84.6,84.61,84.0,24701.8131746,0,24701.8131746,quantile,0.99,0.4500000000000028,2019-10-01T09:00:18.190257102+02:00,2019-10-01T09:00:18.190257102+02:00,2019-10-01T17:29:58.552073359+02:00,30580.361816
2019-10-01 15:52:06.549924239+02:00,1569937926549924239,1,bid,0.4500000000000028,84.59,84.61,84.14,24708.359667137,0,24708.359667137,quantile,0.99,0.4500000000000028,2019-10-01T09:00:18.190257102+02:00,2019-10-01T09:00:18.190257102+02:00,2019-10-01T17:29:58.552073359+02:00,30580.361816
2019-10-01 15:54:08.058546217+02:00,1569938048058546217,1,bid,0.4500000000000028,84.55,84.57,84.1,24829.868289115,0,24829.868289115,quantile,0.99,0.4500000000000028,2019-10-01T09:00:18.190257102+02:00,2019-10-01T09:00:18.190257102+02:00,2019-10-01T17:29:58.552073359+02:00,30580.361816
2019-10-01 15:54:59.454670329+02:00,1569938099454670329,1,bid,0.4500000000000028,84.53,84.55,84.08,24881.264413227,0,24881.264413227,quantile,0.99,0.4500000000000028,2019-10-01T09:00:18.190257102+02:00,2019-10-01T09:00:18.190257102+02:00,2019-10-01T17:29:58.552073359+02:00,30580.361816
2019-10-01 15:56:10.872195092+02:00,1569938170872195092,1,bid,0.4500000000000028,84.51,84.52,84.06,24952.68193799,0,24952.68193799,quantile,0.99,0.4500000000000028,2019-10-01T09:00:18.190257102+02:00,2019-10-01T09:00:18.190257102+02:00,2019-10-01T17:29:58.552073359+02:00,30580.361816
2019-10-01 15:56:31.232012731+02:00,1569938191232012731,1,bid,0.4500000000000028,84.52,84.54,84.07,24973.041755629,0,24973.041755629,quantile,0.99,0.4500000000000028,2019-10-01T09:00:18.190257102+02:00,2019-10-01T09:00:18.190257102+02:00,2019-10-01T17:29:58.552073359+02:00,30580.361816
2019-10-01 15:56:54.099853800+02:00,1569938214099853800,1,bid,0.4500000000000028,84.52,84.54,84.07,24995.909596698,0,24995.909596698,quantile,0.99,0.4500000000000028,2019-10-01T09:00:18.190257102+02:00,2019-10-01T09:00:18.190257102+02:00,2019-10-01T17:29:58.552073359+02:00,30580.361816
2019-10-01 15:57:07.870891954+02:00,1569938227870891954,1,bid,0.5900000000000034,84.53,84.54,83.94,25009.680634852,0,25009.680634852,quantile,0.99,0.4500000000000028,2019-10-01T09:00:18.190257102+02:00,2019-10-01T09:00:18.190257102+02:00,2019-10-01T17:29:58.552073359+02:00,30580.361816
2019-10-01 15:58:25.709275928+02:00,1569938305709275928,1,bid,0.4500000000000028,84.54,84.56,84.09,25087.519018826,0,25087.519018826,quantile,0.99,0.4500000000000028,2019-10-01T09:00:18.190257102+02:00,2019-10-01T09:00:18.190257102+02:00,2019-10-01T17:29:58.552073359+02:00,30580.361816
2019-10-01 15:58:56.600264827+02:00,1569938336600264827,1,bid,0.4600000000000079,84.56,84.57,84.1,25118.410007725,0,25118.410007725,quantile,0.99,0.4500000000000028,2019-10-01T09:00:18.190257102+02:00,2019-10-01T09:00:18.190257102+02:00,2019-10-01T17:29:58.552073359+02:00,30580.361816
2019-10-01 15:59:38.458789019+02:00,1569938378458789019,1,bid,0.4500000000000028,84.51,84.53,84.06,25160.268531917,0,25160.268531917,quantile,0.99,0.4500000000000028,2019-10-01T09:00:18.190257102+02:00,2019-10-01T09:00:18.190257102+02:00,2019-10-01T17:29:58.552073359+02:00,30580.361816
2019-10-01 16:00:02.010159131+02:00,1569938402010159131,1,bid,0.5,84.28,84.35,83.78,25183.819902029,0,25183.819902029,quantile,0.99,0.4500000000000028,2019-10-01T09:00:18.190257102+02:00,2019-10-01T09:00:18.190257102+02:00,2019-10-01T17:29:58.552073359+02:00,30580.361816
2019-10-01 16:00:02.678128399+02:00,1569938402678128399,1,bid,0.4500000000000028,84.28,84.35,83.83,25184.487871297,0,25184.487871297,quantile,0.99,0.4500000000000028,2019-10-01T09:00:18.190257102+02:00,2019-10-01T09:00:18.190257102+02:00,2019-10-01T17:29:58.552073359+02:00,30580.361816
2019-10-01 16:00:04.626974113+02:00,1569938404626974113,1,bid,0.4500000000000028,84.29,84.36,83.84,25186.436717011,0,25186.436717011,quantile,0.99,0.4500000000000028,2019-10-01T09:00:18.190257102+02:00,2019-10-01T09:00:18.190257102+02:00,2019-10-01T17:29:58.552073359+02:00,30580.361816
2019-10-01 16:00:12.095569367+02:00,1569938412095569367,1,bid,4.329999999999998,84.33,84.37,80.0,25193.905312265,0,25193.905312265,quantile,0.99,0.4500000000000028,2019-10-01T09:00:18.190257102+02:00,2019-10-01T09:00:18.190257102+02:00,2019-10-01T17:29:58.552073359+02:00,30580.361816
2019-10-01 16:00:27.383995570+02:00,1569938427383995570,1,bid,0.4599999999999937,84.35,84.36,83.89,25209.193738468,0,25209.193738468,quantile,0.99,0.4500000000000028,2019-10-01T09:00:18.190257102+02:00,2019-10-01T09:00:18.190257102+02:00,2019-10-01T17:29:58.552073359+02:00,30580.361816
2019-10-01 16:00:38.152598421+02:00,1569938438152598421,1,bid,0.4500000000000028,84.37,84.41,83.92,25219.962341319,0,25219.962341319,quantile,0.99,0.4500000000000028,2019-10-01T09:00:18.190257102+02:00,2019-10-01T09:00:18.190257102+02:00,2019-10-01T17:29:58.552073359+02:00,30580.361816
2019-10-01 16:00:46.637931644+02:00,1569938446637931644,1,bid,0.4500000000000028,84.36,84.4,83.91,25228.447674542,0,25228.447674542,quantile,0.99,0.4500000000000028,2019-10-01T09:00:18.190257102+02:00,2019-10-01T09:00:18.190257102+02:00,2019-10-01T17:29:58.552073359+02:00,30580.361816
2019-10-01 16:00:51.670558197+02:00,1569938451670558197,1,bid,0.4699999999999988,84.37,84.4,83.9,25233.480301095,0,25233.480301095,quantile,0.99,0.4500000000000028,2019-10-01T09:00:18.190257102+02:00,2019-10-01T09:00:18.190257102+02:00,2019-10-01T17:29:58.552073359+02:00,30580.361816
2019-10-01 16:01:46.540212829+02:00,1569938506540212829,1,bid,0.4500000000000028,84.43,84.46,83.98,25288.349955727,0,25288.349955727,quantile,0.99,0.4500000000000028,2019-10-01T09:00:18.190257102+02:00,2019-10-01T09:00:18.190257102+02:00,2019-10-01T17:29:58.552073359+02:00,30580.361816
2019-10-01 16:01:47.201020092+02:00,1569938507201020092,1,bid,0.4599999999999937,84.41,84.42,83.95,25289.01076299,0,25289.01076299,quantile,0.99,0.4500000000000028,2019-10-01T09:00:18.190257102+02:00,2019-10-01T09:00:18.190257102+02:00,2019-10-01T17:29:58.552073359+02:00,30580.361816
2019-10-01 16:02:00.685765101+02:00,1569938520685765101,1,bid,0.6000000000000085,84.43,84.45,83.83,25302.495507999,0,25302.495507999,quantile,0.99,0.4500000000000028,2019-10-01T09:00:18.190257102+02:00,2019-10-01T09:00:18.190257102+02:00,2019-10-01T17:29:58.552073359+02:00,30580.361816
2019-10-01 16:02:01.960151928+02:00,1569938521960151928,1,bid,0.5900000000000034,84.43,84.46,83.84,25303.769894826,0,25303.769894826,quantile,0.99,0.4500000000000028,2019-10-01T09:00:18.190257102+02:00,2019-10-01T09:00:18.190257102+02:00,2019-10-01T17:29:58.552073359+02:00,30580.361816
2019-10-01 16:02:07.231294895+02:00,1569938527231294895,1,bid,0.8200000000000074,84.42,84.44,83.6,25309.041037793,0,25309.041037793,quantile,0.99,0.4500000000000028,2019-10-01T09:00:18.190257102+02:00,2019-10-01T09:00:18.190257102+02:00,2019-10-01T17:29:58.552073359+02:00,30580.361816
2019-10-01 16:02:17.419634979+02:00,1569938537419634979,1,bid,0.4599999999999937,84.41,84.43,83.95,25319.229377877,0,25319.229377877,quantile,0.99,0.4500000000000028,2019-10-01T09:00:18.190257102+02:00,2019-10-01T09:00:18.190257102+02:00,2019-10-01T17:29:58.552073359+02:00,30580.361816
2019-10-01 16:02:23.994259658+02:00,1569938543994259658,1,bid,0.4600000000000079,84.4,84.41,83.94,25325.804002556,0,25325.804002556,quantile,0.99,0.4500000000000028,2019-10-01T09:00:18.190257102+02:00,2019-10-01T09:00:18.190257102+02:00,2019-10-01T17:29:58.552073359+02:00,30580.361816
2019-10-01 16:02:26.204720965+02:00,1569938546204720965,1,bid,0.4500000000000028,84.41,84.43,83.96,25328.014463863,0,25328.014463863,quantile,0.99,0.4500000000000028,2019-10-01T09:00:18.190257102+02:00,2019-10-01T09:00:18.190257102+02:00,2019-10-01T17:29:58.552073359+02:00,30580.361816
2019-10-01 16:03:06.713383086+02:00,1569938586713383086,1,bid,1.0,84.39,84.42,83.39,25368.523125984,0,25368.523125984,quantile,0.99,0.4500000000000028,2019-10-01T09:00:18.190257102+02:00,2019-10-01T09:00:18.190257102+02:00,2019-10-01T17:29:58.552073359+02:00,30580.361816
2019-10-01 16:03:16.812887499+02:00,1569938596812887499,1,bid,1.0,84.36,84.38,83.36,25378.622630397,0,25378.622630397,quantile,0.99,0.4500000000000028,2019-10-01T09:00:18.190257102+02:00,2019-10-01T09:00:18.190257102+02:00,2019-10-01T17:29:58.552073359+02:00,30580.361816
2019-10-01 16:03:34.684523152+02:00,1569938614684523152,1,bid,0.5999999999999943,84.32,84.34,83.72,25396.49426605,0,25396.49426605,quantile,0.99,0.4500000000000028,2019-10-01T09:00:18.190257102+02:00,2019-10-01T09:00:18.190257102+02:00,2019-10-01T17:29:58.552073359+02:00,30580.361816
2019-10-01 16:03:54.519078401+02:00,1569938634519078401,1,bid,0.8299999999999983,84.26,84.27,83.43,25416.328821299,0,25416.328821299,quantile,0.99,0.4500000000000028,2019-10-01T09:00:18.190257102+02:00,2019-10-01T09:00:18.190257102+02:00,2019-10-01T17:29:58.552073359+02:00,30580.361816
2019-10-01 16:03:56.627396588+02:00,1569938636627396588,1,bid,0.5999999999999943,84.21,84.23,83.61,25418.437139486,0,25418.437139486,quantile,0.99,0.4500000000000028,2019-10-01T09:00:18.190257102+02:00,2019-10-01T09:00:18.190257102+02:00,2019-10-01T17:29:58.552073359+02:00,30580.361816
2019-10-01 16:04:02.350592688+02:00,1569938642350592688,1,bid,0.75,84.17,84.19,83.42,25424.160335586,0,25424.160335586,quantile,0.99,0.4500000000000028,2019-10-01T09:00:18.190257102+02:00,2019-10-01T09:00:18.190257102+02:00,2019-10-01T17:29:58.552073359+02:00,30580.361816
2019-10-01 16:04:44.416010624+02:00,1569938684416010624,1,bid,6.209999999999994,84.21,84.23,78.0,25466.225753522,0,25466.225753522,quantile,0.99,0.4500000000000028,2019-10-01T09:00:18.190257102+02:00,2019-10-01T09:00:18.190257102+02:00,2019-10-01T17:29:58.552073359+02:00,30580.361816
2019-10-01 16:05:15.701312909+02:00,1569938715701312909,1,bid,0.4500000000000028,84.18,84.19,83.73,25497.511055807,0,25497.511055807,quantile,0.99,0.4500000000000028,2019-10-01T09:00:18.190257102+02:00,2019-10-01T09:00:18.190257102+02:00,2019-10-01T17:29:58.552073359+02:00,30580.361816
2019-10-01 16:05:20.005922487+02:00,1569938720005922487,1,bid,0.4600000000000079,84.15,84.19,83.69,25501.815665385,0,25501.815665385,quantile,0.99,0.4500000000000028,2019-10-01T09:00:18.190257102+02:00,2019-10-01T09:00:18.190257102+02:00,2019-10-01T17:29:58.552073359+02:00,30580.361816
2019-10-01 16:05:30.306906618+02:00,1569938730306906618,1,bid,0.4600000000000079,84.12,84.13,83.66,25512.116649516,0,25512.116649516,quantile,0.99,0.4500000000000028,2019-10-01T09:00:18.190257102+02:00,2019-10-01T09:00:18.190257102+02:00,2019-10-01T17:29:58.552073359+02:00,30580.361816
2019-10-01 16:06:58.246562221+02:00,1569938818246562221,1,bid,0.4500000000000028,84.16,84.19,83.71,25600.056305119,0,25600.056305119,quantile,0.99,0.4500000000000028,2019-10-01T09:00:18.190257102+02:00,2019-10-01T09:00:18.190257102+02:00,2019-10-01T17:29:58.552073359+02:00,30580.361816
2019-10-01 16:10:02.122267628+02:00,1569939002122267628,1,bid,0.5999999999999943,84.1,84.13,83.5,25783.932010526,0,25783.932010526,quantile,0.99,0.4500000000000028,2019-10-01T09:00:18.190257102+02:00,2019-10-01T09:00:18.190257102+02:00,2019-10-01T17:29:58.552073359+02:00,30580.361816
2019-10-01 16:10:11.483947435+02:00,1569939011483947435,1,bid,0.4699999999999988,84.1,84.11,83.63,25793.293690333,0,25793.293690333,quantile,0.99,0.4500000000000028,2019-10-01T09:00:18.190257102+02:00,2019-10-01T09:00:18.190257102+02:00,2019-10-01T17:29:58.552073359+02:00,30580.361816
2019-10-01 16:10:11.485101843+02:00,1569939011485101843,1,bid,0.4500000000000028,84.09,84.1,83.64,25793.294844741,0,25793.294844741,quantile,0.99,0.4500000000000028,2019-10-01T09:00:18.190257102+02:00,2019-10-01T09:00:18.190257102+02:00,2019-10-01T17:29:58.552073359+02:00,30580.361816
2019-10-01 16:11:05.191563979+02:00,1569939065191563979,1,bid,0.4500000000000028,84.15,84.17,83.7,25847.001306877,0,25847.001306877,quantile,0.99,0.4500000000000028,2019-10-01T09:00:18.190257102+02:00,2019-10-01T09:00:18.190257102+02:00,2019-10-01T17:29:58.552073359+02:00,30580.361816
2019-10-01 16:12:52.116822548+02:00,1569939172116822548,1,bid,0.5999999999999943,84.21,84.23,83.61,25953.926565446,0,25953.926565446,quantile,0.99,0.4500000000000028,2019-10-01T09:00:18.190257102+02:00,2019-10-01T09:00:18.190257102+02:00,2019-10-01T17:29:58.552073359+02:00,30580.361816
2019-10-01 16:12:54.627559291+02:00,1569939174627559291,1,bid,0.4500000000000028,84.19,84.2,83.74,25956.437302189,0,25956.437302189,quantile,0.99,0.4500000000000028,2019-10-01T09:00:18.190257102+02:00,2019-10-01T09:00:18.190257102+02:00,2019-10-01T17:29:58.552073359+02:00,30580.361816
2019-10-01 16:13:02.105948318+02:00,1569939182105948318,1,bid,0.4500000000000028,84.16,84.18,83.71,25963.915691216,0,25963.915691216,quantile,0.99,0.4500000000000028,2019-10-01T09:00:18.190257102+02:00,2019-10-01T09:00:18.190257102+02:00,2019-10-01T17:29:58.552073359+02:00,30580.361816
2019-10-01 16:13:21.158232614+02:00,1569939201158232614,1,bid,0.5999999999999943,84.1,84.13,83.5,25982.967975512,0,25982.967975512,quantile,0.99,0.4500000000000028,2019-10-01T09:00:18.190257102+02:00,2019-10-01T09:00:18.190257102+02:00,2019-10-01T17:29:58.552073359+02:00,30580.361816
2019-10-01 16:13:24.408603347+02:00,1569939204408603347,1,bid,0.4500000000000028,84.16,84.19,83.71,25986.218346245,0,25986.218346245,quantile,0.99,0.4500000000000028,2019-10-01T09:00:18.190257102+02:00,2019-10-01T09:00:18.190257102+02:00,2019-10-01T17:29:58.552073359+02:00,30580.361816
2019-10-01 16:13:52.779293198+02:00,1569939232779293198,1,bid,0.5999999999999943,84.21,84.22,83.61,26014.589036096,0,26014.589036096,quantile,0.99,0.4500000000000028,2019-10-01T09:00:18.190257102+02:00,2019-10-01T09:00:18.190257102+02:00,2019-10-01T17:29:58.552073359+02:00,30580.361816
2019-10-01 16:14:25.252533742+02:00,1569939265252533742,1,bid,0.4500000000000028,84.18,84.19,83.73,26047.06227664,0,26047.06227664,quantile,0.99,0.4500000000000028,2019-10-01T09:00:18.190257102+02:00,2019-10-01T09:00:18.190257102+02:00,2019-10-01T17:29:58.552073359+02:00,30580.361816
2019-10-01 16:15:38.457355285+02:00,1569939338457355285,1,bid,0.4599999999999937,84.19,84.2,83.73,26120.267098183,0,26120.267098183,quantile,0.99,0.4500000000000028,2019-10-01T09:00:18.190257102+02:00,2019-10-01T09:00:18.190257102+02:00,2019-10-01T17:29:58.552073359+02:00,30580.361816
2019-10-01 16:16:00.948344636+02:00,1569939360948344636,1,bid,0.4599999999999937,84.19,84.2,83.73,26142.758087534,0,26142.758087534,quantile,0.99,0.4500000000000028,2019-10-01T09:00:18.190257102+02:00,2019-10-01T09:00:18.190257102+02:00,2019-10-01T17:29:58.552073359+02:00,30580.361816
2019-10-01 16:18:49.197456003+02:00,1569939529197456003,1,bid,0.4500000000000028,84.27,84.29,83.82,26311.007198901,0,26311.007198901,quantile,0.99,0.4500000000000028,2019-10-01T09:00:18.190257102+02:00,2019-10-01T09:00:18.190257102+02:00,2019-10-01T17:29:58.552073359+02:00,30580.361816
2019-10-01 16:19:23.708425632+02:00,1569939563708425632,1,bid,0.5900000000000034,84.26,84.29,83.67,26345.51816853,0,26345.51816853,quantile,0.99,0.4500000000000028,2019-10-01T09:00:18.190257102+02:00,2019-10-01T09:00:18.190257102+02:00,2019-10-01T17:29:58.552073359+02:00,30580.361816
2019-10-01 16:20:22.327905470+02:00,1569939622327905470,1,bid,0.4500000000000028,84.18,84.2,83.73,26404.137648368,0,26404.137648368,quantile,0.99,0.4500000000000028,2019-10-01T09:00:18.190257102+02:00,2019-10-01T09:00:18.190257102+02:00,2019-10-01T17:29:58.552073359+02:00,30580.361816
2019-10-01 16:22:13.572945965+02:00,1569939733572945965,1,bid,0.4500000000000028,84.17,84.19,83.72,26515.382688863,0,26515.382688863,quantile,0.99,0.4500000000000028,2019-10-01T09:00:18.190257102+02:00,2019-10-01T09:00:18.190257102+02:00,2019-10-01T17:29:58.552073359+02:00,30580.361816
2019-10-01 16:22:27.777419420+02:00,1569939747777419420,1,bid,0.4500000000000028,84.14,84.15,83.69,26529.587162318,0,26529.587162318,quantile,0.99,0.4500000000000028,2019-10-01T09:00:18.190257102+02:00,2019-10-01T09:00:18.190257102+02:00,2019-10-01T17:29:58.552073359+02:00,30580.361816
2019-10-01 16:26:09.608824122+02:00,1569939969608824122,1,bid,0.4500000000000028,84.16,84.18,83.71,26751.41856702,0,26751.41856702,quantile,0.99,0.4500000000000028,2019-10-01T09:00:18.190257102+02:00,2019-10-01T09:00:18.190257102+02:00,2019-10-01T17:29:58.552073359+02:00,30580.361816
2019-10-01 16:27:24.379382378+02:00,1569940044379382378,1,bid,0.5999999999999943,84.1,84.11,83.5,26826.189125276,0,26826.189125276,quantile,0.99,0.4500000000000028,2019-10-01T09:00:18.190257102+02:00,2019-10-01T09:00:18.190257102+02:00,2019-10-01T17:29:58.552073359+02:00,30580.361816
2019-10-01 16:30:31.177501031+02:00,1569940231177501031,1,bid,0.4599999999999937,84.08,84.09,83.62,27012.987243929,0,27012.987243929,quantile,0.99,0.4500000000000028,2019-10-01T09:00:18.190257102+02:00,2019-10-01T09:00:18.190257102+02:00,2019-10-01T17:29:58.552073359+02:00,30580.361816
2019-10-01 16:33:41.957270875+02:00,1569940421957270875,1,bid,0.4599999999999937,84.05,84.06,83.59,27203.767013773,0,27203.767013773,quantile,0.99,0.4500000000000028,2019-10-01T09:00:18.190257102+02:00,2019-10-01T09:00:18.190257102+02:00,2019-10-01T17:29:58.552073359+02:00,30580.361816
2019-10-01 16:37:52.647902846+02:00,1569940672647902846,1,bid,2.049999999999997,84.05,84.06,82.0,27454.457645744,0,27454.457645744,quantile,0.99,0.4500000000000028,2019-10-01T09:00:18.190257102+02:00,2019-10-01T09:00:18.190257102+02:00,2019-10-01T17:29:58.552073359+02:00,30580.361816
2019-10-01 16:38:36.128439072+02:00,1569940716128439072,1,bid,0.4500000000000028,84.04,84.05,83.59,27497.93818197,0,27497.93818197,quantile,0.99,0.4500000000000028,2019-10-01T09:00:18.190257102+02:00,2019-10-01T09:00:18.190257102+02:00,2019-10-01T17:29:58.552073359+02:00,30580.361816
2019-10-01 16:38:40.437588797+02:00,1569940720437588797,1,bid,0.8200000000000074,84.01,84.03,83.19,27502.247331695,0,27502.247331695,quantile,0.99,0.4500000000000028,2019-10-01T09:00:18.190257102+02:00,2019-10-01T09:00:18.190257102+02:00,2019-10-01T17:29:58.552073359+02:00,30580.361816
2019-10-01 16:38:41.168633861+02:00,1569940721168633861,1,bid,0.4500000000000028,84.01,84.03,83.56,27502.978376759,0,27502.978376759,quantile,0.99,0.4500000000000028,2019-10-01T09:00:18.190257102+02:00,2019-10-01T09:00:18.190257102+02:00,2019-10-01T17:29:58.552073359+02:00,30580.361816
2019-10-01 16:39:27.838783341+02:00,1569940767838783341,1,bid,0.5999999999999943,83.99,84.01,83.39,27549.648526239,0,27549.648526239,quantile,0.99,0.4500000000000028,2019-10-01T09:00:18.190257102+02:00,2019-10-01T09:00:18.190257102+02:00,2019-10-01T17:29:58.552073359+02:00,30580.361816
2019-10-01 16:39:27.963174538+02:00,1569940767963174538,1,bid,0.4500000000000028,83.98,84.0,83.53,27549.772917436,0,27549.772917436,quantile,0.99,0.4500000000000028,2019-10-01T09:00:18.190257102+02:00,2019-10-01T09:00:18.190257102+02:00,2019-10-01T17:29:58.552073359+02:00,30580.361816
2019-10-01 16:40:18.840182785+02:00,1569940818840182785,1,bid,0.4500000000000028,83.98,84.0,83.53,27600.649925683,0,27600.649925683,quantile,0.99,0.4500000000000028,2019-10-01T09:00:18.190257102+02:00,2019-10-01T09:00:18.190257102+02:00,2019-10-01T17:29:58.552073359+02:00,30580.361816
2019-10-01 16:41:49.956712749+02:00,1569940909956712749,1,bid,0.4500000000000028,83.98,83.99,83.53,27691.766455647,0,27691.766455647,quantile,0.99,0.4500000000000028,2019-10-01T09:00:18.190257102+02:00,2019-10-01T09:00:18.190257102+02:00,2019-10-01T17:29:58.552073359+02:00,30580.361816
2019-10-01 16:42:03.748827300+02:00,1569940923748827300,1,bid,0.4500000000000028,83.95,83.97,83.5,27705.558570198,0,27705.558570198,quantile,0.99,0.4500000000000028,2019-10-01T09:00:18.190257102+02:00,2019-10-01T09:00:18.190257102+02:00,2019-10-01T17:29:58.552073359+02:00,30580.361816
2019-10-01 16:42:30.658442857+02:00,1569940950658442857,1,bid,0.8300000000000125,83.93,83.94,83.1,27732.468185755,0,27732.468185755,quantile,0.99,0.4500000000000028,2019-10-01T09:00:18.190257102+02:00,2019-10-01T09:00:18.190257102+02:00,2019-10-01T17:29:58.552073359+02:00,30580.361816
2019-10-01 16:42:32.052701486+02:00,1569940952052701486,1,bid,0.4500000000000028,83.92,83.94,83.47,27733.862444384,0,27733.862444384,quantile,0.99,0.4500000000000028,2019-10-01T09:00:18.190257102+02:00,2019-10-01T09:00:18.190257102+02:00,2019-10-01T17:29:58.552073359+02:00,30580.361816
2019-10-01 16:43:32.298657159+02:00,1569941012298657159,1,bid,0.4500000000000028,83.92,83.94,83.47,27794.108400057,0,27794.108400057,quantile,0.99,0.4500000000000028,2019-10-01T09:00:18.190257102+02:00,2019-10-01T09:00:18.190257102+02:00,2019-10-01T17:29:58.552073359+02:00,30580.361816
2019-10-01 16:43:32.329767410+02:00,1569941012329767410,1,bid,0.4500000000000028,83.89,83.91,83.44,27794.139510308,0,27794.139510308,quantile,0.99,0.4500000000000028,2019-10-01T09:00:18.190257102+02:00,2019-10-01T09:00:18.190257102+02:00,2019-10-01T17:29:58.552073359+02:00,30580.361816
2019-10-01 16:43:32.338760062+02:00,1569941012338760062,1,bid,0.5999999999999943,83.88,83.9,83.28,27794.14850296,0,27794.14850296,quantile,0.99,0.4500000000000028,2019-10-01T09:00:18.190257102+02:00,2019-10-01T09:00:18.190257102+02:00,2019-10-01T17:29:58.552073359+02:00,30580.361816
2019-10-01 16:43:32.701559219+02:00,1569941012701559219,1,bid,0.4500000000000028,83.86,83.88,83.41,27794.511302117,0,27794.511302117,quantile,0.99,0.4500000000000028,2019-10-01T09:00:18.190257102+02:00,2019-10-01T09:00:18.190257102+02:00,2019-10-01T17:29:58.552073359+02:00,30580.361816
2019-10-01 16:44:14.245833024+02:00,1569941054245833024,1,bid,0.4500000000000028,83.86,83.88,83.41,27836.055575922,0,27836.055575922,quantile,0.99,0.4500000000000028,2019-10-01T09:00:18.190257102+02:00,2019-10-01T09:00:18.190257102+02:00,2019-10-01T17:29:58.552073359+02:00,30580.361816
2019-10-01 16:46:35.543709956+02:00,1569941195543709956,1,bid,0.4500000000000028,83.86,83.87,83.41,27977.353452854,0,27977.353452854,quantile,0.99,0.4500000000000028,2019-10-01T09:00:18.190257102+02:00,2019-10-01T09:00:18.190257102+02:00,2019-10-01T17:29:58.552073359+02:00,30580.361816
2019-10-01 16:46:57.705855961+02:00,1569941217705855961,1,bid,0.4500000000000028,83.83,83.85,83.38,27999.515598859,0,27999.515598859,quantile,0.99,0.4500000000000028,2019-10-01T09:00:18.190257102+02:00,2019-10-01T09:00:18.190257102+02:00,2019-10-01T17:29:58.552073359+02:00,30580.361816
2019-10-01 16:47:06.013413036+02:00,1569941226013413036,1,bid,0.4500000000000028,83.83,83.86,83.38,28007.823155934,0,28007.823155934,quantile,0.99,0.4500000000000028,2019-10-01T09:00:18.190257102+02:00,2019-10-01T09:00:18.190257102+02:00,2019-10-01T17:29:58.552073359+02:00,30580.361816
2019-10-01 16:47:36.306581005+02:00,1569941256306581005,1,bid,0.8499999999999943,83.85,83.87,83.0,28038.116323903,0,28038.116323903,quantile,0.99,0.4500000000000028,2019-10-01T09:00:18.190257102+02:00,2019-10-01T09:00:18.190257102+02:00,2019-10-01T17:29:58.552073359+02:00,30580.361816
2019-10-01 16:49:06.769269808+02:00,1569941346769269808,1,bid,0.4500000000000028,83.83,83.85,83.38,28128.579012706,0,28128.579012706,quantile,0.99,0.4500000000000028,2019-10-01T09:00:18.190257102+02:00,2019-10-01T09:00:18.190257102+02:00,2019-10-01T17:29:58.552073359+02:00,30580.361816
2019-10-01 16:49:26.696114701+02:00,1569941366696114701,1,bid,0.4500000000000028,83.8,83.81,83.35,28148.505857599,0,28148.505857599,quantile,0.99,0.4500000000000028,2019-10-01T09:00:18.190257102+02:00,2019-10-01T09:00:18.190257102+02:00,2019-10-01T17:29:58.552073359+02:00,30580.361816
2019-10-01 16:49:47.431400207+02:00,1569941387431400207,1,bid,0.4600000000000079,83.81,83.82,83.35,28169.241143105,0,28169.241143105,quantile,0.99,0.4500000000000028,2019-10-01T09:00:18.190257102+02:00,2019-10-01T09:00:18.190257102+02:00,2019-10-01T17:29:58.552073359+02:00,30580.361816
2019-10-01 16:49:54.437055510+02:00,1569941394437055510,1,bid,0.6099999999999994,83.76,83.79,83.15,28176.246798408,0,28176.246798408,quantile,0.99,0.4500000000000028,2019-10-01T09:00:18.190257102+02:00,2019-10-01T09:00:18.190257102+02:00,2019-10-01T17:29:58.552073359+02:00,30580.361816
2019-10-01 16:49:54.657402701+02:00,1569941394657402701,1,bid,0.4599999999999937,83.74,83.76,83.28,28176.467145599,0,28176.467145599,quantile,0.99,0.4500000000000028,2019-10-01T09:00:18.190257102+02:00,2019-10-01T09:00:18.190257102+02:00,2019-10-01T17:29:58.552073359+02:00,30580.361816
2019-10-01 16:50:06.704864081+02:00,1569941406704864081,1,bid,0.4500000000000028,83.78,83.8,83.33,28188.514606979,0,28188.514606979,quantile,0.99,0.4500000000000028,2019-10-01T09:00:18.190257102+02:00,2019-10-01T09:00:18.190257102+02:00,2019-10-01T17:29:58.552073359+02:00,30580.361816
2019-10-01 16:50:14.295920033+02:00,1569941414295920033,1,bid,0.4500000000000028,83.78,83.81,83.33,28196.105662931,0,28196.105662931,quantile,0.99,0.4500000000000028,2019-10-01T09:00:18.190257102+02:00,2019-10-01T09:00:18.190257102+02:00,2019-10-01T17:29:58.552073359+02:00,30580.361816
2019-10-01 16:50:44.536134892+02:00,1569941444536134892,1,bid,0.4600000000000079,83.79,83.8,83.33,28226.34587779,0,28226.34587779,quantile,0.99,0.4500000000000028,2019-10-01T09:00:18.190257102+02:00,2019-10-01T09:00:18.190257102+02:00,2019-10-01T17:29:58.552073359+02:00,30580.361816
2019-10-01 16:51:57.601323826+02:00,1569941517601323826,1,bid,0.4599999999999937,83.8,83.82,83.34,28299.411066724,0,28299.411066724,quantile,0.99,0.4500000000000028,2019-10-01T09:00:18.190257102+02:00,2019-10-01T09:00:18.190257102+02:00,2019-10-01T17:29:58.552073359+02:00,30580.361816
2019-10-01 16:52:30.348104514+02:00,1569941550348104514,1,bid,0.4500000000000028,83.79,83.8,83.34,28332.157847412,0,28332.157847412,quantile,0.99,0.4500000000000028,2019-10-01T09:00:18.190257102+02:00,2019-10-01T09:00:18.190257102+02:00,2019-10-01T17:29:58.552073359+02:00,30580.361816
2019-10-01 16:54:16.298355196+02:00,1569941656298355196,1,bid,0.6099999999999994,83.87,83.89,83.26,28438.108098094,0,28438.108098094,quantile,0.99,0.4500000000000028,2019-10-01T09:00:18.190257102+02:00,2019-10-01T09:00:18.190257102+02:00,2019-10-01T17:29:58.552073359+02:00,30580.361816
2019-10-01 16:56:50.321870692+02:00,1569941810321870692,1,bid,0.4500000000000028,83.81,83.82,83.36,28592.13161359,0,28592.13161359,quantile,0.99,0.4500000000000028,2019-10-01T09:00:18.190257102+02:00,2019-10-01T09:00:18.190257102+02:00,2019-10-01T17:29:58.552073359+02:00,30580.361816
2019-10-01 16:57:11.939055251+02:00,1569941831939055251,1,bid,0.8100000000000023,83.81,83.83,83.0,28613.748798149,0,28613.748798149,quantile,0.99,0.4500000000000028,2019-10-01T09:00:18.190257102+02:00,2019-10-01T09:00:18.190257102+02:00,2019-10-01T17:29:58.552073359+02:00,30580.361816
2019-10-01 16:57:40.213387811+02:00,1569941860213387811,1,bid,0.4500000000000028,83.84,83.86,83.39,28642.023130709,0,28642.023130709,quantile,0.99,0.4500000000000028,2019-10-01T09:00:18.190257102+02:00,2019-10-01T09:00:18.190257102+02:00,2019-10-01T17:29:58.552073359+02:00,30580.361816
2019-10-01 16:58:40.537873472+02:00,1569941920537873472,1,bid,0.4500000000000028,83.81,83.83,83.36,28702.34761637,0,28702.34761637,quantile,0.99,0.4500000000000028,2019-10-01T09:00:18.190257102+02:00,2019-10-01T09:00:18.190257102+02:00,2019-10-01T17:29:58.552073359+02:00,30580.361816
2019-10-01 16:58:53.628379659+02:00,1569941933628379659,1,bid,0.4600000000000079,83.79,83.81,83.33,28715.438122557,0,28715.438122557,quantile,0.99,0.4500000000000028,2019-10-01T09:00:18.190257102+02:00,2019-10-01T09:00:18.190257102+02:00,2019-10-01T17:29:58.552073359+02:00,30580.361816
2019-10-01 17:00:01.514184691+02:00,1569942001514184691,1,bid,0.5999999999999943,83.75,83.78,83.15,28783.323927589,0,28783.323927589,quantile,0.99,0.4500000000000028,2019-10-01T09:00:18.190257102+02:00,2019-10-01T09:00:18.190257102+02:00,2019-10-01T17:29:58.552073359+02:00,30580.361816
2019-10-01 17:01:46.155679651+02:00,1569942106155679651,1,bid,0.5999999999999943,83.86,83.88,83.26,28887.965422549,0,28887.965422549,quantile,0.99,0.4500000000000028,2019-10-01T09:00:18.190257102+02:00,2019-10-01T09:00:18.190257102+02:00,2019-10-01T17:29:58.552073359+02:00,30580.361816
2019-10-01 17:02:08.713366202+02:00,1569942128713366202,1,bid,5.540000000000006,83.84,83.86,78.3,28910.5231091,0,28910.5231091,quantile,0.99,0.4500000000000028,2019-10-01T09:00:18.190257102+02:00,2019-10-01T09:00:18.190257102+02:00,2019-10-01T17:29:58.552073359+02:00,30580.361816
2019-10-01 17:02:57.203826911+02:00,1569942177203826911,1,bid,6.290000000000006,83.79,83.81,77.5,28959.013569809,0,28959.013569809,quantile,0.99,0.4500000000000028,2019-10-01T09:00:18.190257102+02:00,2019-10-01T09:00:18.190257102+02:00,2019-10-01T17:29:58.552073359+02:00,30580.361816
2019-10-01 17:03:43.930436635+02:00,1569942223930436635,1,bid,0.5999999999999943,83.75,83.76,83.15,29005.740179533,0,29005.740179533,quantile,0.99,0.4500000000000028,2019-10-01T09:00:18.190257102+02:00,2019-10-01T09:00:18.190257102+02:00,2019-10-01T17:29:58.552073359+02:00,30580.361816
2019-10-01 17:03:56.545995485+02:00,1569942236545995485,1,bid,0.4600000000000079,83.76,83.77,83.3,29018.355738383,0,29018.355738383,quantile,0.99,0.4500000000000028,2019-10-01T09:00:18.190257102+02:00,2019-10-01T09:00:18.190257102+02:00,2019-10-01T17:29:58.552073359+02:00,30580.361816
2019-10-01 17:05:10.581667137+02:00,1569942310581667137,1,bid,0.4500000000000028,83.8,83.82,83.35,29092.391410035,0,29092.391410035,quantile,0.99,0.4500000000000028,2019-10-01T09:00:18.190257102+02:00,2019-10-01T09:00:18.190257102+02:00,2019-10-01T17:29:58.552073359+02:00,30580.361816
2019-10-01 17:07:55.976918400+02:00,1569942475976918400,1,bid,0.5999999999999943,83.86,83.87,83.26,29257.786661298,0,29257.786661298,quantile,0.99,0.4500000000000028,2019-10-01T09:00:18.190257102+02:00,2019-10-01T09:00:18.190257102+02:00,2019-10-01T17:29:58.552073359+02:00,30580.361816
2019-10-01 17:07:58.756872384+02:00,1569942478756872384,1,bid,5.75,83.85,83.87,78.1,29260.566615282,0,29260.566615282,quantile,0.99,0.4500000000000028,2019-10-01T09:00:18.190257102+02:00,2019-10-01T09:00:18.190257102+02:00,2019-10-01T17:29:58.552073359+02:00,30580.361816
2019-10-01 17:10:40.314987494+02:00,1569942640314987494,1,bid,0.4500000000000028,83.81,83.82,83.36,29422.124730392,0,29422.124730392,quantile,0.99,0.4500000000000028,2019-10-01T09:00:18.190257102+02:00,2019-10-01T09:00:18.190257102+02:00,2019-10-01T17:29:58.552073359+02:00,30580.361816
2019-10-01 17:11:04.917504729+02:00,1569942664917504729,1,bid,0.4500000000000028,83.81,83.83,83.36,29446.727247627,0,29446.727247627,quantile,0.99,0.4500000000000028,2019-10-01T09:00:18.190257102+02:00,2019-10-01T09:00:18.190257102+02:00,2019-10-01T17:29:58.552073359+02:00,30580.361816
2019-10-01 17:11:27.659342761+02:00,1569942687659342761,1,bid,2.390000000000001,83.79,83.82,81.4,29469.469085659,0,29469.469085659,quantile,0.99,0.4500000000000028,2019-10-01T09:00:18.190257102+02:00,2019-10-01T09:00:18.190257102+02:00,2019-10-01T17:29:58.552073359+02:00,30580.361816
2019-10-01 17:11:57.563036952+02:00,1569942717563036952,1,bid,0.4500000000000028,83.77,83.78,83.32,29499.37277985,0,29499.37277985,quantile,0.99,0.4500000000000028,2019-10-01T09:00:18.190257102+02:00,2019-10-01T09:00:18.190257102+02:00,2019-10-01T17:29:58.552073359+02:00,30580.361816
2019-10-01 17:12:06.053227435+02:00,1569942726053227435,1,bid,0.5999999999999943,83.75,83.77,83.15,29507.862970333,0,29507.862970333,quantile,0.99,0.4500000000000028,2019-10-01T09:00:18.190257102+02:00,2019-10-01T09:00:18.190257102+02:00,2019-10-01T17:29:58.552073359+02:00,30580.361816
2019-10-01 17:14:08.866876935+02:00,1569942848866876935,1,bid,0.5999999999999943,83.64,83.65,83.04,29630.676619833,0,29630.676619833,quantile,0.99,0.4500000000000028,2019-10-01T09:00:18.190257102+02:00,2019-10-01T09:00:18.190257102+02:00,2019-10-01T17:29:58.552073359+02:00,30580.361816
2019-10-01 17:14:09.219909493+02:00,1569942849219909493,1,bid,0.4599999999999937,83.63,83.65,83.17,29631.029652391,0,29631.029652391,quantile,0.99,0.4500000000000028,2019-10-01T09:00:18.190257102+02:00,2019-10-01T09:00:18.190257102+02:00,2019-10-01T17:29:58.552073359+02:00,30580.361816
2019-10-01 17:14:45.387429063+02:00,1569942885387429063,1,bid,0.4500000000000028,83.62,83.63,83.17,29667.197171961,0,29667.197171961,quantile,0.99,0.4500000000000028,2019-10-01T09:00:18.190257102+02:00,2019-10-01T09:00:18.190257102+02:00,2019-10-01T17:29:58.552073359+02:00,30580.361816
2019-10-01 17:15:16.428152363+02:00,1569942916428152363,1,bid,0.8099999999999881,83.6,83.62,82.79,29698.237895261,0,29698.237895261,quantile,0.99,0.4500000000000028,2019-10-01T09:00:18.190257102+02:00,2019-10-01T09:00:18.190257102+02:00,2019-10-01T17:29:58.552073359+02:00,30580.361816
2019-10-01 17:15:16.491530382+02:00,1569942916491530382,1,bid,0.8199999999999932,83.6,83.61,82.78,29698.30127328,0,29698.30127328,quantile,0.99,0.4500000000000028,2019-10-01T09:00:18.190257102+02:00,2019-10-01T09:00:18.190257102+02:00,2019-10-01T17:29:58.552073359+02:00,30580.361816
2019-10-01 17:15:40.824922352+02:00,1569942940824922352,1,bid,0.4599999999999937,83.58,83.59,83.12,29722.63466525,0,29722.63466525,quantile,0.99,0.4500000000000028,2019-10-01T09:00:18.190257102+02:00,2019-10-01T09:00:18.190257102+02:00,2019-10-01T17:29:58.552073359+02:00,30580.361816
2019-10-01 17:17:03.556284579+02:00,1569943023556284579,1,bid,0.5400000000000063,83.65,83.66,83.11,29805.366027477,0,29805.366027477,quantile,0.99,0.4500000000000028,2019-10-01T09:00:18.190257102+02:00,2019-10-01T09:00:18.190257102+02:00,2019-10-01T17:29:58.552073359+02:00,30580.361816
2019-10-01 17:17:20.000158057+02:00,1569943040000158057,1,bid,0.6299999999999955,83.64,83.66,83.01,29821.809900955,0,29821.809900955,quantile,0.99,0.4500000000000028,2019-10-01T09:00:18.190257102+02:00,2019-10-01T09:00:18.190257102+02:00,2019-10-01T17:29:58.552073359+02:00,30580.361816
2019-10-01 17:17:41.054959536+02:00,1569943061054959536,1,bid,0.7199999999999989,83.63,83.65,82.91,29842.864702434,0,29842.864702434,quantile,0.99,0.4500000000000028,2019-10-01T09:00:18.190257102+02:00,2019-10-01T09:00:18.190257102+02:00,2019-10-01T17:29:58.552073359+02:00,30580.361816
2019-10-01 17:17:54.166230457+02:00,1569943074166230457,1,bid,0.8299999999999983,83.64,83.65,82.81,29855.975973355,0,29855.975973355,quantile,0.99,0.4500000000000028,2019-10-01T09:00:18.190257102+02:00,2019-10-01T09:00:18.190257102+02:00,2019-10-01T17:29:58.552073359+02:00,30580.361816
2019-10-01 17:20:02.908488789+02:00,1569943202908488789,1,bid,0.4500000000000028,83.62,83.63,83.17,29984.718231687,0,29984.718231687,quantile,0.99,0.4500000000000028,2019-10-01T09:00:18.190257102+02:00,2019-10-01T09:00:18.190257102+02:00,2019-10-01T17:29:58.552073359+02:00,30580.361816
2019-10-01 17:21:16.880868707+02:00,1569943276880868707,1,bid,0.4500000000000028,83.58,83.59,83.13,30058.690611605,0,30058.690611605,quantile,0.99,0.4500000000000028,2019-10-01T09:00:18.190257102+02:00,2019-10-01T09:00:18.190257102+02:00,2019-10-01T17:29:58.552073359+02:00,30580.361816
2019-10-01 17:21:58.476035742+02:00,1569943318476035742,1,bid,5.969999999999999,83.57,83.59,77.6,30100.28577864,0,30100.28577864,quantile,0.99,0.4500000000000028,2019-10-01T09:00:18.190257102+02:00,2019-10-01T09:00:18.190257102+02:00,2019-10-01T17:29:58.552073359+02:00,30580.361816
2019-10-01 17:27:32.054599719+02:00,1569943652054599719,1,bid,11.170000000000002,83.67,83.69,72.5,30433.864342617,0,30433.864342617,quantile,0.99,0.4500000000000028,2019-10-01T09:00:18.190257102+02:00,2019-10-01T09:00:18.190257102+02:00,2019-10-01T17:29:58.552073359+02:00,30580.361816
2019-10-01 17:27:58.135859903+02:00,1569943678135859903,1,bid,0.6500000000000057,83.65,83.67,83.0,30459.945602801,0,30459.945602801,quantile,0.99,0.4500000000000028,2019-10-01T09:00:18.190257102+02:00,2019-10-01T09:00:18.190257102+02:00,2019-10-01T17:29:58.552073359+02:00,30580.361816
2019-10-01 17:29:56.705096830+02:00,1569943796705096830,1,bid,12.14,83.64,83.66,71.5,30578.514839728,0,30578.514839728,quantile,0.99,0.4500000000000028,2019-10-01T09:00:18.190257102+02:00,2019-10-01T09:00:18.190257102+02:00,2019-10-01T17:29:58.552073359+02:00,30580.361816
2019-10-01 17:29:56.705130554+02:00,1569943796705130554,1,bid,0.6400000000000006,83.64,83.66,83.0,30578.514873452,0,30578.514873452,quantile,0.99,0.4500000000000028,2019-10-01T09:00:18.190257102+02:00,2019-10-01T09:00:18.190257102+02:00,2019-10-01T17:29:58.552073359+02:00,30580.361816
2019-10-01 17:29:56.705161796+02:00,1569943796705161796,1,bid,13.64,83.64,83.66,70.0,30578.514904694,0,30578.514904694,quantile,0.99,0.4500000000000028,2019-10-01T09:00:18.190257102+02:00,2019-10-01T09:00:18.190257102+02:00,2019-10-01T17:29:58.552073359+02:00,30580.361816
2019-10-01 17:29:56.705196510+02:00,1569943796705196510,1,bid,7.640000000000001,83.64,83.66,76.0,30578.514939408,0,30578.514939408,quantile,0.99,0.4500000000000028,2019-10-01T09:00:18.190257102+02:00,2019-10-01T09:00:18.190257102+02:00,2019-10-01T17:29:58.552073359+02:00,30580.361816
2019-10-01 17:29:56.705229079+02:00,1569943796705229079,1,bid,6.519999999999996,83.64,83.66,77.12,30578.514971977,0,30578.514971977,quantile,0.99,0.4500000000000028,2019-10-01T09:00:18.190257102+02:00,2019-10-01T09:00:18.190257102+02:00,2019-10-01T17:29:58.552073359+02:00,30580.361816
2019-10-01 17:29:56.705262280+02:00,1569943796705262280,1,bid,1.1099999999999994,83.64,83.66,82.53,30578.515005178,0,30578.515005178,quantile,0.99,0.4500000000000028,2019-10-01T09:00:18.190257102+02:00,2019-10-01T09:00:18.190257102+02:00,2019-10-01T17:29:58.552073359+02:00,30580.361816
2019-10-01 17:29:56.705322018+02:00,1569943796705322018,1,bid,4.540000000000006,83.64,83.66,79.1,30578.515064916,0,30578.515064916,quantile,0.99,0.4500000000000028,2019-10-01T09:00:18.190257102+02:00,2019-10-01T09:00:18.190257102+02:00,2019-10-01T17:29:58.552073359+02:00,30580.361816
2019-10-01 17:29:57.718372571+02:00,1569943797718372571,1,bid,12.040000000000006,83.64,83.67,71.6,30579.528115469,0,30579.528115469,quantile,0.99,0.4500000000000028,2019-10-01T09:00:18.190257102+02:00,2019-10-01T09:00:18.190257102+02:00,2019-10-01T17:29:58.552073359+02:00,30580.361816
2019-10-01 17:29:57.718405540+02:00,1569943797718405540,1,bid,3.640000000000001,83.64,83.67,80.0,30579.528148438,0,30579.528148438,quantile,0.99,0.4500000000000028,2019-10-01T09:00:18.190257102+02:00,2019-10-01T09:00:18.190257102+02:00,2019-10-01T17:29:58.552073359+02:00,30580.361816
2019-10-01 17:29:57.718438021+02:00,1569943797718438021,1,bid,3.640000000000001,83.64,83.67,80.0,30579.528180919,0,30579.528180919,quantile,0.99,0.4500000000000028,2019-10-01T09:00:18.190257102+02:00,2019-10-01T09:00:18.190257102+02:00,2019-10-01T17:29:58.552073359+02:00,30580.361816
2019-10-01 17:29:57.718469452+02:00,1569943797718469452,1,bid,7.640000000000001,83.64,83.67,76.0,30579.52821235,0,30579.52821235,quantile,0.99,0.4500000000000028,2019-10-01T09:00:18.190257102+02:00,2019-10-01T09:00:18.190257102+02:00,2019-10-01T17:29:58.552073359+02:00,30580.361816
2019-10-01 17:29:57.718502240+02:00,1569943797718502240,1,bid,4.640000000000001,83.64,83.67,79.0,30579.528245138,0,30579.528245138,quantile,0.99,0.4500000000000028,2019-10-01T09:00:18.190257102+02:00,2019-10-01T09:00:18.190257102+02:00,2019-10-01T17:29:58.552073359+02:00,30580.361816
2019-10-01 17:29:57.718534887+02:00,1569943797718534887,1,bid,3.640000000000001,83.64,83.67,80.0,30579.528277785,0,30579.528277785,quantile,0.99,0.4500000000000028,2019-10-01T09:00:18.190257102+02:00,2019-10-01T09:00:18.190257102+02:00,2019-10-01T17:29:58.552073359+02:00,30580.361816
2019-10-01 17:29:57.718566314+02:00,1569943797718566314,1,bid,8.439999999999998,83.64,83.67,75.2,30579.528309212,0,30579.528309212,quantile,0.99,0.4500000000000028,2019-10-01T09:00:18.190257102+02:00,2019-10-01T09:00:18.190257102+02:00,2019-10-01T17:29:58.552073359+02:00,30580.361816
2019-10-01 17:29:57.718600074+02:00,1569943797718600074,1,bid,11.439999999999998,83.64,83.67,72.2,30579.528342972,0,30579.528342972,quantile,0.99,0.4500000000000028,2019-10-01T09:00:18.190257102+02:00,2019-10-01T09:00:18.190257102+02:00,2019-10-01T17:29:58.552073359+02:00,30580.361816
2019-10-01 17:29:57.718632017+02:00,1569943797718632017,1,bid,1.6400000000000006,83.64,83.67,82.0,30579.528374915,0,30579.528374915,quantile,0.99,0.4500000000000028,2019-10-01T09:00:18.190257102+02:00,2019-10-01T09:00:18.190257102+02:00,2019-10-01T17:29:58.552073359+02:00,30580.361816
2019-10-01 17:29:57.718663223+02:00,1569943797718663223,1,bid,8.64,83.64,83.67,75.0,30579.528406121,0,30579.528406121,quantile,0.99,0.4500000000000028,2019-10-01T09:00:18.190257102+02:00,2019-10-01T09:00:18.190257102+02:00,2019-10-01T17:29:58.552073359+02:00,30580.361816
2019-10-01 17:29:57.718728999+02:00,1569943797718728999,1,bid,4.540000000000006,83.64,83.67,79.1,30579.528471897,0,30579.528471897,quantile,0.99,0.4500000000000028,2019-10-01T09:00:18.190257102+02:00,2019-10-01T09:00:18.190257102+02:00,2019-10-01T17:29:58.552073359+02:00,30580.361816
