time_paris,t_ns,side,side_label,delta,bid,ask,price,t_seconds,dup_rank,t_seconds_jitter,threshold_mode,threshold_value_input,threshold_actual,time_origin_paris,window_start_paris,window_end_paris,T_observation_seconds
2019-10-01 09:00:18.314257227+02:00,1569913218314257227,2,ask,3.5799999999999983,85.21,85.3,88.88,0.123914722,0,0.123914722,quantile,0.99,1.6392000000001288,2019-10-01T09:00:18.190342505+02:00,2019-10-01T09:00:18.190342505+02:00,2019-10-01T17:29:57.718339630+02:00,30579.527997
2019-10-01 09:00:18.607710703+02:00,1569913218607710703,2,ask,2.6700000000000017,85.21,85.33,88.0,0.417368198,0,0.417368198,quantile,0.99,1.6392000000001288,2019-10-01T09:00:18.190342505+02:00,2019-10-01T09:00:18.190342505+02:00,2019-10-01T17:29:57.718339630+02:00,30579.527997
2019-10-01 09:00:18.943170899+02:00,1569913218943170899,2,ask,2.680000000000007,85.25,85.32,88.0,0.752828394,0,0.752828394,quantile,0.99,1.6392000000001288,2019-10-01T09:00:18.190342505+02:00,2019-10-01T09:00:18.190342505+02:00,2019-10-01T17:29:57.718339630+02:00,30579.527997
2019-10-01 09:03:07.489171435+02:00,1569913387489171435,2,ask,4.980000000000004,85.17,85.2,90.18,169.29882893,0,169.29882893,quantile,0.99,1.6392000000001288,2019-10-01T09:00:18.190342505+02:00,2019-10-01T09:00:18.190342505+02:00,2019-10-01T17:29:57.718339630+02:00,30579.527997
2019-10-01 09:03:10.367631305+02:00,1569913390367631305,2,ask,4.989999999999995,85.17,85.22,90.21,172.1772888,0,172.1772888,quantile,0.99,1.6392000000001288,2019-10-01T09:00:18.190342505+02:00,2019-10-01T09:00:18.190342505+02:00,2019-10-01T17:29:57.718339630+02:00,30579.527997
2019-10-01 09:03:13.234998792+02:00,1569913393234998792,2,ask,4.980000000000004,85.17,85.22,90.2,175.044656287,0,175.044656287,quantile,0.99,1.6392000000001288,2019-10-01T09:00:18.190342505+02:00,2019-10-01T09:00:18.190342505+02:00,2019-10-01T17:29:57.718339630+02:00,30579.527997
2019-10-01 09:03:30.683439071+02:00,1569913410683439071,2,ask,4.969999999999999,85.2,85.28,90.25,192.493096566,0,192.493096566,quantile,0.99,1.6392000000001288,2019-10-01T09:00:18.190342505+02:00,2019-10-01T09:00:18.190342505+02:00,2019-10-01T17:29:57.718339630+02:00,30579.527997
2019-10-01 09:03:58.488113575+02:00,1569913438488113575,2,ask,4.969999999999999,85.22,85.29,90.26,220.29777107,0,220.29777107,quantile,0.99,1.6392000000001288,2019-10-01T09:00:18.190342505+02:00,2019-10-01T09:00:18.190342505+02:00,2019-10-01T17:29:57.718339630+02:00,30579.527997
2019-10-01 09:04:04.103377661+02:00,1569913444103377661,2,ask,4.929999999999993,85.24,85.31,90.24,225.913035156,0,225.913035156,quantile,0.99,1.6392000000001288,2019-10-01T09:00:18.190342505+02:00,2019-10-01T09:00:18.190342505+02:00,2019-10-01T17:29:57.718339630+02:00,30579.527997
2019-10-01 09:04:55.827808493+02:00,1569913495827808493,2,ask,4.950000000000003,85.17,85.21,90.16,277.637465988,0,277.637465988,quantile,0.99,1.6392000000001288,2019-10-01T09:00:18.190342505+02:00,2019-10-01T09:00:18.190342505+02:00,2019-10-01T17:29:57.718339630+02:00,30579.527997
2019-10-01 09:04:59.456736247+02:00,1569913499456736247,2,ask,4.940000000000012,85.17,85.21,90.15,281.266393742,0,281.266393742,quantile,0.99,1.6392000000001288,2019-10-01T09:00:18.190342505+02:00,2019-10-01T09:00:18.190342505+02:00,2019-10-01T17:29:57.718339630+02:00,30579.527997
2019-10-01 09:05:24.116882841+02:00,1569913524116882841,2,ask,4.939999999999998,85.08,85.13,90.07,305.926540336,0,305.926540336,quantile,0.99,1.6392000000001288,2019-10-01T09:00:18.190342505+02:00,2019-10-01T09:00:18.190342505+02:00,2019-10-01T17:29:57.718339630+02:00,30579.527997
2019-10-01 09:05:29.445740585+02:00,1569913529445740585,2,ask,4.939999999999998,85.07,85.11,90.05,311.25539808,0,311.25539808,quantile,0.99,1.6392000000001288,2019-10-01T09:00:18.190342505+02:00,2019-10-01T09:00:18.190342505+02:00,2019-10-01T17:29:57.718339630+02:00,30579.527997
2019-10-01 09:05:32.617885277+02:00,1569913532617885277,2,ask,4.939999999999998,85.03,85.09,90.03,314.427542772,0,314.427542772,quantile,0.99,1.6392000000001288,2019-10-01T09:00:18.190342505+02:00,2019-10-01T09:00:18.190342505+02:00,2019-10-01T17:29:57.718339630+02:00,30579.527997
2019-10-01 09:05:37.303888078+02:00,1569913537303888078,2,ask,4.950000000000003,85.04,85.07,90.02,319.113545573,0,319.113545573,quantile,0.99,1.6392000000001288,2019-10-01T09:00:18.190342505+02:00,2019-10-01T09:00:18.190342505+02:00,2019-10-01T17:29:57.718339630+02:00,30579.527997
2019-10-01 09:05:42.713131770+02:00,1569913542713131770,2,ask,4.949999999999989,85.09,85.12,90.07,324.522789265,0,324.522789265,quantile,0.99,1.6392000000001288,2019-10-01T09:00:18.190342505+02:00,2019-10-01T09:00:18.190342505+02:00,2019-10-01T17:29:57.718339630+02:00,30579.527997
2019-10-01 09:05:53.371795468+02:00,1569913553371795468,2,ask,4.950000000000003,85.15,85.19,90.14,335.181452963,0,335.181452963,quantile,0.99,1.6392000000001288,2019-10-01T09:00:18.190342505+02:00,2019-10-01T09:00:18.190342505+02:00,2019-10-01T17:29:57.718339630+02:00,30579.527997
2019-10-01 09:06:03.058874266+02:00,1569913563058874266,2,ask,4.909999999999997,85.25,85.29,90.2,344.868531761,0,344.868531761,quantile,0.99,1.6392000000001288,2019-10-01T09:00:18.190342505+02:00,2019-10-01T09:00:18.190342505+02:00,2019-10-01T17:29:57.718339630+02:00,30579.527997
2019-10-01 09:06:05.965416188+02:00,1569913565965416188,2,ask,4.920000000000002,85.25,85.28,90.2,347.775073683,0,347.775073683,quantile,0.99,1.6392000000001288,2019-10-01T09:00:18.190342505+02:00,2019-10-01T09:00:18.190342505+02:00,2019-10-01T17:29:57.718339630+02:00,30579.527997
2019-10-01 09:06:14.453575078+02:00,1569913574453575078,2,ask,4.909999999999997,85.26,85.28,90.19,356.263232573,0,356.263232573,quantile,0.99,1.6392000000001288,2019-10-01T09:00:18.190342505+02:00,2019-10-01T09:00:18.190342505+02:00,2019-10-01T17:29:57.718339630+02:00,30579.527997
2019-10-01 09:06:26.429023888+02:00,1569913586429023888,2,ask,4.940000000000012,85.22,85.24,90.18,368.238681383,0,368.238681383,quantile,0.99,1.6392000000001288,2019-10-01T09:00:18.190342505+02:00,2019-10-01T09:00:18.190342505+02:00,2019-10-01T17:29:57.718339630+02:00,30579.527997
2019-10-01 09:06:35.016830235+02:00,1569913595016830235,2,ask,4.950000000000003,85.17,85.21,90.16,376.82648773,0,376.82648773,quantile,0.99,1.6392000000001288,2019-10-01T09:00:18.190342505+02:00,2019-10-01T09:00:18.190342505+02:00,2019-10-01T17:29:57.718339630+02:00,30579.527997
2019-10-01 09:06:39.250031719+02:00,1569913599250031719,2,ask,4.899999999999992,85.17,85.23,90.13,381.059689214,0,381.059689214,quantile,0.99,1.6392000000001288,2019-10-01T09:00:18.190342505+02:00,2019-10-01T09:00:18.190342505+02:00,2019-10-01T17:29:57.718339630+02:00,30579.527997
2019-10-01 09:06:44.007025326+02:00,1569913604007025326,2,ask,4.920000000000002,85.2,85.23,90.15,385.816682821,0,385.816682821,quantile,0.99,1.6392000000001288,2019-10-01T09:00:18.190342505+02:00,2019-10-01T09:00:18.190342505+02:00,2019-10-01T17:29:57.718339630+02:00,30579.527997
2019-10-01 09:06:55.249514216+02:00,1569913615249514216,2,ask,4.909999999999997,85.2,85.23,90.14,397.059171711,0,397.059171711,quantile,0.99,1.6392000000001288,2019-10-01T09:00:18.190342505+02:00,2019-10-01T09:00:18.190342505+02:00,2019-10-01T17:29:57.718339630+02:00,30579.527997
2019-10-01 09:07:05.825967606+02:00,1569913625825967606,2,ask,4.899999999999992,85.12,85.15,90.05,407.635625101,0,407.635625101,quantile,0.99,1.6392000000001288,2019-10-01T09:00:18.190342505+02:00,2019-10-01T09:00:18.190342505+02:00,2019-10-01T17:29:57.718339630+02:00,30579.527997
2019-10-01 09:07:09.501230648+02:00,1569913629501230648,2,ask,4.909999999999997,85.12,85.14,90.05,411.310888143,0,411.310888143,quantile,0.99,1.6392000000001288,2019-10-01T09:00:18.190342505+02:00,2019-10-01T09:00:18.190342505+02:00,2019-10-01T17:29:57.718339630+02:00,30579.527997
2019-10-01 09:07:24.116791267+02:00,1569913644116791267,2,ask,4.909999999999997,85.17,85.2,90.11,425.926448762,0,425.926448762,quantile,0.99,1.6392000000001288,2019-10-01T09:00:18.190342505+02:00,2019-10-01T09:00:18.190342505+02:00,2019-10-01T17:29:57.718339630+02:00,30579.527997
2019-10-01 09:07:32.813262144+02:00,1569913652813262144,2,ask,4.909999999999997,85.2,85.23,90.14,434.622919639,0,434.622919639,quantile,0.99,1.6392000000001288,2019-10-01T09:00:18.190342505+02:00,2019-10-01T09:00:18.190342505+02:00,2019-10-01T17:29:57.718339630+02:00,30579.527997
2019-10-01 09:07:43.502128447+02:00,1569913663502128447,2,ask,4.909999999999997,85.13,85.15,90.06,445.311785942,0,445.311785942,quantile,0.99,1.6392000000001288,2019-10-01T09:00:18.190342505+02:00,2019-10-01T09:00:18.190342505+02:00,2019-10-01T17:29:57.718339630+02:00,30579.527997
2019-10-01 09:07:55.746315885+02:00,1569913675746315885,2,ask,4.909999999999997,85.13,85.16,90.07,457.55597338,0,457.55597338,quantile,0.99,1.6392000000001288,2019-10-01T09:00:18.190342505+02:00,2019-10-01T09:00:18.190342505+02:00,2019-10-01T17:29:57.718339630+02:00,30579.527997
2019-10-01 09:08:15.027193248+02:00,1569913695027193248,2,ask,4.859999999999999,85.19,85.23,90.09,476.836850743,0,476.836850743,quantile,0.99,1.6392000000001288,2019-10-01T09:00:18.190342505+02:00,2019-10-01T09:00:18.190342505+02:00,2019-10-01T17:29:57.718339630+02:00,30579.527997
2019-10-01 09:08:21.584271793+02:00,1569913701584271793,2,ask,4.899999999999992,85.16,85.18,90.08,483.393929288,0,483.393929288,quantile,0.99,1.6392000000001288,2019-10-01T09:00:18.190342505+02:00,2019-10-01T09:00:18.190342505+02:00,2019-10-01T17:29:57.718339630+02:00,30579.527997
2019-10-01 09:08:31.256115773+02:00,1569913711256115773,2,ask,4.879999999999996,85.21,85.22,90.1,493.065773268,0,493.065773268,quantile,0.99,1.6392000000001288,2019-10-01T09:00:18.190342505+02:00,2019-10-01T09:00:18.190342505+02:00,2019-10-01T17:29:57.718339630+02:00,30579.527997
2019-10-01 09:08:40.295196335+02:00,1569913720295196335,2,ask,4.8700000000000045,85.2,85.22,90.09,502.10485383,0,502.10485383,quantile,0.99,1.6392000000001288,2019-10-01T09:00:18.190342505+02:00,2019-10-01T09:00:18.190342505+02:00,2019-10-01T17:29:57.718339630+02:00,30579.527997
2019-10-01 09:09:41.985342756+02:00,1569913781985342756,2,ask,4.88000000000001,85.12,85.13,90.01,563.795000251,0,563.795000251,quantile,0.99,1.6392000000001288,2019-10-01T09:00:18.190342505+02:00,2019-10-01T09:00:18.190342505+02:00,2019-10-01T17:29:57.718339630+02:00,30579.527997
2019-10-01 09:10:02.130645855+02:00,1569913802130645855,2,ask,4.849999999999994,85.1,85.12,89.97,583.94030335,0,583.94030335,quantile,0.99,1.6392000000001288,2019-10-01T09:00:18.190342505+02:00,2019-10-01T09:00:18.190342505+02:00,2019-10-01T17:29:57.718339630+02:00,30579.527997
2019-10-01 09:10:09.015490168+02:00,1569913809015490168,2,ask,4.839999999999989,85.1,85.12,89.96,590.825147663,0,590.825147663,quantile,0.99,1.6392000000001288,2019-10-01T09:00:18.190342505+02:00,2019-10-01T09:00:18.190342505+02:00,2019-10-01T17:29:57.718339630+02:00,30579.527997
2019-10-01 09:10:13.044920636+02:00,1569913813044920636,2,ask,4.840000000000003,85.09,85.11,89.95,594.854578131,0,594.854578131,quantile,0.99,1.6392000000001288,2019-10-01T09:00:18.190342505+02:00,2019-10-01T09:00:18.190342505+02:00,2019-10-01T17:29:57.718339630+02:00,30579.527997
2019-10-01 09:10:34.946760999+02:00,1569913834946760999,2,ask,4.840000000000003,85.1,85.11,89.95,616.756418494,0,616.756418494,quantile,0.99,1.6392000000001288,2019-10-01T09:00:18.190342505+02:00,2019-10-01T09:00:18.190342505+02:00,2019-10-01T17:29:57.718339630+02:00,30579.527997
2019-10-01 09:10:49.318441290+02:00,1569913849318441290,2,ask,4.840000000000003,85.11,85.13,89.97,631.128098785,0,631.128098785,quantile,0.99,1.6392000000001288,2019-10-01T09:00:18.190342505+02:00,2019-10-01T09:00:18.190342505+02:00,2019-10-01T17:29:57.718339630+02:00,30579.527997
2019-10-01 09:11:37.947579788+02:00,1569913897947579788,2,ask,4.839999999999989,85.15,85.18,90.02,679.757237283,0,679.757237283,quantile,0.99,1.6392000000001288,2019-10-01T09:00:18.190342505+02:00,2019-10-01T09:00:18.190342505+02:00,2019-10-01T17:29:57.718339630+02:00,30579.527997
2019-10-01 09:11:46.098379198+02:00,1569913906098379198,2,ask,4.840000000000003,85.15,85.17,90.01,687.908036693,0,687.908036693,quantile,0.99,1.6392000000001288,2019-10-01T09:00:18.190342505+02:00,2019-10-01T09:00:18.190342505+02:00,2019-10-01T17:29:57.718339630+02:00,30579.527997
2019-10-01 09:11:49.905099238+02:00,1569913909905099238,2,ask,4.839999999999989,85.11,85.15,89.99,691.714756733,0,691.714756733,quantile,0.99,1.6392000000001288,2019-10-01T09:00:18.190342505+02:00,2019-10-01T09:00:18.190342505+02:00,2019-10-01T17:29:57.718339630+02:00,30579.527997
2019-10-01 09:12:00.975574710+02:00,1569913920975574710,2,ask,4.800000000000011,85.07,85.1,89.9,702.785232205,0,702.785232205,quantile,0.99,1.6392000000001288,2019-10-01T09:00:18.190342505+02:00,2019-10-01T09:00:18.190342505+02:00,2019-10-01T17:29:57.718339630+02:00,30579.527997
2019-10-01 09:12:03.609760774+02:00,1569913923609760774,2,ask,4.820000000000007,85.04,85.07,89.89,705.419418269,0,705.419418269,quantile,0.99,1.6392000000001288,2019-10-01T09:00:18.190342505+02:00,2019-10-01T09:00:18.190342505+02:00,2019-10-01T17:29:57.718339630+02:00,30579.527997
2019-10-01 09:12:09.668682561+02:00,1569913929668682561,2,ask,4.799999999999997,85.06,85.08,89.88,711.478340056,0,711.478340056,quantile,0.99,1.6392000000001288,2019-10-01T09:00:18.190342505+02:00,2019-10-01T09:00:18.190342505+02:00,2019-10-01T17:29:57.718339630+02:00,30579.527997
2019-10-01 09:12:16.118503512+02:00,1569913936118503512,2,ask,4.800000000000011,85.07,85.1,89.9,717.928161007,0,717.928161007,quantile,0.99,1.6392000000001288,2019-10-01T09:00:18.190342505+02:00,2019-10-01T09:00:18.190342505+02:00,2019-10-01T17:29:57.718339630+02:00,30579.527997
2019-10-01 09:12:31.440943191+02:00,1569913951440943191,2,ask,4.810000000000002,85.09,85.11,89.92,733.250600686,0,733.250600686,quantile,0.99,1.6392000000001288,2019-10-01T09:00:18.190342505+02:00,2019-10-01T09:00:18.190342505+02:00,2019-10-01T17:29:57.718339630+02:00,30579.527997
2019-10-01 09:12:38.744344371+02:00,1569913958744344371,2,ask,4.810000000000002,85.09,85.11,89.92,740.554001866,0,740.554001866,quantile,0.99,1.6392000000001288,2019-10-01T09:00:18.190342505+02:00,2019-10-01T09:00:18.190342505+02:00,2019-10-01T17:29:57.718339630+02:00,30579.527997
2019-10-01 09:12:41.522121241+02:00,1569913961522121241,2,ask,4.810000000000002,85.04,85.06,89.87,743.331778736,0,743.331778736,quantile,0.99,1.6392000000001288,2019-10-01T09:00:18.190342505+02:00,2019-10-01T09:00:18.190342505+02:00,2019-10-01T17:29:57.718339630+02:00,30579.527997
2019-10-01 09:13:12.194381773+02:00,1569913992194381773,2,ask,4.800000000000011,85.07,85.1,89.9,774.004039268,0,774.004039268,quantile,0.99,1.6392000000001288,2019-10-01T09:00:18.190342505+02:00,2019-10-01T09:00:18.190342505+02:00,2019-10-01T17:29:57.718339630+02:00,30579.527997
2019-10-01 09:13:20.554786255+02:00,1569914000554786255,2,ask,4.799999999999997,85.05,85.08,89.88,782.36444375,0,782.36444375,quantile,0.99,1.6392000000001288,2019-10-01T09:00:18.190342505+02:00,2019-10-01T09:00:18.190342505+02:00,2019-10-01T17:29:57.718339630+02:00,30579.527997
2019-10-01 09:13:58.007244934+02:00,1569914038007244934,2,ask,4.810000000000002,85.08,85.13,89.94,819.816902429,0,819.816902429,quantile,0.99,1.6392000000001288,2019-10-01T09:00:18.190342505+02:00,2019-10-01T09:00:18.190342505+02:00,2019-10-01T17:29:57.718339630+02:00,30579.527997
2019-10-01 09:14:04.176522889+02:00,1569914044176522889,2,ask,4.800000000000011,85.08,85.1,89.9,825.986180384,0,825.986180384,quantile,0.99,1.6392000000001288,2019-10-01T09:00:18.190342505+02:00,2019-10-01T09:00:18.190342505+02:00,2019-10-01T17:29:57.718339630+02:00,30579.527997
2019-10-01 09:14:33.312394995+02:00,1569914073312394995,2,ask,4.759999999999991,85.03,85.06,89.82,855.12205249,0,855.12205249,quantile,0.99,1.6392000000001288,2019-10-01T09:00:18.190342505+02:00,2019-10-01T09:00:18.190342505+02:00,2019-10-01T17:29:57.718339630+02:00,30579.527997
2019-10-01 09:14:40.592809345+02:00,1569914080592809345,2,ask,4.769999999999996,85.02,85.04,89.81,862.40246684,0,862.40246684,quantile,0.99,1.6392000000001288,2019-10-01T09:00:18.190342505+02:00,2019-10-01T09:00:18.190342505+02:00,2019-10-01T17:29:57.718339630+02:00,30579.527997
2019-10-01 09:15:38.493323605+02:00,1569914138493323605,2,ask,4.77000000000001,85.13,85.16,89.93,920.3029811,0,920.3029811,quantile,0.99,1.6392000000001288,2019-10-01T09:00:18.190342505+02:00,2019-10-01T09:00:18.190342505+02:00,2019-10-01T17:29:57.718339630+02:00,30579.527997
2019-10-01 09:15:44.181007128+02:00,1569914144181007128,2,ask,4.790000000000006,85.11,85.13,89.92,925.990664623,0,925.990664623,quantile,0.99,1.6392000000001288,2019-10-01T09:00:18.190342505+02:00,2019-10-01T09:00:18.190342505+02:00,2019-10-01T17:29:57.718339630+02:00,30579.527997
2019-10-01 09:16:00.016191978+02:00,1569914160016191978,2,ask,4.72999999999999,85.11,85.15,89.88,941.825849473,0,941.825849473,quantile,0.99,1.6392000000001288,2019-10-01T09:00:18.190342505+02:00,2019-10-01T09:00:18.190342505+02:00,2019-10-01T17:29:57.718339630+02:00,30579.527997
2019-10-01 09:16:04.812361104+02:00,1569914164812361104,2,ask,4.730000000000004,85.15,85.17,89.9,946.622018599,0,946.622018599,quantile,0.99,1.6392000000001288,2019-10-01T09:00:18.190342505+02:00,2019-10-01T09:00:18.190342505+02:00,2019-10-01T17:29:57.718339630+02:00,30579.527997
2019-10-01 09:16:32.811501604+02:00,1569914192811501604,2,ask,4.72999999999999,85.07,85.09,89.82,974.621159099,0,974.621159099,quantile,0.99,1.6392000000001288,2019-10-01T09:00:18.190342505+02:00,2019-10-01T09:00:18.190342505+02:00,2019-10-01T17:29:57.718339630+02:00,30579.527997
2019-10-01 09:17:14.369531039+02:00,1569914234369531039,2,ask,4.739999999999995,84.98,85.0,89.74,1016.179188534,0,1016.179188534,quantile,0.99,1.6392000000001288,2019-10-01T09:00:18.190342505+02:00,2019-10-01T09:00:18.190342505+02:00,2019-10-01T17:29:57.718339630+02:00,30579.527997
2019-10-01 09:17:18.213064764+02:00,1569914238213064764,2,ask,4.730000000000004,84.97,84.99,89.72,1020.022722259,0,1020.022722259,quantile,0.99,1.6392000000001288,2019-10-01T09:00:18.190342505+02:00,2019-10-01T09:00:18.190342505+02:00,2019-10-01T17:29:57.718339630+02:00,30579.527997
2019-10-01 09:17:48.071299983+02:00,1569914268071299983,2,ask,4.72999999999999,84.98,85.01,89.74,1049.880957478,0,1049.880957478,quantile,0.99,1.6392000000001288,2019-10-01T09:00:18.190342505+02:00,2019-10-01T09:00:18.190342505+02:00,2019-10-01T17:29:57.718339630+02:00,30579.527997
2019-10-01 09:18:02.266380744+02:00,1569914282266380744,2,ask,4.689999999999998,85.02,85.05,89.74,1064.076038239,0,1064.076038239,quantile,0.99,1.6392000000001288,2019-10-01T09:00:18.190342505+02:00,2019-10-01T09:00:18.190342505+02:00,2019-10-01T17:29:57.718339630+02:00,30579.527997
2019-10-01 09:18:07.302832660+02:00,1569914287302832660,2,ask,4.709999999999994,85.02,85.04,89.75,1069.112490155,0,1069.112490155,quantile,0.99,1.6392000000001288,2019-10-01T09:00:18.190342505+02:00,2019-10-01T09:00:18.190342505+02:00,2019-10-01T17:29:57.718339630+02:00,30579.527997
2019-10-01 09:18:27.768724018+02:00,1569914307768724018,2,ask,4.700000000000003,84.95,84.97,89.67,1089.578381513,0,1089.578381513,quantile,0.99,1.6392000000001288,2019-10-01T09:00:18.190342505+02:00,2019-10-01T09:00:18.190342505+02:00,2019-10-01T17:29:57.718339630+02:00,30579.527997
2019-10-01 09:18:31.082484069+02:00,1569914311082484069,2,ask,4.700000000000003,84.94,84.97,89.67,1092.892141564,0,1092.892141564,quantile,0.99,1.6392000000001288,2019-10-01T09:00:18.190342505+02:00,2019-10-01T09:00:18.190342505+02:00,2019-10-01T17:29:57.718339630+02:00,30579.527997
2019-10-01 09:19:16.588399261+02:00,1569914356588399261,2,ask,4.689999999999998,84.88,84.9,89.59,1138.398056756,0,1138.398056756,quantile,0.99,1.6392000000001288,2019-10-01T09:00:18.190342505+02:00,2019-10-01T09:00:18.190342505+02:00,2019-10-01T17:29:57.718339630+02:00,30579.527997
2019-10-01 09:19:22.675780170+02:00,1569914362675780170,2,ask,4.679999999999993,84.92,84.93,89.61,1144.485437665,0,1144.485437665,quantile,0.99,1.6392000000001288,2019-10-01T09:00:18.190342505+02:00,2019-10-01T09:00:18.190342505+02:00,2019-10-01T17:29:57.718339630+02:00,30579.527997
2019-10-01 09:19:31.071386336+02:00,1569914371071386336,2,ask,4.700000000000003,84.91,84.94,89.64,1152.881043831,0,1152.881043831,quantile,0.99,1.6392000000001288,2019-10-01T09:00:18.190342505+02:00,2019-10-01T09:00:18.190342505+02:00,2019-10-01T17:29:57.718339630+02:00,30579.527997
2019-10-01 09:20:00.018519850+02:00,1569914400018519850,2,ask,4.659999999999997,84.87,84.9,89.56,1181.828177345,0,1181.828177345,quantile,0.99,1.6392000000001288,2019-10-01T09:00:18.190342505+02:00,2019-10-01T09:00:18.190342505+02:00,2019-10-01T17:29:57.718339630+02:00,30579.527997
2019-10-01 09:20:51.145154775+02:00,1569914451145154775,2,ask,4.659999999999997,84.89,84.91,89.57,1232.95481227,0,1232.95481227,quantile,0.99,1.6392000000001288,2019-10-01T09:00:18.190342505+02:00,2019-10-01T09:00:18.190342505+02:00,2019-10-01T17:29:57.718339630+02:00,30579.527997
2019-10-01 09:21:04.081920154+02:00,1569914464081920154,2,ask,4.659999999999997,84.89,84.93,89.59,1245.891577649,0,1245.891577649,quantile,0.99,1.6392000000001288,2019-10-01T09:00:18.190342505+02:00,2019-10-01T09:00:18.190342505+02:00,2019-10-01T17:29:57.718339630+02:00,30579.527997
2019-10-01 09:22:40.293851657+02:00,1569914560293851657,2,ask,4.640000000000001,84.85,84.87,89.51,1342.103509152,0,1342.103509152,quantile,0.99,1.6392000000001288,2019-10-01T09:00:18.190342505+02:00,2019-10-01T09:00:18.190342505+02:00,2019-10-01T17:29:57.718339630+02:00,30579.527997
2019-10-01 09:22:59.896942103+02:00,1569914579896942103,2,ask,4.629999999999996,84.87,84.89,89.52,1361.706599598,0,1361.706599598,quantile,0.99,1.6392000000001288,2019-10-01T09:00:18.190342505+02:00,2019-10-01T09:00:18.190342505+02:00,2019-10-01T17:29:57.718339630+02:00,30579.527997
2019-10-01 09:23:03.864790243+02:00,1569914583864790243,2,ask,4.590000000000003,84.89,84.91,89.5,1365.674447738,0,1365.674447738,quantile,0.99,1.6392000000001288,2019-10-01T09:00:18.190342505+02:00,2019-10-01T09:00:18.190342505+02:00,2019-10-01T17:29:57.718339630+02:00,30579.527997
2019-10-01 09:23:08.599825161+02:00,1569914588599825161,2,ask,4.589999999999989,84.87,84.9,89.49,1370.409482656,0,1370.409482656,quantile,0.99,1.6392000000001288,2019-10-01T09:00:18.190342505+02:00,2019-10-01T09:00:18.190342505+02:00,2019-10-01T17:29:57.718339630+02:00,30579.527997
2019-10-01 09:23:47.718245443+02:00,1569914627718245443,2,ask,4.590000000000003,84.8,84.82,89.41,1409.527902938,0,1409.527902938,quantile,0.99,1.6392000000001288,2019-10-01T09:00:18.190342505+02:00,2019-10-01T09:00:18.190342505+02:00,2019-10-01T17:29:57.718339630+02:00,30579.527997
2019-10-01 09:23:56.462063244+02:00,1569914636462063244,2,ask,4.609999999999999,84.79,84.81,89.42,1418.271720739,0,1418.271720739,quantile,0.99,1.6392000000001288,2019-10-01T09:00:18.190342505+02:00,2019-10-01T09:00:18.190342505+02:00,2019-10-01T17:29:57.718339630+02:00,30579.527997
2019-10-01 09:26:39.569013906+02:00,1569914799569013906,2,ask,4.560000000000002,84.77,84.8,89.36,1581.378671401,0,1581.378671401,quantile,0.99,1.6392000000001288,2019-10-01T09:00:18.190342505+02:00,2019-10-01T09:00:18.190342505+02:00,2019-10-01T17:29:57.718339630+02:00,30579.527997
2019-10-01 09:26:46.329216988+02:00,1569914806329216988,2,ask,4.549999999999997,84.77,84.8,89.35,1588.138874483,0,1588.138874483,quantile,0.99,1.6392000000001288,2019-10-01T09:00:18.190342505+02:00,2019-10-01T09:00:18.190342505+02:00,2019-10-01T17:29:57.718339630+02:00,30579.527997
2019-10-01 09:27:20.198027669+02:00,1569914840198027669,2,ask,4.539999999999992,84.82,84.84,89.38,1622.007685164,0,1622.007685164,quantile,0.99,1.6392000000001288,2019-10-01T09:00:18.190342505+02:00,2019-10-01T09:00:18.190342505+02:00,2019-10-01T17:29:57.718339630+02:00,30579.527997
2019-10-01 09:27:25.239587424+02:00,1569914845239587424,2,ask,4.550000000000011,84.78,84.82,89.37,1627.049244919,0,1627.049244919,quantile,0.99,1.6392000000001288,2019-10-01T09:00:18.190342505+02:00,2019-10-01T09:00:18.190342505+02:00,2019-10-01T17:29:57.718339630+02:00,30579.527997
2019-10-01 09:27:46.696857274+02:00,1569914866696857274,2,ask,4.560000000000002,84.82,84.84,89.4,1648.506514769,0,1648.506514769,quantile,0.99,1.6392000000001288,2019-10-01T09:00:18.190342505+02:00,2019-10-01T09:00:18.190342505+02:00,2019-10-01T17:29:57.718339630+02:00,30579.527997
2019-10-01 09:28:58.557934545+02:00,1569914938557934545,2,ask,4.529999999999987,84.77,84.79,89.32,1720.36759204,0,1720.36759204,quantile,0.99,1.6392000000001288,2019-10-01T09:00:18.190342505+02:00,2019-10-01T09:00:18.190342505+02:00,2019-10-01T17:29:57.718339630+02:00,30579.527997
2019-10-01 09:29:04.896756025+02:00,1569914944896756025,2,ask,4.509999999999991,84.77,84.79,89.3,1726.70641352,0,1726.70641352,quantile,0.99,1.6392000000001288,2019-10-01T09:00:18.190342505+02:00,2019-10-01T09:00:18.190342505+02:00,2019-10-01T17:29:57.718339630+02:00,30579.527997
2019-10-01 09:30:27.270181483+02:00,1569915027270181483,2,ask,4.5,84.7,84.71,89.21,1809.079838978,0,1809.079838978,quantile,0.99,1.6392000000001288,2019-10-01T09:00:18.190342505+02:00,2019-10-01T09:00:18.190342505+02:00,2019-10-01T17:29:57.718339630+02:00,30579.527997
2019-10-01 09:31:11.287219665+02:00,1569915071287219665,2,ask,4.489999999999995,84.71,84.73,89.22,1853.09687716,0,1853.09687716,quantile,0.99,1.6392000000001288,2019-10-01T09:00:18.190342505+02:00,2019-10-01T09:00:18.190342505+02:00,2019-10-01T17:29:57.718339630+02:00,30579.527997
2019-10-01 09:32:11.117394959+02:00,1569915131117394959,2,ask,4.450000000000003,84.67,84.69,89.14,1912.927052454,0,1912.927052454,quantile,0.99,1.6392000000001288,2019-10-01T09:00:18.190342505+02:00,2019-10-01T09:00:18.190342505+02:00,2019-10-01T17:29:57.718339630+02:00,30579.527997
2019-10-01 09:32:18.203862184+02:00,1569915138203862184,2,ask,4.450000000000003,84.68,84.71,89.16,1920.013519679,0,1920.013519679,quantile,0.99,1.6392000000001288,2019-10-01T09:00:18.190342505+02:00,2019-10-01T09:00:18.190342505+02:00,2019-10-01T17:29:57.718339630+02:00,30579.527997
2019-10-01 09:32:26.061377098+02:00,1569915146061377098,2,ask,4.450000000000003,84.68,84.7,89.15,1927.871034593,0,1927.871034593,quantile,0.99,1.6392000000001288,2019-10-01T09:00:18.190342505+02:00,2019-10-01T09:00:18.190342505+02:00,2019-10-01T17:29:57.718339630+02:00,30579.527997
2019-10-01 09:33:08.239408372+02:00,1569915188239408372,2,ask,4.450000000000003,84.67,84.69,89.14,1970.049065867,0,1970.049065867,quantile,0.99,1.6392000000001288,2019-10-01T09:00:18.190342505+02:00,2019-10-01T09:00:18.190342505+02:00,2019-10-01T17:29:57.718339630+02:00,30579.527997
2019-10-01 09:33:15.812157436+02:00,1569915195812157436,2,ask,4.469999999999999,84.67,84.68,89.15,1977.621814931,0,1977.621814931,quantile,0.99,1.6392000000001288,2019-10-01T09:00:18.190342505+02:00,2019-10-01T09:00:18.190342505+02:00,2019-10-01T17:29:57.718339630+02:00,30579.527997
2019-10-01 09:33:49.842139822+02:00,1569915229842139822,2,ask,4.450000000000003,84.68,84.7,89.15,2011.651797317,0,2011.651797317,quantile,0.99,1.6392000000001288,2019-10-01T09:00:18.190342505+02:00,2019-10-01T09:00:18.190342505+02:00,2019-10-01T17:29:57.718339630+02:00,30579.527997
2019-10-01 09:35:00.883081353+02:00,1569915300883081353,2,ask,4.429999999999993,84.62,84.64,89.07,2082.692738848,0,2082.692738848,quantile,0.99,1.6392000000001288,2019-10-01T09:00:18.190342505+02:00,2019-10-01T09:00:18.190342505+02:00,2019-10-01T17:29:57.718339630+02:00,30579.527997
2019-10-01 09:35:22.304922653+02:00,1569915322304922653,2,ask,4.420000000000002,84.55,84.57,88.99,2104.114580148,0,2104.114580148,quantile,0.99,1.6392000000001288,2019-10-01T09:00:18.190342505+02:00,2019-10-01T09:00:18.190342505+02:00,2019-10-01T17:29:57.718339630+02:00,30579.527997
2019-10-01 09:35:27.836573047+02:00,1569915327836573047,2,ask,4.420000000000002,84.55,84.57,88.99,2109.646230542,0,2109.646230542,quantile,0.99,1.6392000000001288,2019-10-01T09:00:18.190342505+02:00,2019-10-01T09:00:18.190342505+02:00,2019-10-01T17:29:57.718339630+02:00,30579.527997
2019-10-01 09:36:00.026393164+02:00,1569915360026393164,2,ask,4.379999999999996,84.52,84.53,88.91,2141.836050659,0,2141.836050659,quantile,0.99,1.6392000000001288,2019-10-01T09:00:18.190342505+02:00,2019-10-01T09:00:18.190342505+02:00,2019-10-01T17:29:57.718339630+02:00,30579.527997
2019-10-01 09:36:05.375860467+02:00,1569915365375860467,2,ask,4.379999999999996,84.54,84.56,88.94,2147.185517962,0,2147.185517962,quantile,0.99,1.6392000000001288,2019-10-01T09:00:18.190342505+02:00,2019-10-01T09:00:18.190342505+02:00,2019-10-01T17:29:57.718339630+02:00,30579.527997
2019-10-01 09:38:00.035653639+02:00,1569915480035653639,2,ask,4.340000000000003,84.49,84.52,88.86,2261.845311134,0,2261.845311134,quantile,0.99,1.6392000000001288,2019-10-01T09:00:18.190342505+02:00,2019-10-01T09:00:18.190342505+02:00,2019-10-01T17:29:57.718339630+02:00,30579.527997
2019-10-01 09:38:24.524426362+02:00,1569915504524426362,2,ask,4.340000000000003,84.5,84.52,88.86,2286.334083857,0,2286.334083857,quantile,0.99,1.6392000000001288,2019-10-01T09:00:18.190342505+02:00,2019-10-01T09:00:18.190342505+02:00,2019-10-01T17:29:57.718339630+02:00,30579.527997
2019-10-01 09:38:53.928116549+02:00,1569915533928116549,2,ask,4.340000000000003,84.5,84.53,88.87,2315.737774044,0,2315.737774044,quantile,0.99,1.6392000000001288,2019-10-01T09:00:18.190342505+02:00,2019-10-01T09:00:18.190342505+02:00,2019-10-01T17:29:57.718339630+02:00,30579.527997
2019-10-01 09:39:59.036644685+02:00,1569915599036644685,2,ask,4.320000000000007,84.54,84.57,88.89,2380.84630218,0,2380.84630218,quantile,0.99,1.6392000000001288,2019-10-01T09:00:18.190342505+02:00,2019-10-01T09:00:18.190342505+02:00,2019-10-01T17:29:57.718339630+02:00,30579.527997
2019-10-01 09:40:39.223902665+02:00,1569915639223902665,2,ask,1.8300000000000125,84.53,84.57,86.4,2421.03356016,0,2421.03356016,quantile,0.99,1.6392000000001288,2019-10-01T09:00:18.190342505+02:00,2019-10-01T09:00:18.190342505+02:00,2019-10-01T17:29:57.718339630+02:00,30579.527997
2019-10-01 09:41:10.276650405+02:00,1569915670276650405,2,ask,4.310000000000002,84.59,84.61,88.92,2452.0863079,0,2452.0863079,quantile,0.99,1.6392000000001288,2019-10-01T09:00:18.190342505+02:00,2019-10-01T09:00:18.190342505+02:00,2019-10-01T17:29:57.718339630+02:00,30579.527997
2019-10-01 09:41:26.323112512+02:00,1569915686323112512,2,ask,4.310000000000002,84.59,84.62,88.93,2468.132770007,0,2468.132770007,quantile,0.99,1.6392000000001288,2019-10-01T09:00:18.190342505+02:00,2019-10-01T09:00:18.190342505+02:00,2019-10-01T17:29:57.718339630+02:00,30579.527997
2019-10-01 09:41:39.915091843+02:00,1569915699915091843,2,ask,4.310000000000002,84.63,84.66,88.97,2481.724749338,0,2481.724749338,quantile,0.99,1.6392000000001288,2019-10-01T09:00:18.190342505+02:00,2019-10-01T09:00:18.190342505+02:00,2019-10-01T17:29:57.718339630+02:00,30579.527997
2019-10-01 09:41:52.212128222+02:00,1569915712212128222,2,ask,4.340000000000003,84.63,84.66,89.0,2494.021785717,0,2494.021785717,quantile,0.99,1.6392000000001288,2019-10-01T09:00:18.190342505+02:00,2019-10-01T09:00:18.190342505+02:00,2019-10-01T17:29:57.718339630+02:00,30579.527997
2019-10-01 09:42:24.317206911+02:00,1569915744317206911,2,ask,4.310000000000002,84.63,84.66,88.97,2526.126864406,0,2526.126864406,quantile,0.99,1.6392000000001288,2019-10-01T09:00:18.190342505+02:00,2019-10-01T09:00:18.190342505+02:00,2019-10-01T17:29:57.718339630+02:00,30579.527997
2019-10-01 09:44:27.676443288+02:00,1569915867676443288,2,ask,4.269999999999996,84.6,84.62,88.89,2649.486100783,0,2649.486100783,quantile,0.99,1.6392000000001288,2019-10-01T09:00:18.190342505+02:00,2019-10-01T09:00:18.190342505+02:00,2019-10-01T17:29:57.718339630+02:00,30579.527997
2019-10-01 09:44:32.438194141+02:00,1569915872438194141,2,ask,4.259999999999991,84.6,84.62,88.88,2654.247851636,0,2654.247851636,quantile,0.99,1.6392000000001288,2019-10-01T09:00:18.190342505+02:00,2019-10-01T09:00:18.190342505+02:00,2019-10-01T17:29:57.718339630+02:00,30579.527997
2019-10-01 09:45:16.141650510+02:00,1569915916141650510,2,ask,3.3700000000000045,84.67,84.69,88.06,2697.951308005,0,2697.951308005,quantile,0.99,1.6392000000001288,2019-10-01T09:00:18.190342505+02:00,2019-10-01T09:00:18.190342505+02:00,2019-10-01T17:29:57.718339630+02:00,30579.527997
2019-10-01 09:45:27.502901807+02:00,1569915927502901807,2,ask,4.239999999999995,84.63,84.67,88.91,2709.312559302,0,2709.312559302,quantile,0.99,1.6392000000001288,2019-10-01T09:00:18.190342505+02:00,2019-10-01T09:00:18.190342505+02:00,2019-10-01T17:29:57.718339630+02:00,30579.527997
2019-10-01 09:45:35.406438515+02:00,1569915935406438515,2,ask,2.3299999999999983,84.63,84.67,87.0,2717.21609601,0,2717.21609601,quantile,0.99,1.6392000000001288,2019-10-01T09:00:18.190342505+02:00,2019-10-01T09:00:18.190342505+02:00,2019-10-01T17:29:57.718339630+02:00,30579.527997
2019-10-01 09:45:56.669428353+02:00,1569915956669428353,2,ask,4.239999999999995,84.57,84.59,88.83,2738.479085848,0,2738.479085848,quantile,0.99,1.6392000000001288,2019-10-01T09:00:18.190342505+02:00,2019-10-01T09:00:18.190342505+02:00,2019-10-01T17:29:57.718339630+02:00,30579.527997
2019-10-01 09:46:02.029456052+02:00,1569915962029456052,2,ask,4.239999999999995,84.56,84.58,88.82,2743.839113547,0,2743.839113547,quantile,0.99,1.6392000000001288,2019-10-01T09:00:18.190342505+02:00,2019-10-01T09:00:18.190342505+02:00,2019-10-01T17:29:57.718339630+02:00,30579.527997
2019-10-01 09:47:30.170395774+02:00,1569916050170395774,2,ask,4.22999999999999,84.57,84.59,88.82,2831.980053269,0,2831.980053269,quantile,0.99,1.6392000000001288,2019-10-01T09:00:18.190342505+02:00,2019-10-01T09:00:18.190342505+02:00,2019-10-01T17:29:57.718339630+02:00,30579.527997
2019-10-01 09:47:45.643263476+02:00,1569916065643263476,2,ask,4.240000000000009,84.6,84.63,88.87,2847.452920971,0,2847.452920971,quantile,0.99,1.6392000000001288,2019-10-01T09:00:18.190342505+02:00,2019-10-01T09:00:18.190342505+02:00,2019-10-01T17:29:57.718339630+02:00,30579.527997
2019-10-01 09:50:00.017598433+02:00,1569916200017598433,2,ask,4.170000000000002,84.59,84.62,88.79,2981.827255928,0,2981.827255928,quantile,0.99,1.6392000000001288,2019-10-01T09:00:18.190342505+02:00,2019-10-01T09:00:18.190342505+02:00,2019-10-01T17:29:57.718339630+02:00,30579.527997
2019-10-01 09:51:09.702983949+02:00,1569916269702983949,2,ask,4.170000000000002,84.62,84.64,88.81,3051.512641444,0,3051.512641444,quantile,0.99,1.6392000000001288,2019-10-01T09:00:18.190342505+02:00,2019-10-01T09:00:18.190342505+02:00,2019-10-01T17:29:57.718339630+02:00,30579.527997
2019-10-01 09:51:15.493507282+02:00,1569916275493507282,2,ask,5.349999999999994,84.62,84.65,90.0,3057.303164777,0,3057.303164777,quantile,0.99,1.6392000000001288,2019-10-01T09:00:18.190342505+02:00,2019-10-01T09:00:18.190342505+02:00,2019-10-01T17:29:57.718339630+02:00,30579.527997
2019-10-01 09:51:34.915145719+02:00,1569916294915145719,2,ask,4.170000000000002,84.64,84.67,88.84,3076.724803214,0,3076.724803214,quantile,0.99,1.6392000000001288,2019-10-01T09:00:18.190342505+02:00,2019-10-01T09:00:18.190342505+02:00,2019-10-01T17:29:57.718339630+02:00,30579.527997
2019-10-01 09:51:45.696889858+02:00,1569916305696889858,2,ask,4.170000000000002,84.68,84.69,88.86,3087.506547353,0,3087.506547353,quantile,0.99,1.6392000000001288,2019-10-01T09:00:18.190342505+02:00,2019-10-01T09:00:18.190342505+02:00,2019-10-01T17:29:57.718339630+02:00,30579.527997
2019-10-01 09:52:02.968751163+02:00,1569916322968751163,2,ask,4.179999999999993,84.66,84.68,88.86,3104.778408658,0,3104.778408658,quantile,0.99,1.6392000000001288,2019-10-01T09:00:18.190342505+02:00,2019-10-01T09:00:18.190342505+02:00,2019-10-01T17:29:57.718339630+02:00,30579.527997
2019-10-01 09:52:28.418786300+02:00,1569916348418786300,2,ask,4.170000000000002,84.71,84.73,88.9,3130.228443795,0,3130.228443795,quantile,0.99,1.6392000000001288,2019-10-01T09:00:18.190342505+02:00,2019-10-01T09:00:18.190342505+02:00,2019-10-01T17:29:57.718339630+02:00,30579.527997
2019-10-01 09:52:39.897509836+02:00,1569916359897509836,2,ask,4.170000000000002,84.73,84.75,88.92,3141.707167331,0,3141.707167331,quantile,0.99,1.6392000000001288,2019-10-01T09:00:18.190342505+02:00,2019-10-01T09:00:18.190342505+02:00,2019-10-01T17:29:57.718339630+02:00,30579.527997
2019-10-01 09:53:00.008973085+02:00,1569916380008973085,2,ask,4.13000000000001,84.75,84.77,88.9,3161.81863058,0,3161.81863058,quantile,0.99,1.6392000000001288,2019-10-01T09:00:18.190342505+02:00,2019-10-01T09:00:18.190342505+02:00,2019-10-01T17:29:57.718339630+02:00,30579.527997
2019-10-01 09:53:39.078939719+02:00,1569916419078939719,2,ask,4.1200000000000045,84.81,84.83,88.95,3200.888597214,0,3200.888597214,quantile,0.99,1.6392000000001288,2019-10-01T09:00:18.190342505+02:00,2019-10-01T09:00:18.190342505+02:00,2019-10-01T17:29:57.718339630+02:00,30579.527997
2019-10-01 09:53:50.136431129+02:00,1569916430136431129,2,ask,4.1200000000000045,84.79,84.82,88.94,3211.946088624,0,3211.946088624,quantile,0.99,1.6392000000001288,2019-10-01T09:00:18.190342505+02:00,2019-10-01T09:00:18.190342505+02:00,2019-10-01T17:29:57.718339630+02:00,30579.527997
2019-10-01 09:53:56.379503948+02:00,1569916436379503948,2,ask,4.13000000000001,84.76,84.8,88.93,3218.189161443,0,3218.189161443,quantile,0.99,1.6392000000001288,2019-10-01T09:00:18.190342505+02:00,2019-10-01T09:00:18.190342505+02:00,2019-10-01T17:29:57.718339630+02:00,30579.527997
2019-10-01 09:54:01.774375484+02:00,1569916441774375484,2,ask,4.1200000000000045,84.76,84.8,88.92,3223.584032979,0,3223.584032979,quantile,0.99,1.6392000000001288,2019-10-01T09:00:18.190342505+02:00,2019-10-01T09:00:18.190342505+02:00,2019-10-01T17:29:57.718339630+02:00,30579.527997
2019-10-01 09:54:10.440841324+02:00,1569916450440841324,2,ask,4.129999999999996,84.76,84.78,88.91,3232.250498819,0,3232.250498819,quantile,0.99,1.6392000000001288,2019-10-01T09:00:18.190342505+02:00,2019-10-01T09:00:18.190342505+02:00,2019-10-01T17:29:57.718339630+02:00,30579.527997
2019-10-01 09:54:14.450670601+02:00,1569916454450670601,2,ask,4.129999999999996,84.79,84.81,88.94,3236.260328096,0,3236.260328096,quantile,0.99,1.6392000000001288,2019-10-01T09:00:18.190342505+02:00,2019-10-01T09:00:18.190342505+02:00,2019-10-01T17:29:57.718339630+02:00,30579.527997
2019-10-01 09:54:31.312346735+02:00,1569916471312346735,2,ask,4.129999999999996,84.81,84.83,88.96,3253.12200423,0,3253.12200423,quantile,0.99,1.6392000000001288,2019-10-01T09:00:18.190342505+02:00,2019-10-01T09:00:18.190342505+02:00,2019-10-01T17:29:57.718339630+02:00,30579.527997
2019-10-01 09:54:59.636680190+02:00,1569916499636680190,2,ask,4.129999999999996,84.84,84.86,88.99,3281.446337685,0,3281.446337685,quantile,0.99,1.6392000000001288,2019-10-01T09:00:18.190342505+02:00,2019-10-01T09:00:18.190342505+02:00,2019-10-01T17:29:57.718339630+02:00,30579.527997
2019-10-01 09:56:15.310164142+02:00,1569916575310164142,2,ask,4.1000000000000085,84.84,84.85,88.95,3357.119821637,0,3357.119821637,quantile,0.99,1.6392000000001288,2019-10-01T09:00:18.190342505+02:00,2019-10-01T09:00:18.190342505+02:00,2019-10-01T17:29:57.718339630+02:00,30579.527997
2019-10-01 09:56:41.413858037+02:00,1569916601413858037,2,ask,4.099999999999994,84.87,84.89,88.99,3383.223515532,0,3383.223515532,quantile,0.99,1.6392000000001288,2019-10-01T09:00:18.190342505+02:00,2019-10-01T09:00:18.190342505+02:00,2019-10-01T17:29:57.718339630+02:00,30579.527997
2019-10-01 09:56:53.188970594+02:00,1569916613188970594,2,ask,5.060000000000002,84.87,84.89,89.95,3394.998628089,0,3394.998628089,quantile,0.99,1.6392000000001288,2019-10-01T09:00:18.190342505+02:00,2019-10-01T09:00:18.190342505+02:00,2019-10-01T17:29:57.718339630+02:00,30579.527997
2019-10-01 09:57:02.398364110+02:00,1569916622398364110,2,ask,4.1000000000000085,84.89,84.91,89.01,3404.208021605,0,3404.208021605,quantile,0.99,1.6392000000001288,2019-10-01T09:00:18.190342505+02:00,2019-10-01T09:00:18.190342505+02:00,2019-10-01T17:29:57.718339630+02:00,30579.527997
2019-10-01 09:57:20.377371466+02:00,1569916640377371466,2,ask,4.1000000000000085,84.92,84.94,89.04,3422.187028961,0,3422.187028961,quantile,0.99,1.6392000000001288,2019-10-01T09:00:18.190342505+02:00,2019-10-01T09:00:18.190342505+02:00,2019-10-01T17:29:57.718339630+02:00,30579.527997
2019-10-01 09:58:00.017250810+02:00,1569916680017250810,2,ask,4.059999999999988,84.88,84.9,88.96,3461.826908305,0,3461.826908305,quantile,0.99,1.6392000000001288,2019-10-01T09:00:18.190342505+02:00,2019-10-01T09:00:18.190342505+02:00,2019-10-01T17:29:57.718339630+02:00,30579.527997
2019-10-01 09:58:14.689149798+02:00,1569916694689149798,2,ask,4.059999999999988,84.91,84.93,88.99,3476.498807293,0,3476.498807293,quantile,0.99,1.6392000000001288,2019-10-01T09:00:18.190342505+02:00,2019-10-01T09:00:18.190342505+02:00,2019-10-01T17:29:57.718339630+02:00,30579.527997
2019-10-01 09:59:50.248986399+02:00,1569916790248986399,2,ask,7.090000000000003,84.9,84.91,92.0,3572.058643894,0,3572.058643894,quantile,0.99,1.6392000000001288,2019-10-01T09:00:18.190342505+02:00,2019-10-01T09:00:18.190342505+02:00,2019-10-01T17:29:57.718339630+02:00,30579.527997
2019-10-01 10:00:24.540216148+02:00,1569916824540216148,2,ask,4.040000000000006,84.85,84.86,88.9,3606.349873643,0,3606.349873643,quantile,0.99,1.6392000000001288,2019-10-01T09:00:18.190342505+02:00,2019-10-01T09:00:18.190342505+02:00,2019-10-01T17:29:57.718339630+02:00,30579.527997
2019-10-01 10:00:28.554036088+02:00,1569916828554036088,2,ask,4.019999999999996,84.83,84.86,88.88,3610.363693583,0,3610.363693583,quantile,0.99,1.6392000000001288,2019-10-01T09:00:18.190342505+02:00,2019-10-01T09:00:18.190342505+02:00,2019-10-01T17:29:57.718339630+02:00,30579.527997
2019-10-01 10:00:49.156665294+02:00,1569916849156665294,2,ask,4.050000000000011,84.81,84.82,88.87,3630.966322789,0,3630.966322789,quantile,0.99,1.6392000000001288,2019-10-01T09:00:18.190342505+02:00,2019-10-01T09:00:18.190342505+02:00,2019-10-01T17:29:57.718339630+02:00,30579.527997
2019-10-01 10:01:10.947305034+02:00,1569916870947305034,2,ask,4.02000000000001,84.75,84.77,88.79,3652.756962529,0,3652.756962529,quantile,0.99,1.6392000000001288,2019-10-01T09:00:18.190342505+02:00,2019-10-01T09:00:18.190342505+02:00,2019-10-01T17:29:57.718339630+02:00,30579.527997
2019-10-01 10:02:17.205330119+02:00,1569916937205330119,2,ask,4.029999999999987,84.65,84.68,88.71,3719.014987614,0,3719.014987614,quantile,0.99,1.6392000000001288,2019-10-01T09:00:18.190342505+02:00,2019-10-01T09:00:18.190342505+02:00,2019-10-01T17:29:57.718339630+02:00,30579.527997
2019-10-01 10:03:00.024052459+02:00,1569916980024052459,2,ask,3.989999999999995,84.61,84.64,88.63,3761.833709954,0,3761.833709954,quantile,0.99,1.6392000000001288,2019-10-01T09:00:18.190342505+02:00,2019-10-01T09:00:18.190342505+02:00,2019-10-01T17:29:57.718339630+02:00,30579.527997
2019-10-01 10:03:05.606432532+02:00,1569916985606432532,2,ask,3.9799999999999898,84.65,84.68,88.66,3767.416090027,0,3767.416090027,quantile,0.99,1.6392000000001288,2019-10-01T09:00:18.190342505+02:00,2019-10-01T09:00:18.190342505+02:00,2019-10-01T17:29:57.718339630+02:00,30579.527997
2019-10-01 10:03:11.172197228+02:00,1569916991172197228,2,ask,3.990000000000009,84.64,84.66,88.65,3772.981854723,0,3772.981854723,quantile,0.99,1.6392000000001288,2019-10-01T09:00:18.190342505+02:00,2019-10-01T09:00:18.190342505+02:00,2019-10-01T17:29:57.718339630+02:00,30579.527997
2019-10-01 10:03:16.265135092+02:00,1569916996265135092,2,ask,3.990000000000009,84.64,84.66,88.65,3778.074792587,0,3778.074792587,quantile,0.99,1.6392000000001288,2019-10-01T09:00:18.190342505+02:00,2019-10-01T09:00:18.190342505+02:00,2019-10-01T17:29:57.718339630+02:00,30579.527997
2019-10-01 10:03:27.707779452+02:00,1569917007707779452,2,ask,3.989999999999995,84.66,84.68,88.67,3789.517436947,0,3789.517436947,quantile,0.99,1.6392000000001288,2019-10-01T09:00:18.190342505+02:00,2019-10-01T09:00:18.190342505+02:00,2019-10-01T17:29:57.718339630+02:00,30579.527997
2019-10-01 10:03:37.944316087+02:00,1569917017944316087,2,ask,3.990000000000009,84.64,84.66,88.65,3799.753973582,0,3799.753973582,quantile,0.99,1.6392000000001288,2019-10-01T09:00:18.190342505+02:00,2019-10-01T09:00:18.190342505+02:00,2019-10-01T17:29:57.718339630+02:00,30579.527997
2019-10-01 10:04:37.384511797+02:00,1569917077384511797,2,ask,5.789999999999992,84.64,84.65,90.44,3859.194169292,0,3859.194169292,quantile,0.99,1.6392000000001288,2019-10-01T09:00:18.190342505+02:00,2019-10-01T09:00:18.190342505+02:00,2019-10-01T17:29:57.718339630+02:00,30579.527997
2019-10-01 10:05:15.104867813+02:00,1569917115104867813,2,ask,3.9499999999999886,84.6,84.62,88.57,3896.914525308,0,3896.914525308,quantile,0.99,1.6392000000001288,2019-10-01T09:00:18.190342505+02:00,2019-10-01T09:00:18.190342505+02:00,2019-10-01T17:29:57.718339630+02:00,30579.527997
2019-10-01 10:05:17.672941395+02:00,1569917117672941395,2,ask,3.9599999999999937,84.61,84.64,88.6,3899.48259889,0,3899.48259889,quantile,0.99,1.6392000000001288,2019-10-01T09:00:18.190342505+02:00,2019-10-01T09:00:18.190342505+02:00,2019-10-01T17:29:57.718339630+02:00,30579.527997
2019-10-01 10:05:38.059007264+02:00,1569917138059007264,2,ask,3.4200000000000017,84.6,84.64,88.06,3919.868664759,0,3919.868664759,quantile,0.99,1.6392000000001288,2019-10-01T09:00:18.190342505+02:00,2019-10-01T09:00:18.190342505+02:00,2019-10-01T17:29:57.718339630+02:00,30579.527997
2019-10-01 10:05:48.650894811+02:00,1569917148650894811,2,ask,3.950000000000003,84.56,84.57,88.52,3930.460552306,0,3930.460552306,quantile,0.99,1.6392000000001288,2019-10-01T09:00:18.190342505+02:00,2019-10-01T09:00:18.190342505+02:00,2019-10-01T17:29:57.718339630+02:00,30579.527997
2019-10-01 10:05:58.252301315+02:00,1569917158252301315,2,ask,3.9599999999999937,84.59,84.61,88.57,3940.06195881,0,3940.06195881,quantile,0.99,1.6392000000001288,2019-10-01T09:00:18.190342505+02:00,2019-10-01T09:00:18.190342505+02:00,2019-10-01T17:29:57.718339630+02:00,30579.527997
2019-10-01 10:06:03.489677165+02:00,1569917163489677165,2,ask,3.960000000000008,84.58,84.6,88.56,3945.29933466,0,3945.29933466,quantile,0.99,1.6392000000001288,2019-10-01T09:00:18.190342505+02:00,2019-10-01T09:00:18.190342505+02:00,2019-10-01T17:29:57.718339630+02:00,30579.527997
2019-10-01 10:08:00.035894679+02:00,1569917280035894679,2,ask,3.9399999999999977,84.51,84.53,88.47,4061.845552174,0,4061.845552174,quantile,0.99,1.6392000000001288,2019-10-01T09:00:18.190342505+02:00,2019-10-01T09:00:18.190342505+02:00,2019-10-01T17:29:57.718339630+02:00,30579.527997
2019-10-01 10:09:02.000605606+02:00,1569917342000605606,2,ask,3.9200000000000017,84.46,84.47,88.39,4123.810263101,0,4123.810263101,quantile,0.99,1.6392000000001288,2019-10-01T09:00:18.190342505+02:00,2019-10-01T09:00:18.190342505+02:00,2019-10-01T17:29:57.718339630+02:00,30579.527997
2019-10-01 10:09:08.009813538+02:00,1569917348009813538,2,ask,3.9200000000000017,84.44,84.46,88.38,4129.819471033,0,4129.819471033,quantile,0.99,1.6392000000001288,2019-10-01T09:00:18.190342505+02:00,2019-10-01T09:00:18.190342505+02:00,2019-10-01T17:29:57.718339630+02:00,30579.527997
2019-10-01 10:09:14.526523470+02:00,1569917354526523470,2,ask,3.9200000000000017,84.47,84.49,88.41,4136.336180965,0,4136.336180965,quantile,0.99,1.6392000000001288,2019-10-01T09:00:18.190342505+02:00,2019-10-01T09:00:18.190342505+02:00,2019-10-01T17:29:57.718339630+02:00,30579.527997
2019-10-01 10:09:36.571896285+02:00,1569917376571896285,2,ask,3.9200000000000017,84.49,84.51,88.43,4158.38155378,0,4158.38155378,quantile,0.99,1.6392000000001288,2019-10-01T09:00:18.190342505+02:00,2019-10-01T09:00:18.190342505+02:00,2019-10-01T17:29:57.718339630+02:00,30579.527997
2019-10-01 10:11:22.825925837+02:00,1569917482825925837,2,ask,3.8800000000000097,84.55,84.57,88.45,4264.635583332,0,4264.635583332,quantile,0.99,1.6392000000001288,2019-10-01T09:00:18.190342505+02:00,2019-10-01T09:00:18.190342505+02:00,2019-10-01T17:29:57.718339630+02:00,30579.527997
2019-10-01 10:11:37.208887773+02:00,1569917497208887773,2,ask,3.8800000000000097,84.57,84.6,88.48,4279.018545268,0,4279.018545268,quantile,0.99,1.6392000000001288,2019-10-01T09:00:18.190342505+02:00,2019-10-01T09:00:18.190342505+02:00,2019-10-01T17:29:57.718339630+02:00,30579.527997
2019-10-01 10:12:28.492285761+02:00,1569917548492285761,2,ask,3.879999999999996,84.59,84.61,88.49,4330.301943256,0,4330.301943256,quantile,0.99,1.6392000000001288,2019-10-01T09:00:18.190342505+02:00,2019-10-01T09:00:18.190342505+02:00,2019-10-01T17:29:57.718339630+02:00,30579.527997
2019-10-01 10:12:51.252679701+02:00,1569917571252679701,2,ask,3.890000000000001,84.58,84.59,88.48,4353.062337196,0,4353.062337196,quantile,0.99,1.6392000000001288,2019-10-01T09:00:18.190342505+02:00,2019-10-01T09:00:18.190342505+02:00,2019-10-01T17:29:57.718339630+02:00,30579.527997
2019-10-01 10:13:00.011737016+02:00,1569917580011737016,2,ask,3.850000000000009,84.59,84.6,88.45,4361.821394511,0,4361.821394511,quantile,0.99,1.6392000000001288,2019-10-01T09:00:18.190342505+02:00,2019-10-01T09:00:18.190342505+02:00,2019-10-01T17:29:57.718339630+02:00,30579.527997
2019-10-01 10:13:06.662494644+02:00,1569917586662494644,2,ask,3.8499999999999934,84.58,84.61,88.46,4368.472152139,0,4368.472152139,quantile,0.99,1.6392000000001288,2019-10-01T09:00:18.190342505+02:00,2019-10-01T09:00:18.190342505+02:00,2019-10-01T17:29:57.718339630+02:00,30579.527997
2019-10-01 10:13:26.437087809+02:00,1569917606437087809,2,ask,3.850000000000009,84.6,84.63,88.48,4388.246745304,0,4388.246745304,quantile,0.99,1.6392000000001288,2019-10-01T09:00:18.190342505+02:00,2019-10-01T09:00:18.190342505+02:00,2019-10-01T17:29:57.718339630+02:00,30579.527997
2019-10-01 10:13:31.903102940+02:00,1569917611903102940,2,ask,3.8499999999999934,84.6,84.62,88.47,4393.712760435,0,4393.712760435,quantile,0.99,1.6392000000001288,2019-10-01T09:00:18.190342505+02:00,2019-10-01T09:00:18.190342505+02:00,2019-10-01T17:29:57.718339630+02:00,30579.527997
2019-10-01 10:13:53.819191539+02:00,1569917633819191539,2,ask,3.8499999999999934,84.62,84.65,88.5,4415.628849034,0,4415.628849034,quantile,0.99,1.6392000000001288,2019-10-01T09:00:18.190342505+02:00,2019-10-01T09:00:18.190342505+02:00,2019-10-01T17:29:57.718339630+02:00,30579.527997
2019-10-01 10:14:27.192848409+02:00,1569917667192848409,2,ask,3.3700000000000045,84.6,84.63,88.0,4449.002505904,0,4449.002505904,quantile,0.99,1.6392000000001288,2019-10-01T09:00:18.190342505+02:00,2019-10-01T09:00:18.190342505+02:00,2019-10-01T17:29:57.718339630+02:00,30579.527997
2019-10-01 10:15:41.020900573+02:00,1569917741020900573,2,ask,2.6300000000000097,84.58,84.6,87.23,4522.830558068,0,4522.830558068,quantile,0.99,1.6392000000001288,2019-10-01T09:00:18.190342505+02:00,2019-10-01T09:00:18.190342505+02:00,2019-10-01T17:29:57.718339630+02:00,30579.527997
2019-10-01 10:16:00.029107425+02:00,1569917760029107425,2,ask,3.8100000000000014,84.58,84.6,88.41,4541.83876492,0,4541.83876492,quantile,0.99,1.6392000000001288,2019-10-01T09:00:18.190342505+02:00,2019-10-01T09:00:18.190342505+02:00,2019-10-01T17:29:57.718339630+02:00,30579.527997
2019-10-01 10:16:15.308683132+02:00,1569917775308683132,2,ask,3.820000000000008,84.59,84.61,88.43,4557.118340627,0,4557.118340627,quantile,0.99,1.6392000000001288,2019-10-01T09:00:18.190342505+02:00,2019-10-01T09:00:18.190342505+02:00,2019-10-01T17:29:57.718339630+02:00,30579.527997
2019-10-01 10:16:21.982286608+02:00,1569917781982286608,2,ask,3.8100000000000014,84.59,84.61,88.42,4563.791944103,0,4563.791944103,quantile,0.99,1.6392000000001288,2019-10-01T09:00:18.190342505+02:00,2019-10-01T09:00:18.190342505+02:00,2019-10-01T17:29:57.718339630+02:00,30579.527997
2019-10-01 10:16:48.827688400+02:00,1569917808827688400,2,ask,3.8100000000000014,84.61,84.63,88.44,4590.637345895,0,4590.637345895,quantile,0.99,1.6392000000001288,2019-10-01T09:00:18.190342505+02:00,2019-10-01T09:00:18.190342505+02:00,2019-10-01T17:29:57.718339630+02:00,30579.527997
2019-10-01 10:17:40.643348381+02:00,1569917860643348381,2,ask,3.819999999999993,84.65,84.67,88.49,4642.453005876,0,4642.453005876,quantile,0.99,1.6392000000001288,2019-10-01T09:00:18.190342505+02:00,2019-10-01T09:00:18.190342505+02:00,2019-10-01T17:29:57.718339630+02:00,30579.527997
2019-10-01 10:17:50.902852975+02:00,1569917870902852975,2,ask,3.8100000000000014,84.65,84.67,88.48,4652.71251047,0,4652.71251047,quantile,0.99,1.6392000000001288,2019-10-01T09:00:18.190342505+02:00,2019-10-01T09:00:18.190342505+02:00,2019-10-01T17:29:57.718339630+02:00,30579.527997
2019-10-01 10:18:24.284658113+02:00,1569917904284658113,2,ask,3.8100000000000014,84.66,84.69,88.5,4686.094315608,0,4686.094315608,quantile,0.99,1.6392000000001288,2019-10-01T09:00:18.190342505+02:00,2019-10-01T09:00:18.190342505+02:00,2019-10-01T17:29:57.718339630+02:00,30579.527997
2019-10-01 10:21:15.264188153+02:00,1569918075264188153,2,ask,3.780000000000001,84.72,84.74,88.52,4857.073845648,0,4857.073845648,quantile,0.99,1.6392000000001288,2019-10-01T09:00:18.190342505+02:00,2019-10-01T09:00:18.190342505+02:00,2019-10-01T17:29:57.718339630+02:00,30579.527997
2019-10-01 10:21:45.874965299+02:00,1569918105874965299,2,ask,2.2900000000000063,84.68,84.71,87.0,4887.684622794,0,4887.684622794,quantile,0.99,1.6392000000001288,2019-10-01T09:00:18.190342505+02:00,2019-10-01T09:00:18.190342505+02:00,2019-10-01T17:29:57.718339630+02:00,30579.527997
2019-10-01 10:22:00.198675417+02:00,1569918120198675417,2,ask,3.730000000000004,84.67,84.71,88.44,4902.008332912,0,4902.008332912,quantile,0.99,1.6392000000001288,2019-10-01T09:00:18.190342505+02:00,2019-10-01T09:00:18.190342505+02:00,2019-10-01T17:29:57.718339630+02:00,30579.527997
2019-10-01 10:22:05.701549485+02:00,1569918125701549485,2,ask,3.739999999999995,84.66,84.68,88.42,4907.51120698,0,4907.51120698,quantile,0.99,1.6392000000001288,2019-10-01T09:00:18.190342505+02:00,2019-10-01T09:00:18.190342505+02:00,2019-10-01T17:29:57.718339630+02:00,30579.527997
2019-10-01 10:23:24.222881102+02:00,1569918204222881102,2,ask,3.739999999999995,84.7,84.73,88.47,4986.032538597,0,4986.032538597,quantile,0.99,1.6392000000001288,2019-10-01T09:00:18.190342505+02:00,2019-10-01T09:00:18.190342505+02:00,2019-10-01T17:29:57.718339630+02:00,30579.527997
2019-10-01 10:23:35.220701827+02:00,1569918215220701827,2,ask,3.740000000000009,84.72,84.74,88.48,4997.030359322,0,4997.030359322,quantile,0.99,1.6392000000001288,2019-10-01T09:00:18.190342505+02:00,2019-10-01T09:00:18.190342505+02:00,2019-10-01T17:29:57.718339630+02:00,30579.527997
2019-10-01 10:23:46.218564996+02:00,1569918226218564996,2,ask,3.740000000000009,84.74,84.77,88.51,5008.028222491,0,5008.028222491,quantile,0.99,1.6392000000001288,2019-10-01T09:00:18.190342505+02:00,2019-10-01T09:00:18.190342505+02:00,2019-10-01T17:29:57.718339630+02:00,30579.527997
2019-10-01 10:23:50.609261739+02:00,1569918230609261739,2,ask,3.739999999999995,84.73,84.75,88.49,5012.418919234,0,5012.418919234,quantile,0.99,1.6392000000001288,2019-10-01T09:00:18.190342505+02:00,2019-10-01T09:00:18.190342505+02:00,2019-10-01T17:29:57.718339630+02:00,30579.527997
2019-10-01 10:25:36.997748043+02:00,1569918336997748043,2,ask,3.719999999999999,84.65,84.67,88.39,5118.807405538,0,5118.807405538,quantile,0.99,1.6392000000001288,2019-10-01T09:00:18.190342505+02:00,2019-10-01T09:00:18.190342505+02:00,2019-10-01T17:29:57.718339630+02:00,30579.527997
2019-10-01 10:26:18.204944494+02:00,1569918378204944494,2,ask,3.7099999999999937,84.67,84.7,88.41,5160.014601989,0,5160.014601989,quantile,0.99,1.6392000000001288,2019-10-01T09:00:18.190342505+02:00,2019-10-01T09:00:18.190342505+02:00,2019-10-01T17:29:57.718339630+02:00,30579.527997
2019-10-01 10:26:39.906720056+02:00,1569918399906720056,2,ask,3.710000000000008,84.7,84.72,88.43,5181.716377551,0,5181.716377551,quantile,0.99,1.6392000000001288,2019-10-01T09:00:18.190342505+02:00,2019-10-01T09:00:18.190342505+02:00,2019-10-01T17:29:57.718339630+02:00,30579.527997
2019-10-01 10:29:27.031149104+02:00,1569918567031149104,2,ask,3.669999999999988,84.66,84.68,88.35,5348.840806599,0,5348.840806599,quantile,0.99,1.6392000000001288,2019-10-01T09:00:18.190342505+02:00,2019-10-01T09:00:18.190342505+02:00,2019-10-01T17:29:57.718339630+02:00,30579.527997
2019-10-01 10:31:04.548335908+02:00,1569918664548335908,2,ask,3.640000000000001,84.6,84.63,88.27,5446.357993403,0,5446.357993403,quantile,0.99,1.6392000000001288,2019-10-01T09:00:18.190342505+02:00,2019-10-01T09:00:18.190342505+02:00,2019-10-01T17:29:57.718339630+02:00,30579.527997
2019-10-01 10:32:20.537687863+02:00,1569918740537687863,2,ask,3.629999999999996,84.55,84.56,88.19,5522.347345358,0,5522.347345358,quantile,0.99,1.6392000000001288,2019-10-01T09:00:18.190342505+02:00,2019-10-01T09:00:18.190342505+02:00,2019-10-01T17:29:57.718339630+02:00,30579.527997
2019-10-01 10:32:36.275854608+02:00,1569918756275854608,2,ask,3.640000000000001,84.57,84.58,88.22,5538.085512103,0,5538.085512103,quantile,0.99,1.6392000000001288,2019-10-01T09:00:18.190342505+02:00,2019-10-01T09:00:18.190342505+02:00,2019-10-01T17:29:57.718339630+02:00,30579.527997
2019-10-01 10:39:00.023803164+02:00,1569919140023803164,2,ask,3.519999999999996,84.64,84.67,88.19,5921.833460659,0,5921.833460659,quantile,0.99,1.6392000000001288,2019-10-01T09:00:18.190342505+02:00,2019-10-01T09:00:18.190342505+02:00,2019-10-01T17:29:57.718339630+02:00,30579.527997
2019-10-01 10:39:12.883761061+02:00,1569919152883761061,2,ask,1.740000000000009,84.65,84.66,86.4,5934.693418556,0,5934.693418556,quantile,0.99,1.6392000000001288,2019-10-01T09:00:18.190342505+02:00,2019-10-01T09:00:18.190342505+02:00,2019-10-01T17:29:57.718339630+02:00,30579.527997
2019-10-01 10:40:07.682289679+02:00,1569919207682289679,2,ask,3.530000000000001,84.67,84.69,88.22,5989.491947174,0,5989.491947174,quantile,0.99,1.6392000000001288,2019-10-01T09:00:18.190342505+02:00,2019-10-01T09:00:18.190342505+02:00,2019-10-01T17:29:57.718339630+02:00,30579.527997
2019-10-01 10:40:22.162723061+02:00,1569919222162723061,2,ask,7.719999999999999,84.67,84.68,92.4,6003.972380556,0,6003.972380556,quantile,0.99,1.6392000000001288,2019-10-01T09:00:18.190342505+02:00,2019-10-01T09:00:18.190342505+02:00,2019-10-01T17:29:57.718339630+02:00,30579.527997
2019-10-01 10:41:19.216507793+02:00,1569919279216507793,2,ask,3.530000000000001,84.6,84.61,88.14,6061.026165288,0,6061.026165288,quantile,0.99,1.6392000000001288,2019-10-01T09:00:18.190342505+02:00,2019-10-01T09:00:18.190342505+02:00,2019-10-01T17:29:57.718339630+02:00,30579.527997
2019-10-01 10:41:28.521455070+02:00,1569919288521455070,2,ask,3.530000000000001,84.6,84.62,88.15,6070.331112565,0,6070.331112565,quantile,0.99,1.6392000000001288,2019-10-01T09:00:18.190342505+02:00,2019-10-01T09:00:18.190342505+02:00,2019-10-01T17:29:57.718339630+02:00,30579.527997
2019-10-01 10:41:50.607763423+02:00,1569919310607763423,2,ask,3.530000000000001,84.66,84.67,88.2,6092.417420918,0,6092.417420918,quantile,0.99,1.6392000000001288,2019-10-01T09:00:18.190342505+02:00,2019-10-01T09:00:18.190342505+02:00,2019-10-01T17:29:57.718339630+02:00,30579.527997
2019-10-01 10:42:03.087820788+02:00,1569919323087820788,2,ask,3.510000000000005,84.66,84.67,88.18,6104.897478283,0,6104.897478283,quantile,0.99,1.6392000000001288,2019-10-01T09:00:18.190342505+02:00,2019-10-01T09:00:18.190342505+02:00,2019-10-01T17:29:57.718339630+02:00,30579.527997
2019-10-01 10:42:11.188885484+02:00,1569919331188885484,2,ask,3.5,84.66,84.67,88.17,6112.998542979,0,6112.998542979,quantile,0.99,1.6392000000001288,2019-10-01T09:00:18.190342505+02:00,2019-10-01T09:00:18.190342505+02:00,2019-10-01T17:29:57.718339630+02:00,30579.527997
2019-10-01 10:43:46.886735594+02:00,1569919426886735594,2,ask,3.480000000000004,84.59,84.61,88.09,6208.696393089,0,6208.696393089,quantile,0.99,1.6392000000001288,2019-10-01T09:00:18.190342505+02:00,2019-10-01T09:00:18.190342505+02:00,2019-10-01T17:29:57.718339630+02:00,30579.527997
2019-10-01 10:44:23.529694101+02:00,1569919463529694101,2,ask,3.489999999999995,84.59,84.62,88.11,6245.339351596,0,6245.339351596,quantile,0.99,1.6392000000001288,2019-10-01T09:00:18.190342505+02:00,2019-10-01T09:00:18.190342505+02:00,2019-10-01T17:29:57.718339630+02:00,30579.527997
2019-10-01 10:45:49.379938655+02:00,1569919549379938655,2,ask,3.460000000000008,84.56,84.57,88.03,6331.18959615,0,6331.18959615,quantile,0.99,1.6392000000001288,2019-10-01T09:00:18.190342505+02:00,2019-10-01T09:00:18.190342505+02:00,2019-10-01T17:29:57.718339630+02:00,30579.527997
2019-10-01 10:48:00.026687717+02:00,1569919680026687717,2,ask,3.430000000000007,84.51,84.52,87.95,6461.836345212,0,6461.836345212,quantile,0.99,1.6392000000001288,2019-10-01T09:00:18.190342505+02:00,2019-10-01T09:00:18.190342505+02:00,2019-10-01T17:29:57.718339630+02:00,30579.527997
2019-10-01 10:48:03.183922809+02:00,1569919683183922809,2,ask,3.489999999999995,84.5,84.51,88.0,6464.993580304,0,6464.993580304,quantile,0.99,1.6392000000001288,2019-10-01T09:00:18.190342505+02:00,2019-10-01T09:00:18.190342505+02:00,2019-10-01T17:29:57.718339630+02:00,30579.527997
2019-10-01 10:48:18.846497781+02:00,1569919698846497781,2,ask,2.6699999999999875,84.52,84.54,87.21,6480.656155276,0,6480.656155276,quantile,0.99,1.6392000000001288,2019-10-01T09:00:18.190342505+02:00,2019-10-01T09:00:18.190342505+02:00,2019-10-01T17:29:57.718339630+02:00,30579.527997
2019-10-01 10:48:34.566560755+02:00,1569919714566560755,2,ask,3.4200000000000017,84.53,84.55,87.97,6496.37621825,0,6496.37621825,quantile,0.99,1.6392000000001288,2019-10-01T09:00:18.190342505+02:00,2019-10-01T09:00:18.190342505+02:00,2019-10-01T17:29:57.718339630+02:00,30579.527997
2019-10-01 10:48:49.295757400+02:00,1569919729295757400,2,ask,3.4200000000000017,84.57,84.59,88.01,6511.105414895,0,6511.105414895,quantile,0.99,1.6392000000001288,2019-10-01T09:00:18.190342505+02:00,2019-10-01T09:00:18.190342505+02:00,2019-10-01T17:29:57.718339630+02:00,30579.527997
2019-10-01 10:50:14.935138447+02:00,1569919814935138447,2,ask,3.430000000000007,84.6,84.61,88.04,6596.744795942,0,6596.744795942,quantile,0.99,1.6392000000001288,2019-10-01T09:00:18.190342505+02:00,2019-10-01T09:00:18.190342505+02:00,2019-10-01T17:29:57.718339630+02:00,30579.527997
2019-10-01 10:50:21.067397254+02:00,1569919821067397254,2,ask,3.4200000000000017,84.58,84.6,88.02,6602.877054749,0,6602.877054749,quantile,0.99,1.6392000000001288,2019-10-01T09:00:18.190342505+02:00,2019-10-01T09:00:18.190342505+02:00,2019-10-01T17:29:57.718339630+02:00,30579.527997
2019-10-01 10:54:07.744626612+02:00,1569920047744626612,2,ask,3.3400000000000034,84.58,84.6,87.94,6829.554284107,0,6829.554284107,quantile,0.99,1.6392000000001288,2019-10-01T09:00:18.190342505+02:00,2019-10-01T09:00:18.190342505+02:00,2019-10-01T17:29:57.718339630+02:00,30579.527997
2019-10-01 10:54:23.764326377+02:00,1569920063764326377,2,ask,3.3599999999999994,84.6,84.61,87.97,6845.573983872,0,6845.573983872,quantile,0.99,1.6392000000001288,2019-10-01T09:00:18.190342505+02:00,2019-10-01T09:00:18.190342505+02:00,2019-10-01T17:29:57.718339630+02:00,30579.527997
2019-10-01 10:54:29.801528224+02:00,1569920069801528224,2,ask,3.3499999999999943,84.6,84.61,87.96,6851.611185719,0,6851.611185719,quantile,0.99,1.6392000000001288,2019-10-01T09:00:18.190342505+02:00,2019-10-01T09:00:18.190342505+02:00,2019-10-01T17:29:57.718339630+02:00,30579.527997
2019-10-01 10:55:10.354437663+02:00,1569920110354437663,2,ask,3.3500000000000085,84.61,84.63,87.98,6892.164095158,0,6892.164095158,quantile,0.99,1.6392000000001288,2019-10-01T09:00:18.190342505+02:00,2019-10-01T09:00:18.190342505+02:00,2019-10-01T17:29:57.718339630+02:00,30579.527997
2019-10-01 10:57:58.700179207+02:00,1569920278700179207,2,ask,3.3100000000000023,84.57,84.59,87.9,7060.509836702,0,7060.509836702,quantile,0.99,1.6392000000001288,2019-10-01T09:00:18.190342505+02:00,2019-10-01T09:00:18.190342505+02:00,2019-10-01T17:29:57.718339630+02:00,30579.527997
2019-10-01 11:06:21.071929301+02:00,1569920781071929301,2,ask,3.200000000000003,84.7,84.72,87.92,7562.881586796,0,7562.881586796,quantile,0.99,1.6392000000001288,2019-10-01T09:00:18.190342505+02:00,2019-10-01T09:00:18.190342505+02:00,2019-10-01T17:29:57.718339630+02:00,30579.527997
2019-10-01 11:06:27.394415465+02:00,1569920787394415465,2,ask,11.310000000000002,84.67,84.69,96.0,7569.20407296,0,7569.20407296,quantile,0.99,1.6392000000001288,2019-10-01T09:00:18.190342505+02:00,2019-10-01T09:00:18.190342505+02:00,2019-10-01T17:29:57.718339630+02:00,30579.527997
2019-10-01 11:07:02.644754447+02:00,1569920822644754447,2,ask,3.210000000000008,84.7,84.72,87.93,7604.454411942,0,7604.454411942,quantile,0.99,1.6392000000001288,2019-10-01T09:00:18.190342505+02:00,2019-10-01T09:00:18.190342505+02:00,2019-10-01T17:29:57.718339630+02:00,30579.527997
2019-10-01 11:07:15.781547404+02:00,1569920835781547404,2,ask,3.210000000000008,84.72,84.74,87.95,7617.591204899,0,7617.591204899,quantile,0.99,1.6392000000001288,2019-10-01T09:00:18.190342505+02:00,2019-10-01T09:00:18.190342505+02:00,2019-10-01T17:29:57.718339630+02:00,30579.527997
2019-10-01 11:07:23.065484306+02:00,1569920843065484306,2,ask,4.540000000000006,84.72,84.74,89.28,7624.875141801,0,7624.875141801,quantile,0.99,1.6392000000001288,2019-10-01T09:00:18.190342505+02:00,2019-10-01T09:00:18.190342505+02:00,2019-10-01T17:29:57.718339630+02:00,30579.527997
2019-10-01 11:11:51.310103966+02:00,1569921111310103966,2,ask,3.1700000000000017,84.69,84.7,87.87,7893.119761461,0,7893.119761461,quantile,0.99,1.6392000000001288,2019-10-01T09:00:18.190342505+02:00,2019-10-01T09:00:18.190342505+02:00,2019-10-01T17:29:57.718339630+02:00,30579.527997
2019-10-01 11:14:08.180133884+02:00,1569921248180133884,2,ask,3.140000000000001,84.73,84.74,87.88,8029.989791379,0,8029.989791379,quantile,0.99,1.6392000000001288,2019-10-01T09:00:18.190342505+02:00,2019-10-01T09:00:18.190342505+02:00,2019-10-01T17:29:57.718339630+02:00,30579.527997
2019-10-01 11:14:31.233113990+02:00,1569921271233113990,2,ask,3.140000000000001,84.74,84.76,87.9,8053.042771485,0,8053.042771485,quantile,0.99,1.6392000000001288,2019-10-01T09:00:18.190342505+02:00,2019-10-01T09:00:18.190342505+02:00,2019-10-01T17:29:57.718339630+02:00,30579.527997
2019-10-01 11:15:25.054862661+02:00,1569921325054862661,2,ask,3.1300000000000097,84.77,84.8,87.93,8106.864520156,0,8106.864520156,quantile,0.99,1.6392000000001288,2019-10-01T09:00:18.190342505+02:00,2019-10-01T09:00:18.190342505+02:00,2019-10-01T17:29:57.718339630+02:00,30579.527997
2019-10-01 11:15:34.719845582+02:00,1569921334719845582,2,ask,3.140000000000001,84.79,84.81,87.95,8116.529503077,0,8116.529503077,quantile,0.99,1.6392000000001288,2019-10-01T09:00:18.190342505+02:00,2019-10-01T09:00:18.190342505+02:00,2019-10-01T17:29:57.718339630+02:00,30579.527997
2019-10-01 11:15:46.442606717+02:00,1569921346442606717,2,ask,3.1200000000000045,84.82,84.85,87.97,8128.252264212,0,8128.252264212,quantile,0.99,1.6392000000001288,2019-10-01T09:00:18.190342505+02:00,2019-10-01T09:00:18.190342505+02:00,2019-10-01T17:29:57.718339630+02:00,30579.527997
2019-10-01 11:16:46.705046447+02:00,1569921406705046447,2,ask,3.1099999999999994,84.84,84.85,87.96,8188.514703942,0,8188.514703942,quantile,0.99,1.6392000000001288,2019-10-01T09:00:18.190342505+02:00,2019-10-01T09:00:18.190342505+02:00,2019-10-01T17:29:57.718339630+02:00,30579.527997
2019-10-01 11:17:12.597584211+02:00,1569921432597584211,2,ask,3.0999999999999943,84.87,84.9,88.0,8214.407241706,0,8214.407241706,quantile,0.99,1.6392000000001288,2019-10-01T09:00:18.190342505+02:00,2019-10-01T09:00:18.190342505+02:00,2019-10-01T17:29:57.718339630+02:00,30579.527997
2019-10-01 11:18:12.329863813+02:00,1569921492329863813,2,ask,3.0900000000000034,84.92,84.95,88.04,8274.139521308,0,8274.139521308,quantile,0.99,1.6392000000001288,2019-10-01T09:00:18.190342505+02:00,2019-10-01T09:00:18.190342505+02:00,2019-10-01T17:29:57.718339630+02:00,30579.527997
2019-10-01 11:19:06.005785421+02:00,1569921546005785421,2,ask,5.099999999999994,84.88,84.9,90.0,8327.815442916,0,8327.815442916,quantile,0.99,1.6392000000001288,2019-10-01T09:00:18.190342505+02:00,2019-10-01T09:00:18.190342505+02:00,2019-10-01T17:29:57.718339630+02:00,30579.527997
2019-10-01 11:19:20.950248278+02:00,1569921560950248278,2,ask,3.049999999999997,84.88,84.9,87.95,8342.759905773,0,8342.759905773,quantile,0.99,1.6392000000001288,2019-10-01T09:00:18.190342505+02:00,2019-10-01T09:00:18.190342505+02:00,2019-10-01T17:29:57.718339630+02:00,30579.527997
2019-10-01 11:19:25.987482771+02:00,1569921565987482771,2,ask,3.069999999999993,84.89,84.9,87.97,8347.797140266,0,8347.797140266,quantile,0.99,1.6392000000001288,2019-10-01T09:00:18.190342505+02:00,2019-10-01T09:00:18.190342505+02:00,2019-10-01T17:29:57.718339630+02:00,30579.527997
2019-10-01 11:24:29.404811747+02:00,1569921869404811747,2,ask,2.1299999999999955,84.85,84.87,87.0,8651.214469242,0,8651.214469242,quantile,0.99,1.6392000000001288,2019-10-01T09:00:18.190342505+02:00,2019-10-01T09:00:18.190342505+02:00,2019-10-01T17:29:57.718339630+02:00,30579.527997
2019-10-01 11:25:00.021833312+02:00,1569921900021833312,2,ask,3.0,84.87,84.89,87.89,8681.831490807,0,8681.831490807,quantile,0.99,1.6392000000001288,2019-10-01T09:00:18.190342505+02:00,2019-10-01T09:00:18.190342505+02:00,2019-10-01T17:29:57.718339630+02:00,30579.527997
2019-10-01 11:25:03.798474151+02:00,1569921903798474151,2,ask,3.0,84.91,84.92,87.92,8685.608131646,0,8685.608131646,quantile,0.99,1.6392000000001288,2019-10-01T09:00:18.190342505+02:00,2019-10-01T09:00:18.190342505+02:00,2019-10-01T17:29:57.718339630+02:00,30579.527997
2019-10-01 11:25:57.720954160+02:00,1569921957720954160,2,ask,3.009999999999991,84.93,84.95,87.96,8739.530611655,0,8739.530611655,quantile,0.99,1.6392000000001288,2019-10-01T09:00:18.190342505+02:00,2019-10-01T09:00:18.190342505+02:00,2019-10-01T17:29:57.718339630+02:00,30579.527997
2019-10-01 11:26:12.358843320+02:00,1569921972358843320,2,ask,3.0,84.95,84.97,87.97,8754.168500815,0,8754.168500815,quantile,0.99,1.6392000000001288,2019-10-01T09:00:18.190342505+02:00,2019-10-01T09:00:18.190342505+02:00,2019-10-01T17:29:57.718339630+02:00,30579.527997
2019-10-01 11:27:02.775949511+02:00,1569922022775949511,2,ask,3.0,84.88,84.89,87.89,8804.585607006,0,8804.585607006,quantile,0.99,1.6392000000001288,2019-10-01T09:00:18.190342505+02:00,2019-10-01T09:00:18.190342505+02:00,2019-10-01T17:29:57.718339630+02:00,30579.527997
2019-10-01 11:28:01.392854176+02:00,1569922081392854176,2,ask,2.960000000000008,84.84,84.85,87.81,8863.202511671,0,8863.202511671,quantile,0.99,1.6392000000001288,2019-10-01T09:00:18.190342505+02:00,2019-10-01T09:00:18.190342505+02:00,2019-10-01T17:29:57.718339630+02:00,30579.527997
2019-10-01 11:30:20.078179695+02:00,1569922220078179695,2,ask,2.969999999999999,84.84,84.86,87.83,9001.88783719,0,9001.88783719,quantile,0.99,1.6392000000001288,2019-10-01T09:00:18.190342505+02:00,2019-10-01T09:00:18.190342505+02:00,2019-10-01T17:29:57.718339630+02:00,30579.527997
2019-10-01 11:31:31.361817475+02:00,1569922291361817475,2,ask,2.930000000000007,84.8,84.82,87.75,9073.17147497,0,9073.17147497,quantile,0.99,1.6392000000001288,2019-10-01T09:00:18.190342505+02:00,2019-10-01T09:00:18.190342505+02:00,2019-10-01T17:29:57.718339630+02:00,30579.527997
2019-10-01 11:31:40.165281063+02:00,1569922300165281063,2,ask,2.930000000000007,84.82,84.83,87.76,9081.974938558,0,9081.974938558,quantile,0.99,1.6392000000001288,2019-10-01T09:00:18.190342505+02:00,2019-10-01T09:00:18.190342505+02:00,2019-10-01T17:29:57.718339630+02:00,30579.527997
2019-10-01 11:31:54.951520700+02:00,1569922314951520700,2,ask,2.930000000000007,84.84,84.85,87.78,9096.761178195,0,9096.761178195,quantile,0.99,1.6392000000001288,2019-10-01T09:00:18.190342505+02:00,2019-10-01T09:00:18.190342505+02:00,2019-10-01T17:29:57.718339630+02:00,30579.527997
2019-10-01 11:34:56.569953822+02:00,1569922496569953822,2,ask,2.8800000000000097,84.8,84.82,87.7,9278.379611317,0,9278.379611317,quantile,0.99,1.6392000000001288,2019-10-01T09:00:18.190342505+02:00,2019-10-01T09:00:18.190342505+02:00,2019-10-01T17:29:57.718339630+02:00,30579.527997
2019-10-01 11:37:51.571375383+02:00,1569922671571375383,2,ask,2.890000000000001,84.8,84.81,87.7,9453.381032878,0,9453.381032878,quantile,0.99,1.6392000000001288,2019-10-01T09:00:18.190342505+02:00,2019-10-01T09:00:18.190342505+02:00,2019-10-01T17:29:57.718339630+02:00,30579.527997
2019-10-01 11:38:44.293812731+02:00,1569922724293812731,2,ask,2.8599999999999994,84.74,84.76,87.62,9506.103470226,0,9506.103470226,quantile,0.99,1.6392000000001288,2019-10-01T09:00:18.190342505+02:00,2019-10-01T09:00:18.190342505+02:00,2019-10-01T17:29:57.718339630+02:00,30579.527997
2019-10-01 11:40:41.130491414+02:00,1569922841130491414,2,ask,2.8500000000000085,84.74,84.77,87.62,9622.940148909,0,9622.940148909,quantile,0.99,1.6392000000001288,2019-10-01T09:00:18.190342505+02:00,2019-10-01T09:00:18.190342505+02:00,2019-10-01T17:29:57.718339630+02:00,30579.527997
2019-10-01 11:42:00.280902084+02:00,1569922920280902084,2,ask,5.219999999999999,84.76,84.78,90.0,9702.090559579,0,9702.090559579,quantile,0.99,1.6392000000001288,2019-10-01T09:00:18.190342505+02:00,2019-10-01T09:00:18.190342505+02:00,2019-10-01T17:29:57.718339630+02:00,30579.527997
2019-10-01 11:43:27.444482210+02:00,1569923007444482210,2,ask,8.450000000000003,84.73,84.75,93.2,9789.254139705,0,9789.254139705,quantile,0.99,1.6392000000001288,2019-10-01T09:00:18.190342505+02:00,2019-10-01T09:00:18.190342505+02:00,2019-10-01T17:29:57.718339630+02:00,30579.527997
2019-10-01 11:44:00.018348139+02:00,1569923040018348139,2,ask,2.780000000000001,84.73,84.75,87.53,9821.828005634,0,9821.828005634,quantile,0.99,1.6392000000001288,2019-10-01T09:00:18.190342505+02:00,2019-10-01T09:00:18.190342505+02:00,2019-10-01T17:29:57.718339630+02:00,30579.527997
2019-10-01 11:44:57.813884480+02:00,1569923097813884480,2,ask,2.769999999999996,84.76,84.78,87.55,9879.623541975,0,9879.623541975,quantile,0.99,1.6392000000001288,2019-10-01T09:00:18.190342505+02:00,2019-10-01T09:00:18.190342505+02:00,2019-10-01T17:29:57.718339630+02:00,30579.527997
2019-10-01 11:46:06.512969281+02:00,1569923166512969281,2,ask,2.789999999999992,84.66,84.68,87.47,9948.322626776,0,9948.322626776,quantile,0.99,1.6392000000001288,2019-10-01T09:00:18.190342505+02:00,2019-10-01T09:00:18.190342505+02:00,2019-10-01T17:29:57.718339630+02:00,30579.527997
2019-10-01 11:46:17.016114010+02:00,1569923177016114010,2,ask,2.789999999999992,84.68,84.7,87.49,9958.825771505,0,9958.825771505,quantile,0.99,1.6392000000001288,2019-10-01T09:00:18.190342505+02:00,2019-10-01T09:00:18.190342505+02:00,2019-10-01T17:29:57.718339630+02:00,30579.527997
2019-10-01 11:46:44.285101177+02:00,1569923204285101177,2,ask,2.7900000000000063,84.69,84.72,87.51,9986.094758672,0,9986.094758672,quantile,0.99,1.6392000000001288,2019-10-01T09:00:18.190342505+02:00,2019-10-01T09:00:18.190342505+02:00,2019-10-01T17:29:57.718339630+02:00,30579.527997
2019-10-01 11:53:45.962632625+02:00,1569923625962632625,2,ask,2.680000000000007,84.74,84.75,87.43,10407.77229012,0,10407.77229012,quantile,0.99,1.6392000000001288,2019-10-01T09:00:18.190342505+02:00,2019-10-01T09:00:18.190342505+02:00,2019-10-01T17:29:57.718339630+02:00,30579.527997
2019-10-01 11:54:32.374639884+02:00,1569923672374639884,2,ask,2.680000000000007,84.74,84.75,87.43,10454.184297379,0,10454.184297379,quantile,0.99,1.6392000000001288,2019-10-01T09:00:18.190342505+02:00,2019-10-01T09:00:18.190342505+02:00,2019-10-01T17:29:57.718339630+02:00,30579.527997
2019-10-01 11:54:48.289974397+02:00,1569923688289974397,2,ask,2.680000000000007,84.75,84.77,87.45,10470.099631892,0,10470.099631892,quantile,0.99,1.6392000000001288,2019-10-01T09:00:18.190342505+02:00,2019-10-01T09:00:18.190342505+02:00,2019-10-01T17:29:57.718339630+02:00,30579.527997
2019-10-01 11:55:10.191499208+02:00,1569923710191499208,2,ask,2.6799999999999926,84.77,84.79,87.47,10492.001156703,0,10492.001156703,quantile,0.99,1.6392000000001288,2019-10-01T09:00:18.190342505+02:00,2019-10-01T09:00:18.190342505+02:00,2019-10-01T17:29:57.718339630+02:00,30579.527997
2019-10-01 11:55:23.717012412+02:00,1569923723717012412,2,ask,2.6699999999999875,84.77,84.79,87.46,10505.526669907,0,10505.526669907,quantile,0.99,1.6392000000001288,2019-10-01T09:00:18.190342505+02:00,2019-10-01T09:00:18.190342505+02:00,2019-10-01T17:29:57.718339630+02:00,30579.527997
2019-10-01 11:55:44.078840850+02:00,1569923744078840850,2,ask,2.6799999999999926,84.8,84.81,87.49,10525.888498345,0,10525.888498345,quantile,0.99,1.6392000000001288,2019-10-01T09:00:18.190342505+02:00,2019-10-01T09:00:18.190342505+02:00,2019-10-01T17:29:57.718339630+02:00,30579.527997
2019-10-01 11:59:01.511559632+02:00,1569923941511559632,2,ask,2.5999999999999943,84.79,84.81,87.41,10723.321217127,0,10723.321217127,quantile,0.99,1.6392000000001288,2019-10-01T09:00:18.190342505+02:00,2019-10-01T09:00:18.190342505+02:00,2019-10-01T17:29:57.718339630+02:00,30579.527997
2019-10-01 11:59:37.826172038+02:00,1569923977826172038,2,ask,5.170000000000002,84.81,84.83,90.0,10759.635829533,0,10759.635829533,quantile,0.99,1.6392000000001288,2019-10-01T09:00:18.190342505+02:00,2019-10-01T09:00:18.190342505+02:00,2019-10-01T17:29:57.718339630+02:00,30579.527997
2019-10-01 12:02:00.047857531+02:00,1569924120047857531,2,ask,2.569999999999993,84.82,84.84,87.41,10901.857515026,0,10901.857515026,quantile,0.99,1.6392000000001288,2019-10-01T09:00:18.190342505+02:00,2019-10-01T09:00:18.190342505+02:00,2019-10-01T17:29:57.718339630+02:00,30579.527997
2019-10-01 12:02:35.576826214+02:00,1569924155576826214,2,ask,2.569999999999993,84.84,84.87,87.44,10937.386483709,0,10937.386483709,quantile,0.99,1.6392000000001288,2019-10-01T09:00:18.190342505+02:00,2019-10-01T09:00:18.190342505+02:00,2019-10-01T17:29:57.718339630+02:00,30579.527997
2019-10-01 12:03:15.387998140+02:00,1569924195387998140,2,ask,2.5799999999999983,84.87,84.89,87.47,10977.197655635,0,10977.197655635,quantile,0.99,1.6392000000001288,2019-10-01T09:00:18.190342505+02:00,2019-10-01T09:00:18.190342505+02:00,2019-10-01T17:29:57.718339630+02:00,30579.527997
2019-10-01 12:03:52.888322693+02:00,1569924232888322693,2,ask,2.5799999999999983,84.87,84.88,87.46,11014.697980188,0,11014.697980188,quantile,0.99,1.6392000000001288,2019-10-01T09:00:18.190342505+02:00,2019-10-01T09:00:18.190342505+02:00,2019-10-01T17:29:57.718339630+02:00,30579.527997
2019-10-01 12:05:10.740676464+02:00,1569924310740676464,2,ask,2.569999999999993,84.9,84.92,87.49,11092.550333959,0,11092.550333959,quantile,0.99,1.6392000000001288,2019-10-01T09:00:18.190342505+02:00,2019-10-01T09:00:18.190342505+02:00,2019-10-01T17:29:57.718339630+02:00,30579.527997
2019-10-01 12:05:20.699836297+02:00,1569924320699836297,2,ask,2.5700000000000074,84.89,84.91,87.48,11102.509493792,0,11102.509493792,quantile,0.99,1.6392000000001288,2019-10-01T09:00:18.190342505+02:00,2019-10-01T09:00:18.190342505+02:00,2019-10-01T17:29:57.718339630+02:00,30579.527997
2019-10-01 12:09:00.025511593+02:00,1569924540025511593,2,ask,2.510000000000005,84.88,84.89,87.4,11321.835169088,0,11321.835169088,quantile,0.99,1.6392000000001288,2019-10-01T09:00:18.190342505+02:00,2019-10-01T09:00:18.190342505+02:00,2019-10-01T17:29:57.718339630+02:00,30579.527997
2019-10-01 12:13:15.391736789+02:00,1569924795391736789,2,ask,2.469999999999999,84.84,84.85,87.32,11577.201394284,0,11577.201394284,quantile,0.99,1.6392000000001288,2019-10-01T09:00:18.190342505+02:00,2019-10-01T09:00:18.190342505+02:00,2019-10-01T17:29:57.718339630+02:00,30579.527997
2019-10-01 12:17:07.866764363+02:00,1569925027866764363,2,ask,2.4299999999999926,84.87,84.89,87.32,11809.676421858,0,11809.676421858,quantile,0.99,1.6392000000001288,2019-10-01T09:00:18.190342505+02:00,2019-10-01T09:00:18.190342505+02:00,2019-10-01T17:29:57.718339630+02:00,30579.527997
2019-10-01 12:17:25.182713784+02:00,1569925045182713784,2,ask,2.430000000000007,84.89,84.91,87.34,11826.992371279,0,11826.992371279,quantile,0.99,1.6392000000001288,2019-10-01T09:00:18.190342505+02:00,2019-10-01T09:00:18.190342505+02:00,2019-10-01T17:29:57.718339630+02:00,30579.527997
2019-10-01 12:18:24.642567867+02:00,1569925104642567867,2,ask,2.4299999999999926,84.91,84.93,87.36,11886.452225362,0,11886.452225362,quantile,0.99,1.6392000000001288,2019-10-01T09:00:18.190342505+02:00,2019-10-01T09:00:18.190342505+02:00,2019-10-01T17:29:57.718339630+02:00,30579.527997
2019-10-01 12:24:00.019025388+02:00,1569925440019025388,2,ask,2.3599999999999994,84.89,84.91,87.27,12221.828682883,0,12221.828682883,quantile,0.99,1.6392000000001288,2019-10-01T09:00:18.190342505+02:00,2019-10-01T09:00:18.190342505+02:00,2019-10-01T17:29:57.718339630+02:00,30579.527997
2019-10-01 12:28:49.904101933+02:00,1569925729904101933,2,ask,2.3299999999999983,84.85,84.86,87.19,12511.713759428,0,12511.713759428,quantile,0.99,1.6392000000001288,2019-10-01T09:00:18.190342505+02:00,2019-10-01T09:00:18.190342505+02:00,2019-10-01T17:29:57.718339630+02:00,30579.527997
2019-10-01 12:29:15.734585053+02:00,1569925755734585053,2,ask,2.319999999999993,84.86,84.89,87.21,12537.544242548,0,12537.544242548,quantile,0.99,1.6392000000001288,2019-10-01T09:00:18.190342505+02:00,2019-10-01T09:00:18.190342505+02:00,2019-10-01T17:29:57.718339630+02:00,30579.527997
2019-10-01 12:36:46.301113596+02:00,1569926206301113596,2,ask,2.25,84.86,84.88,87.13,12988.110771091,0,12988.110771091,quantile,0.99,1.6392000000001288,2019-10-01T09:00:18.190342505+02:00,2019-10-01T09:00:18.190342505+02:00,2019-10-01T17:29:57.718339630+02:00,30579.527997
2019-10-01 12:38:08.977891651+02:00,1569926288977891651,2,ask,2.259999999999991,84.86,84.87,87.13,13070.787549146,0,13070.787549146,quantile,0.99,1.6392000000001288,2019-10-01T09:00:18.190342505+02:00,2019-10-01T09:00:18.190342505+02:00,2019-10-01T17:29:57.718339630+02:00,30579.527997
2019-10-01 12:39:00.040593084+02:00,1569926340040593084,2,ask,2.219999999999999,84.87,84.88,87.1,13121.850250579,0,13121.850250579,quantile,0.99,1.6392000000001288,2019-10-01T09:00:18.190342505+02:00,2019-10-01T09:00:18.190342505+02:00,2019-10-01T17:29:57.718339630+02:00,30579.527997
2019-10-01 12:43:05.398394235+02:00,1569926585398394235,2,ask,4.150000000000006,84.84,84.85,89.0,13367.20805173,0,13367.20805173,quantile,0.99,1.6392000000001288,2019-10-01T09:00:18.190342505+02:00,2019-10-01T09:00:18.190342505+02:00,2019-10-01T17:29:57.718339630+02:00,30579.527997
2019-10-01 12:44:12.709522+02:00,1569926652709522000,2,ask,2.1799999999999926,84.82,84.84,87.02,13434.519179495,0,13434.519179495,quantile,0.99,1.6392000000001288,2019-10-01T09:00:18.190342505+02:00,2019-10-01T09:00:18.190342505+02:00,2019-10-01T17:29:57.718339630+02:00,30579.527997
2019-10-01 12:51:00.027529260+02:00,1569927060027529260,2,ask,2.1099999999999994,84.82,84.83,86.94,13841.837186755,0,13841.837186755,quantile,0.99,1.6392000000001288,2019-10-01T09:00:18.190342505+02:00,2019-10-01T09:00:18.190342505+02:00,2019-10-01T17:29:57.718339630+02:00,30579.527997
2019-10-01 12:54:47.586268287+02:00,1569927287586268287,2,ask,2.0,84.78,84.8,86.8,14069.395925782,0,14069.395925782,quantile,0.99,1.6392000000001288,2019-10-01T09:00:18.190342505+02:00,2019-10-01T09:00:18.190342505+02:00,2019-10-01T17:29:57.718339630+02:00,30579.527997
2019-10-01 12:55:07.130496837+02:00,1569927307130496837,2,ask,2.0799999999999983,84.76,84.78,86.86,14088.940154332,0,14088.940154332,quantile,0.99,1.6392000000001288,2019-10-01T09:00:18.190342505+02:00,2019-10-01T09:00:18.190342505+02:00,2019-10-01T17:29:57.718339630+02:00,30579.527997
2019-10-01 12:58:00.020074518+02:00,1569927480020074518,2,ask,2.049999999999997,84.72,84.73,86.78,14261.829732013,0,14261.829732013,quantile,0.99,1.6392000000001288,2019-10-01T09:00:18.190342505+02:00,2019-10-01T09:00:18.190342505+02:00,2019-10-01T17:29:57.718339630+02:00,30579.527997
2019-10-01 13:01:34.089690770+02:00,1569927694089690770,2,ask,2.049999999999997,84.74,84.75,86.8,14475.899348265,0,14475.899348265,quantile,0.99,1.6392000000001288,2019-10-01T09:00:18.190342505+02:00,2019-10-01T09:00:18.190342505+02:00,2019-10-01T17:29:57.718339630+02:00,30579.527997
2019-10-01 13:06:00.023327418+02:00,1569927960023327418,2,ask,1.9699999999999989,84.72,84.74,86.71,14741.832984913,0,14741.832984913,quantile,0.99,1.6392000000001288,2019-10-01T09:00:18.190342505+02:00,2019-10-01T09:00:18.190342505+02:00,2019-10-01T17:29:57.718339630+02:00,30579.527997
2019-10-01 13:07:17.244811930+02:00,1569928037244811930,2,ask,1.980000000000004,84.74,84.75,86.73,14819.054469425,0,14819.054469425,quantile,0.99,1.6392000000001288,2019-10-01T09:00:18.190342505+02:00,2019-10-01T09:00:18.190342505+02:00,2019-10-01T17:29:57.718339630+02:00,30579.527997
2019-10-01 13:09:54.039400887+02:00,1569928194039400887,2,ask,1.9699999999999989,84.76,84.78,86.75,14975.849058382,0,14975.849058382,quantile,0.99,1.6392000000001288,2019-10-01T09:00:18.190342505+02:00,2019-10-01T09:00:18.190342505+02:00,2019-10-01T17:29:57.718339630+02:00,30579.527997
2019-10-01 13:12:31.073787790+02:00,1569928351073787790,2,ask,1.9399999999999975,84.82,84.83,86.77,15132.883445285,0,15132.883445285,quantile,0.99,1.6392000000001288,2019-10-01T09:00:18.190342505+02:00,2019-10-01T09:00:18.190342505+02:00,2019-10-01T17:29:57.718339630+02:00,30579.527997
2019-10-01 13:14:00.020423018+02:00,1569928440020423018,2,ask,1.8999999999999917,84.77,84.79,86.69,15221.830080513,0,15221.830080513,quantile,0.99,1.6392000000001288,2019-10-01T09:00:18.190342505+02:00,2019-10-01T09:00:18.190342505+02:00,2019-10-01T17:29:57.718339630+02:00,30579.527997
2019-10-01 13:15:18.204621985+02:00,1569928518204621985,2,ask,1.8999999999999917,84.8,84.81,86.71,15300.01427948,0,15300.01427948,quantile,0.99,1.6392000000001288,2019-10-01T09:00:18.190342505+02:00,2019-10-01T09:00:18.190342505+02:00,2019-10-01T17:29:57.718339630+02:00,30579.527997
2019-10-01 13:15:54.940937811+02:00,1569928554940937811,2,ask,1.9000000000000057,84.81,84.83,86.73,15336.750595306,0,15336.750595306,quantile,0.99,1.6392000000001288,2019-10-01T09:00:18.190342505+02:00,2019-10-01T09:00:18.190342505+02:00,2019-10-01T17:29:57.718339630+02:00,30579.527997
2019-10-01 13:16:26.563636620+02:00,1569928586563636620,2,ask,1.8900000000000008,84.84,84.87,86.76,15368.373294115,0,15368.373294115,quantile,0.99,1.6392000000001288,2019-10-01T09:00:18.190342505+02:00,2019-10-01T09:00:18.190342505+02:00,2019-10-01T17:29:57.718339630+02:00,30579.527997
2019-10-01 13:17:25.798744178+02:00,1569928645798744178,2,ask,1.9000000000000057,84.86,84.88,86.78,15427.608401673,0,15427.608401673,quantile,0.99,1.6392000000001288,2019-10-01T09:00:18.190342505+02:00,2019-10-01T09:00:18.190342505+02:00,2019-10-01T17:29:57.718339630+02:00,30579.527997
2019-10-01 13:18:45.307325181+02:00,1569928725307325181,2,ask,1.8599999999999997,84.81,84.84,86.7,15507.116982676,0,15507.116982676,quantile,0.99,1.6392000000001288,2019-10-01T09:00:18.190342505+02:00,2019-10-01T09:00:18.190342505+02:00,2019-10-01T17:29:57.718339630+02:00,30579.527997
2019-10-01 13:19:37.832482500+02:00,1569928777832482500,2,ask,1.8599999999999997,84.83,84.84,86.7,15559.642139995,0,15559.642139995,quantile,0.99,1.6392000000001288,2019-10-01T09:00:18.190342505+02:00,2019-10-01T09:00:18.190342505+02:00,2019-10-01T17:29:57.718339630+02:00,30579.527997
2019-10-01 13:20:38.564668075+02:00,1569928838564668075,2,ask,1.8700000000000043,84.81,84.83,86.7,15620.37432557,0,15620.37432557,quantile,0.99,1.6392000000001288,2019-10-01T09:00:18.190342505+02:00,2019-10-01T09:00:18.190342505+02:00,2019-10-01T17:29:57.718339630+02:00,30579.527997
2019-10-01 13:22:05.943963709+02:00,1569928925943963709,2,ask,1.8200000000000076,84.78,84.8,86.62,15707.753621204,0,15707.753621204,quantile,0.99,1.6392000000001288,2019-10-01T09:00:18.190342505+02:00,2019-10-01T09:00:18.190342505+02:00,2019-10-01T17:29:57.718339630+02:00,30579.527997
2019-10-01 13:22:17.791026795+02:00,1569928937791026795,2,ask,1.8300000000000125,84.81,84.82,86.65,15719.60068429,0,15719.60068429,quantile,0.99,1.6392000000001288,2019-10-01T09:00:18.190342505+02:00,2019-10-01T09:00:18.190342505+02:00,2019-10-01T17:29:57.718339630+02:00,30579.527997
2019-10-01 13:23:36.856181445+02:00,1569929016856181445,2,ask,1.8299999999999983,84.82,84.84,86.67,15798.66583894,0,15798.66583894,quantile,0.99,1.6392000000001288,2019-10-01T09:00:18.190342505+02:00,2019-10-01T09:00:18.190342505+02:00,2019-10-01T17:29:57.718339630+02:00,30579.527997
2019-10-01 13:25:35.832185402+02:00,1569929135832185402,2,ask,1.8200000000000076,84.83,84.85,86.67,15917.641842897,0,15917.641842897,quantile,0.99,1.6392000000001288,2019-10-01T09:00:18.190342505+02:00,2019-10-01T09:00:18.190342505+02:00,2019-10-01T17:29:57.718339630+02:00,30579.527997
2019-10-01 13:25:46.433839941+02:00,1569929146433839941,2,ask,1.8299999999999983,84.85,84.86,86.69,15928.243497436,0,15928.243497436,quantile,0.99,1.6392000000001288,2019-10-01T09:00:18.190342505+02:00,2019-10-01T09:00:18.190342505+02:00,2019-10-01T17:29:57.718339630+02:00,30579.527997
2019-10-01 13:25:56.868392683+02:00,1569929156868392683,2,ask,1.8299999999999983,84.86,84.88,86.71,15938.678050178,0,15938.678050178,quantile,0.99,1.6392000000001288,2019-10-01T09:00:18.190342505+02:00,2019-10-01T09:00:18.190342505+02:00,2019-10-01T17:29:57.718339630+02:00,30579.527997
2019-10-01 13:26:44.346311068+02:00,1569929204346311068,2,ask,1.8199999999999927,84.79,84.81,86.63,15986.155968563,0,15986.155968563,quantile,0.99,1.6392000000001288,2019-10-01T09:00:18.190342505+02:00,2019-10-01T09:00:18.190342505+02:00,2019-10-01T17:29:57.718339630+02:00,30579.527997
2019-10-01 13:27:00.015918299+02:00,1569929220015918299,2,ask,1.7999999999999972,84.8,84.81,86.61,16001.825575794,0,16001.825575794,quantile,0.99,1.6392000000001288,2019-10-01T09:00:18.190342505+02:00,2019-10-01T09:00:18.190342505+02:00,2019-10-01T17:29:57.718339630+02:00,30579.527997
2019-10-01 13:33:49.239426009+02:00,1569929629239426009,2,ask,1.7600000000000051,84.85,84.86,86.62,16411.049083504,0,16411.049083504,quantile,0.99,1.6392000000001288,2019-10-01T09:00:18.190342505+02:00,2019-10-01T09:00:18.190342505+02:00,2019-10-01T17:29:57.718339630+02:00,30579.527997
2019-10-01 13:38:18.258317332+02:00,1569929898258317332,2,ask,1.690000000000012,84.83,84.85,86.54,16680.067974827,0,16680.067974827,quantile,0.99,1.6392000000001288,2019-10-01T09:00:18.190342505+02:00,2019-10-01T09:00:18.190342505+02:00,2019-10-01T17:29:57.718339630+02:00,30579.527997
2019-10-01 13:39:25.549243625+02:00,1569929965549243625,2,ask,1.6899999999999975,84.86,84.87,86.56,16747.35890112,0,16747.35890112,quantile,0.99,1.6392000000001288,2019-10-01T09:00:18.190342505+02:00,2019-10-01T09:00:18.190342505+02:00,2019-10-01T17:29:57.718339630+02:00,30579.527997
2019-10-01 13:40:18.203970119+02:00,1569930018203970119,2,ask,1.6899999999999975,84.87,84.89,86.58,16800.013627614,0,16800.013627614,quantile,0.99,1.6392000000001288,2019-10-01T09:00:18.190342505+02:00,2019-10-01T09:00:18.190342505+02:00,2019-10-01T17:29:57.718339630+02:00,30579.527997
2019-10-01 13:41:05.785339592+02:00,1569930065785339592,2,ask,1.6899999999999975,84.89,84.9,86.59,16847.594997087,0,16847.594997087,quantile,0.99,1.6392000000001288,2019-10-01T09:00:18.190342505+02:00,2019-10-01T09:00:18.190342505+02:00,2019-10-01T17:29:57.718339630+02:00,30579.527997
2019-10-01 13:41:12.028911424+02:00,1569930072028911424,2,ask,1.6899999999999975,84.89,84.9,86.59,16853.838568919,0,16853.838568919,quantile,0.99,1.6392000000001288,2019-10-01T09:00:18.190342505+02:00,2019-10-01T09:00:18.190342505+02:00,2019-10-01T17:29:57.718339630+02:00,30579.527997
2019-10-01 13:48:32.485629739+02:00,1569930512485629739,2,ask,2.0799999999999983,84.91,84.92,87.0,17294.295287234,0,17294.295287234,quantile,0.99,1.6392000000001288,2019-10-01T09:00:18.190342505+02:00,2019-10-01T09:00:18.190342505+02:00,2019-10-01T17:29:57.718339630+02:00,30579.527997
2019-10-01 14:38:22.585005623+02:00,1569933502585005623,2,ask,2.2099999999999937,84.77,84.79,87.0,20284.394663118,0,20284.394663118,quantile,0.99,1.6392000000001288,2019-10-01T09:00:18.190342505+02:00,2019-10-01T09:00:18.190342505+02:00,2019-10-01T17:29:57.718339630+02:00,30579.527997
2019-10-01 14:42:00.877078196+02:00,1569933720877078196,2,ask,5.239999999999995,84.75,84.76,90.0,20502.686735691,0,20502.686735691,quantile,0.99,1.6392000000001288,2019-10-01T09:00:18.190342505+02:00,2019-10-01T09:00:18.190342505+02:00,2019-10-01T17:29:57.718339630+02:00,30579.527997
2019-10-01 14:55:08.776446166+02:00,1569934508776446166,2,ask,12.310000000000002,84.68,84.69,97.0,21290.586103661,0,21290.586103661,quantile,0.99,1.6392000000001288,2019-10-01T09:00:18.190342505+02:00,2019-10-01T09:00:18.190342505+02:00,2019-10-01T17:29:57.718339630+02:00,30579.527997
2019-10-01 15:12:16.808200590+02:00,1569935536808200590,2,ask,15.28,84.71,84.72,100.0,22318.617858085,0,22318.617858085,quantile,0.99,1.6392000000001288,2019-10-01T09:00:18.190342505+02:00,2019-10-01T09:00:18.190342505+02:00,2019-10-01T17:29:57.718339630+02:00,30579.527997
2019-10-01 15:26:49.863611093+02:00,1569936409863611093,2,ask,2.6499999999999915,84.64,84.65,87.3,23191.673268588,0,23191.673268588,quantile,0.99,1.6392000000001288,2019-10-01T09:00:18.190342505+02:00,2019-10-01T09:00:18.190342505+02:00,2019-10-01T17:29:57.718339630+02:00,30579.527997
2019-10-01 15:48:41.690614083+02:00,1569937721690614083,2,ask,1.8299999999999983,84.54,84.55,86.38,24503.500271578,0,24503.500271578,quantile,0.99,1.6392000000001288,2019-10-01T09:00:18.190342505+02:00,2019-10-01T09:00:18.190342505+02:00,2019-10-01T17:29:57.718339630+02:00,30579.527997
2019-10-01 15:50:38.560890425+02:00,1569937838560890425,2,ask,1.789999999999992,84.49,84.51,86.3,24620.37054792,0,24620.37054792,quantile,0.99,1.6392000000001288,2019-10-01T09:00:18.190342505+02:00,2019-10-01T09:00:18.190342505+02:00,2019-10-01T17:29:57.718339630+02:00,30579.527997
2019-10-01 15:50:57.135289822+02:00,1569937857135289822,2,ask,1.7999999999999972,84.5,84.52,86.32,24638.944947317,0,24638.944947317,quantile,0.99,1.6392000000001288,2019-10-01T09:00:18.190342505+02:00,2019-10-01T09:00:18.190342505+02:00,2019-10-01T17:29:57.718339630+02:00,30579.527997
2019-10-01 15:51:33.016277989+02:00,1569937893016277989,2,ask,1.7600000000000051,84.54,84.57,86.33,24674.825935484,0,24674.825935484,quantile,0.99,1.6392000000001288,2019-10-01T09:00:18.190342505+02:00,2019-10-01T09:00:18.190342505+02:00,2019-10-01T17:29:57.718339630+02:00,30579.527997
2019-10-01 15:51:44.060558165+02:00,1569937904060558165,2,ask,1.759999999999991,84.57,84.59,86.35,24685.87021566,0,24685.87021566,quantile,0.99,1.6392000000001288,2019-10-01T09:00:18.190342505+02:00,2019-10-01T09:00:18.190342505+02:00,2019-10-01T17:29:57.718339630+02:00,30579.527997
2019-10-01 15:51:57.245486503+02:00,1569937917245486503,2,ask,1.7600000000000051,84.59,84.61,86.37,24699.055143998,0,24699.055143998,quantile,0.99,1.6392000000001288,2019-10-01T09:00:18.190342505+02:00,2019-10-01T09:00:18.190342505+02:00,2019-10-01T17:29:57.718339630+02:00,30579.527997
2019-10-01 15:54:08.078468538+02:00,1569938048078468538,2,ask,1.720000000000013,84.55,84.57,86.29,24829.888126033,0,24829.888126033,quantile,0.99,1.6392000000001288,2019-10-01T09:00:18.190342505+02:00,2019-10-01T09:00:18.190342505+02:00,2019-10-01T17:29:57.718339630+02:00,30579.527997
2019-10-01 15:54:19.023431223+02:00,1569938059023431223,2,ask,1.7199999999999989,84.58,84.6,86.32,24840.833088718,0,24840.833088718,quantile,0.99,1.6392000000001288,2019-10-01T09:00:18.190342505+02:00,2019-10-01T09:00:18.190342505+02:00,2019-10-01T17:29:57.718339630+02:00,30579.527997
2019-10-01 15:54:23.689464309+02:00,1569938063689464309,2,ask,1.7299999999999898,84.57,84.59,86.32,24845.499121804,0,24845.499121804,quantile,0.99,1.6392000000001288,2019-10-01T09:00:18.190342505+02:00,2019-10-01T09:00:18.190342505+02:00,2019-10-01T17:29:57.718339630+02:00,30579.527997
2019-10-01 15:55:00.023334227+02:00,1569938100023334227,2,ask,1.6899999999999975,84.54,84.55,86.24,24881.832991722,0,24881.832991722,quantile,0.99,1.6392000000001288,2019-10-01T09:00:18.190342505+02:00,2019-10-01T09:00:18.190342505+02:00,2019-10-01T17:29:57.718339630+02:00,30579.527997
2019-10-01 16:00:00.118834005+02:00,1569938400118834005,2,ask,1.6599999999999966,84.35,84.41,86.07,25181.9284915,0,25181.9284915,quantile,0.99,1.6392000000001288,2019-10-01T09:00:18.190342505+02:00,2019-10-01T09:00:18.190342505+02:00,2019-10-01T17:29:57.718339630+02:00,30579.527997
2019-10-01 16:46:10.780204602+02:00,1569941170780204602,2,ask,2.0999999999999943,83.89,83.9,86.0,27952.589862097,0,27952.589862097,quantile,0.99,1.6392000000001288,2019-10-01T09:00:18.190342505+02:00,2019-10-01T09:00:18.190342505+02:00,2019-10-01T17:29:57.718339630+02:00,30579.527997
2019-10-01 17:06:49.848207503+02:00,1569942409848207503,2,ask,3.180000000000007,83.81,83.82,87.0,29191.657864998,0,29191.657864998,quantile,0.99,1.6392000000001288,2019-10-01T09:00:18.190342505+02:00,2019-10-01T09:00:18.190342505+02:00,2019-10-01T17:29:57.718339630+02:00,30579.527997
2019-10-01 17:16:07.758507159+02:00,1569942967758507159,2,ask,2.390000000000001,83.59,83.61,86.0,29749.568164654,0,29749.568164654,quantile,0.99,1.6392000000001288,2019-10-01T09:00:18.190342505+02:00,2019-10-01T09:00:18.190342505+02:00,2019-10-01T17:29:57.718339630+02:00,30579.527997
2019-10-01 17:29:00.003064454+02:00,1569943740003064454,2,ask,5.730000000000004,83.66,83.67,89.4,30521.812721949,0,30521.812721949,quantile,0.99,1.6392000000001288,2019-10-01T09:00:18.190342505+02:00,2019-10-01T09:00:18.190342505+02:00,2019-10-01T17:29:57.718339630+02:00,30579.527997
2019-10-01 17:29:00.028273447+02:00,1569943740028273447,2,ask,2.3299999999999983,83.66,83.67,86.0,30521.837930942,0,30521.837930942,quantile,0.99,1.6392000000001288,2019-10-01T09:00:18.190342505+02:00,2019-10-01T09:00:18.190342505+02:00,2019-10-01T17:29:57.718339630+02:00,30579.527997
2019-10-01 17:29:56.704429467+02:00,1569943796704429467,2,ask,1.9399999999999975,83.64,83.66,85.6,30578.514086962,0,30578.514086962,quantile,0.99,1.6392000000001288,2019-10-01T09:00:18.190342505+02:00,2019-10-01T09:00:18.190342505+02:00,2019-10-01T17:29:57.718339630+02:00,30579.527997
2019-10-01 17:29:56.704462458+02:00,1569943796704462458,2,ask,2.760000000000005,83.64,83.66,86.42,30578.514119953,0,30578.514119953,quantile,0.99,1.6392000000001288,2019-10-01T09:00:18.190342505+02:00,2019-10-01T09:00:18.190342505+02:00,2019-10-01T17:29:57.718339630+02:00,30579.527997
2019-10-01 17:29:56.704491207+02:00,1569943796704491207,2,ask,1.6899999999999975,83.64,83.66,85.35,30578.514148702,0,30578.514148702,quantile,0.99,1.6392000000001288,2019-10-01T09:00:18.190342505+02:00,2019-10-01T09:00:18.190342505+02:00,2019-10-01T17:29:57.718339630+02:00,30579.527997
2019-10-01 17:29:56.704519965+02:00,1569943796704519965,2,ask,1.8400000000000036,83.64,83.66,85.5,30578.51417746,0,30578.51417746,quantile,0.99,1.6392000000001288,2019-10-01T09:00:18.190342505+02:00,2019-10-01T09:00:18.190342505+02:00,2019-10-01T17:29:57.718339630+02:00,30579.527997
2019-10-01 17:29:56.704552923+02:00,1569943796704552923,2,ask,2.3400000000000034,83.64,83.66,86.0,30578.514210418,0,30578.514210418,quantile,0.99,1.6392000000001288,2019-10-01T09:00:18.190342505+02:00,2019-10-01T09:00:18.190342505+02:00,2019-10-01T17:29:57.718339630+02:00,30579.527997
2019-10-01 17:29:56.704584993+02:00,1569943796704584993,2,ask,6.240000000000009,83.64,83.66,89.9,30578.514242488,0,30578.514242488,quantile,0.99,1.6392000000001288,2019-10-01T09:00:18.190342505+02:00,2019-10-01T09:00:18.190342505+02:00,2019-10-01T17:29:57.718339630+02:00,30579.527997
2019-10-01 17:29:56.704616924+02:00,1569943796704616924,2,ask,6.340000000000003,83.64,83.66,90.0,30578.514274419,0,30578.514274419,quantile,0.99,1.6392000000001288,2019-10-01T09:00:18.190342505+02:00,2019-10-01T09:00:18.190342505+02:00,2019-10-01T17:29:57.718339630+02:00,30579.527997
2019-10-01 17:29:56.704649711+02:00,1569943796704649711,2,ask,6.240000000000009,83.64,83.66,89.9,30578.514307206,0,30578.514307206,quantile,0.99,1.6392000000001288,2019-10-01T09:00:18.190342505+02:00,2019-10-01T09:00:18.190342505+02:00,2019-10-01T17:29:57.718339630+02:00,30579.527997
2019-10-01 17:29:56.704683683+02:00,1569943796704683683,2,ask,11.340000000000003,83.64,83.66,95.0,30578.514341178,0,30578.514341178,quantile,0.99,1.6392000000001288,2019-10-01T09:00:18.190342505+02:00,2019-10-01T09:00:18.190342505+02:00,2019-10-01T17:29:57.718339630+02:00,30579.527997
2019-10-01 17:29:56.704716477+02:00,1569943796704716477,2,ask,4.340000000000003,83.64,83.66,88.0,30578.514373972,0,30578.514373972,quantile,0.99,1.6392000000001288,2019-10-01T09:00:18.190342505+02:00,2019-10-01T09:00:18.190342505+02:00,2019-10-01T17:29:57.718339630+02:00,30579.527997
2019-10-01 17:29:56.704748595+02:00,1569943796704748595,2,ask,2.240000000000009,83.64,83.66,85.9,30578.51440609,0,30578.51440609,quantile,0.99,1.6392000000001288,2019-10-01T09:00:18.190342505+02:00,2019-10-01T09:00:18.190342505+02:00,2019-10-01T17:29:57.718339630+02:00,30579.527997
2019-10-01 17:29:56.704780722+02:00,1569943796704780722,2,ask,10.340000000000003,83.64,83.66,94.0,30578.514438217,0,30578.514438217,quantile,0.99,1.6392000000001288,2019-10-01T09:00:18.190342505+02:00,2019-10-01T09:00:18.190342505+02:00,2019-10-01T17:29:57.718339630+02:00,30579.527997
2019-10-01 17:29:56.704820191+02:00,1569943796704820191,2,ask,5.340000000000003,83.64,83.66,89.0,30578.514477686,0,30578.514477686,quantile,0.99,1.6392000000001288,2019-10-01T09:00:18.190342505+02:00,2019-10-01T09:00:18.190342505+02:00,2019-10-01T17:29:57.718339630+02:00,30579.527997
2019-10-01 17:29:56.704847662+02:00,1569943796704847662,2,ask,4.340000000000003,83.64,83.66,88.0,30578.514505157,0,30578.514505157,quantile,0.99,1.6392000000001288,2019-10-01T09:00:18.190342505+02:00,2019-10-01T09:00:18.190342505+02:00,2019-10-01T17:29:57.718339630+02:00,30579.527997
2019-10-01 17:29:56.704875188+02:00,1569943796704875188,2,ask,4.340000000000003,83.64,83.66,88.0,30578.514532683,0,30578.514532683,quantile,0.99,1.6392000000001288,2019-10-01T09:00:18.190342505+02:00,2019-10-01T09:00:18.190342505+02:00,2019-10-01T17:29:57.718339630+02:00,30579.527997
2019-10-01 17:29:56.704901311+02:00,1569943796704901311,2,ask,1.7000000000000028,83.64,83.66,85.36,30578.514558806,0,30578.514558806,quantile,0.99,1.6392000000001288,2019-10-01T09:00:18.190342505+02:00,2019-10-01T09:00:18.190342505+02:00,2019-10-01T17:29:57.718339630+02:00,30579.527997
2019-10-01 17:29:56.704931460+02:00,1569943796704931460,2,ask,3.3400000000000034,83.64,83.66,87.0,30578.514588955,0,30578.514588955,quantile,0.99,1.6392000000001288,2019-10-01T09:00:18.190342505+02:00,2019-10-01T09:00:18.190342505+02:00,2019-10-01T17:29:57.718339630+02:00,30579.527997
2019-10-01 17:29:56.704963783+02:00,1569943796704963783,2,ask,5.340000000000003,83.64,83.66,89.0,30578.514621278,0,30578.514621278,quantile,0.99,1.6392000000001288,2019-10-01T09:00:18.190342505+02:00,2019-10-01T09:00:18.190342505+02:00,2019-10-01T17:29:57.718339630+02:00,30579.527997
2019-10-01 17:29:56.705030904+02:00,1569943796705030904,2,ask,2.140000000000001,83.64,83.66,85.8,30578.514688399,0,30578.514688399,quantile,0.99,1.6392000000001288,2019-10-01T09:00:18.190342505+02:00,2019-10-01T09:00:18.190342505+02:00,2019-10-01T17:29:57.718339630+02:00,30579.527997
2019-10-01 17:29:56.705064706+02:00,1569943796705064706,2,ask,16.340000000000003,83.64,83.66,100.0,30578.514722201,0,30578.514722201,quantile,0.99,1.6392000000001288,2019-10-01T09:00:18.190342505+02:00,2019-10-01T09:00:18.190342505+02:00,2019-10-01T17:29:57.718339630+02:00,30579.527997
2019-10-01 17:29:57.717929535+02:00,1569943797717929535,2,ask,3.3299999999999983,83.64,83.67,87.0,30579.52758703,0,30579.52758703,quantile,0.99,1.6392000000001288,2019-10-01T09:00:18.190342505+02:00,2019-10-01T09:00:18.190342505+02:00,2019-10-01T17:29:57.718339630+02:00,30579.527997
2019-10-01 17:29:57.717963263+02:00,1569943797717963263,2,ask,2.3299999999999983,83.64,83.67,86.0,30579.527620758,0,30579.527620758,quantile,0.99,1.6392000000001288,2019-10-01T09:00:18.190342505+02:00,2019-10-01T09:00:18.190342505+02:00,2019-10-01T17:29:57.718339630+02:00,30579.527997
2019-10-01 17:29:57.717996936+02:00,1569943797717996936,2,ask,6.230000000000004,83.64,83.67,89.9,30579.527654431,0,30579.527654431,quantile,0.99,1.6392000000001288,2019-10-01T09:00:18.190342505+02:00,2019-10-01T09:00:18.190342505+02:00,2019-10-01T17:29:57.718339630+02:00,30579.527997
2019-10-01 17:29:57.718028279+02:00,1569943797718028279,2,ask,2.3299999999999983,83.64,83.67,86.0,30579.527685774,0,30579.527685774,quantile,0.99,1.6392000000001288,2019-10-01T09:00:18.190342505+02:00,2019-10-01T09:00:18.190342505+02:00,2019-10-01T17:29:57.718339630+02:00,30579.527997
2019-10-01 17:29:57.718090003+02:00,1569943797718090003,2,ask,2.230000000000004,83.64,83.67,85.9,30579.527747498,0,30579.527747498,quantile,0.99,1.6392000000001288,2019-10-01T09:00:18.190342505+02:00,2019-10-01T09:00:18.190342505+02:00,2019-10-01T17:29:57.718339630+02:00,30579.527997
2019-10-01 17:29:57.718122475+02:00,1569943797718122475,2,ask,2.8599999999999994,83.64,83.67,86.53,30579.52777997,0,30579.52777997,quantile,0.99,1.6392000000001288,2019-10-01T09:00:18.190342505+02:00,2019-10-01T09:00:18.190342505+02:00,2019-10-01T17:29:57.718339630+02:00,30579.527997
2019-10-01 17:29:57.718155147+02:00,1569943797718155147,2,ask,4.329999999999998,83.64,83.67,88.0,30579.527812642,0,30579.527812642,quantile,0.99,1.6392000000001288,2019-10-01T09:00:18.190342505+02:00,2019-10-01T09:00:18.190342505+02:00,2019-10-01T17:29:57.718339630+02:00,30579.527997
2019-10-01 17:29:57.718187251+02:00,1569943797718187251,2,ask,4.530000000000001,83.64,83.67,88.2,30579.527844746,0,30579.527844746,quantile,0.99,1.6392000000001288,2019-10-01T09:00:18.190342505+02:00,2019-10-01T09:00:18.190342505+02:00,2019-10-01T17:29:57.718339630+02:00,30579.527997
2019-10-01 17:29:57.718248057+02:00,1569943797718248057,2,ask,5.530000000000001,83.64,83.67,89.2,30579.527905552,0,30579.527905552,quantile,0.99,1.6392000000001288,2019-10-01T09:00:18.190342505+02:00,2019-10-01T09:00:18.190342505+02:00,2019-10-01T17:29:57.718339630+02:00,30579.527997
2019-10-01 17:29:57.718339630+02:00,1569943797718339630,2,ask,16.33,83.64,83.67,100.0,30579.527997125,0,30579.527997125,quantile,0.99,1.6392000000001288,2019-10-01T09:00:18.190342505+02:00,2019-10-01T09:00:18.190342505+02:00,2019-10-01T17:29:57.718339630+02:00,30579.527997
