time_paris,t_ns,side,side_label,delta,bid,ask,price,t_seconds,dup_rank,t_seconds_jitter,threshold_mode,threshold_value_input,threshold_actual,time_origin_paris,window_start_paris,window_end_paris,T_observation_seconds
2019-10-01 09:00:18.190366269+02:00,1569913218190366269,1,bid,0.8900000000000006,85.21,85.27,84.32,0.000109167,0,0.000109167,quantile,0.95,0.269999999999996,2019-10-01T09:00:18.190257102+02:00,2019-10-01T09:00:18.190257102+02:00,2019-10-01T17:29:58.552073359+02:00,30580.361816
2019-10-01 09:00:18.191755376+02:00,1569913218191755376,1,bid,0.3199999999999932,85.21,85.3,84.89,0.001498274,0,0.001498274,quantile,0.95,0.269999999999996,2019-10-01T09:00:18.190257102+02:00,2019-10-01T09:00:18.190257102+02:00,2019-10-01T17:29:58.552073359+02:00,30580.361816
2019-10-01 09:00:18.191808576+02:00,1569913218191808576,1,bid,0.5899999999999892,85.21,85.3,84.62,0.001551474,0,0.001551474,quantile,0.95,0.269999999999996,2019-10-01T09:00:18.190257102+02:00,2019-10-01T09:00:18.190257102+02:00,2019-10-01T17:29:58.552073359+02:00,30580.361816
2019-10-01 09:00:18.191894307+02:00,1569913218191894307,1,bid,1.019999999999996,85.21,85.3,84.19,0.001637205,0,0.001637205,quantile,0.95,0.269999999999996,2019-10-01T09:00:18.190257102+02:00,2019-10-01T09:00:18.190257102+02:00,2019-10-01T17:29:58.552073359+02:00,30580.361816
2019-10-01 09:00:18.192336135+02:00,1569913218192336135,1,bid,6.209999999999994,85.21,85.3,79.0,0.002079033,0,0.002079033,quantile,0.95,0.269999999999996,2019-10-01T09:00:18.190257102+02:00,2019-10-01T09:00:18.190257102+02:00,2019-10-01T17:29:58.552073359+02:00,30580.361816
2019-10-01 09:00:18.195693313+02:00,1569913218195693313,1,bid,0.5599999999999881,85.21,85.3,84.65,0.005436211,0,0.005436211,quantile,0.95,0.269999999999996,2019-10-01T09:00:18.190257102+02:00,2019-10-01T09:00:18.190257102+02:00,2019-10-01T17:29:58.552073359+02:00,30580.361816
2019-10-01 09:00:26.239202278+02:00,1569913226239202278,1,bid,5.1200000000000045,85.18,85.27,80.06,8.048945176,0,8.048945176,quantile,0.95,0.269999999999996,2019-10-01T09:00:18.190257102+02:00,2019-10-01T09:00:18.190257102+02:00,2019-10-01T17:29:58.552073359+02:00,30580.361816
2019-10-01 09:00:27.720395597+02:00,1569913227720395597,1,bid,0.3300000000000125,85.18,85.3,84.85,9.530138495,0,9.530138495,quantile,0.95,0.269999999999996,2019-10-01T09:00:18.190257102+02:00,2019-10-01T09:00:18.190257102+02:00,2019-10-01T17:29:58.552073359+02:00,30580.361816
2019-10-01 09:00:30.722146985+02:00,1569913230722146985,1,bid,0.5999999999999943,85.19,85.34,84.59,12.531889883,0,12.531889883,quantile,0.95,0.269999999999996,2019-10-01T09:00:18.190257102+02:00,2019-10-01T09:00:18.190257102+02:00,2019-10-01T17:29:58.552073359+02:00,30580.361816
2019-10-01 09:00:34.244051218+02:00,1569913234244051218,1,bid,0.5999999999999943,85.13,85.23,84.53,16.053794116,0,16.053794116,quantile,0.95,0.269999999999996,2019-10-01T09:00:18.190257102+02:00,2019-10-01T09:00:18.190257102+02:00,2019-10-01T17:29:58.552073359+02:00,30580.361816
2019-10-01 09:00:53.886040789+02:00,1569913253886040789,1,bid,0.3700000000000045,85.11,85.18,84.74,35.695783687,0,35.695783687,quantile,0.95,0.269999999999996,2019-10-01T09:00:18.190257102+02:00,2019-10-01T09:00:18.190257102+02:00,2019-10-01T17:29:58.552073359+02:00,30580.361816
2019-10-01 09:00:53.892716212+02:00,1569913253892716212,1,bid,0.3499999999999943,85.11,85.18,84.76,35.70245911,0,35.70245911,quantile,0.95,0.269999999999996,2019-10-01T09:00:18.190257102+02:00,2019-10-01T09:00:18.190257102+02:00,2019-10-01T17:29:58.552073359+02:00,30580.361816
2019-10-01 09:00:53.897713723+02:00,1569913253897713723,1,bid,0.3299999999999983,85.11,85.18,84.78,35.707456621,0,35.707456621,quantile,0.95,0.269999999999996,2019-10-01T09:00:18.190257102+02:00,2019-10-01T09:00:18.190257102+02:00,2019-10-01T17:29:58.552073359+02:00,30580.361816
2019-10-01 09:00:54.887714165+02:00,1569913254887714165,1,bid,0.3100000000000023,85.11,85.18,84.8,36.697457063,0,36.697457063,quantile,0.95,0.269999999999996,2019-10-01T09:00:18.190257102+02:00,2019-10-01T09:00:18.190257102+02:00,2019-10-01T17:29:58.552073359+02:00,30580.361816
2019-10-01 09:00:54.897713734+02:00,1569913254897713734,1,bid,0.2900000000000062,85.11,85.18,84.82,36.707456632,0,36.707456632,quantile,0.95,0.269999999999996,2019-10-01T09:00:18.190257102+02:00,2019-10-01T09:00:18.190257102+02:00,2019-10-01T17:29:58.552073359+02:00,30580.361816
2019-10-01 09:00:54.902711923+02:00,1569913254902711923,1,bid,0.269999999999996,85.11,85.18,84.84,36.712454821,0,36.712454821,quantile,0.95,0.269999999999996,2019-10-01T09:00:18.190257102+02:00,2019-10-01T09:00:18.190257102+02:00,2019-10-01T17:29:58.552073359+02:00,30580.361816
2019-10-01 09:00:55.814277941+02:00,1569913255814277941,1,bid,0.3299999999999983,85.11,85.18,84.78,37.624020839,0,37.624020839,quantile,0.95,0.269999999999996,2019-10-01T09:00:18.190257102+02:00,2019-10-01T09:00:18.190257102+02:00,2019-10-01T17:29:58.552073359+02:00,30580.361816
2019-10-01 09:00:57.886012979+02:00,1569913257886012979,1,bid,0.3900000000000005,85.11,85.18,84.72,39.695755877,0,39.695755877,quantile,0.95,0.269999999999996,2019-10-01T09:00:18.190257102+02:00,2019-10-01T09:00:18.190257102+02:00,2019-10-01T17:29:58.552073359+02:00,30580.361816
2019-10-01 09:01:00.044839765+02:00,1569913260044839765,1,bid,0.3400000000000034,85.11,85.18,84.77,41.854582663,0,41.854582663,quantile,0.95,0.269999999999996,2019-10-01T09:00:18.190257102+02:00,2019-10-01T09:00:18.190257102+02:00,2019-10-01T17:29:58.552073359+02:00,30580.361816
2019-10-01 09:01:21.513139807+02:00,1569913281513139807,1,bid,0.6099999999999994,85.25,85.36,84.64,63.322882705,0,63.322882705,quantile,0.95,0.269999999999996,2019-10-01T09:00:18.190257102+02:00,2019-10-01T09:00:18.190257102+02:00,2019-10-01T17:29:58.552073359+02:00,30580.361816
2019-10-01 09:02:00.030044236+02:00,1569913320030044236,1,bid,0.7600000000000051,85.17,85.24,84.41,101.839787134,0,101.839787134,quantile,0.95,0.269999999999996,2019-10-01T09:00:18.190257102+02:00,2019-10-01T09:00:18.190257102+02:00,2019-10-01T17:29:58.552073359+02:00,30580.361816
2019-10-01 09:02:12.324891840+02:00,1569913332324891840,1,bid,1.059999999999988,85.21,85.28,84.15,114.134634738,0,114.134634738,quantile,0.95,0.269999999999996,2019-10-01T09:00:18.190257102+02:00,2019-10-01T09:00:18.190257102+02:00,2019-10-01T17:29:58.552073359+02:00,30580.361816
2019-10-01 09:02:13.418129459+02:00,1569913333418129459,1,bid,1.5699999999999932,85.21,85.28,83.64,115.227872357,0,115.227872357,quantile,0.95,0.269999999999996,2019-10-01T09:00:18.190257102+02:00,2019-10-01T09:00:18.190257102+02:00,2019-10-01T17:29:58.552073359+02:00,30580.361816
2019-10-01 09:04:44.086396777+02:00,1569913484086396777,1,bid,0.4500000000000028,85.23,85.29,84.78,265.896139675,0,265.896139675,quantile,0.95,0.269999999999996,2019-10-01T09:00:18.190257102+02:00,2019-10-01T09:00:18.190257102+02:00,2019-10-01T17:29:58.552073359+02:00,30580.361816
2019-10-01 09:04:52.092752113+02:00,1569913492092752113,1,bid,0.4600000000000079,85.2,85.27,84.74,273.902495011,0,273.902495011,quantile,0.95,0.269999999999996,2019-10-01T09:00:18.190257102+02:00,2019-10-01T09:00:18.190257102+02:00,2019-10-01T17:29:58.552073359+02:00,30580.361816
2019-10-01 09:04:52.112331715+02:00,1569913492112331715,1,bid,0.4700000000000131,85.18,85.25,84.71,273.922074613,0,273.922074613,quantile,0.95,0.269999999999996,2019-10-01T09:00:18.190257102+02:00,2019-10-01T09:00:18.190257102+02:00,2019-10-01T17:29:58.552073359+02:00,30580.361816
2019-10-01 09:04:52.147073820+02:00,1569913492147073820,1,bid,0.4500000000000028,85.19,85.25,84.74,273.956816718,0,273.956816718,quantile,0.95,0.269999999999996,2019-10-01T09:00:18.190257102+02:00,2019-10-01T09:00:18.190257102+02:00,2019-10-01T17:29:58.552073359+02:00,30580.361816
2019-10-01 09:04:52.160366788+02:00,1569913492160366788,1,bid,0.4200000000000017,85.2,85.25,84.78,273.970109686,0,273.970109686,quantile,0.95,0.269999999999996,2019-10-01T09:00:18.190257102+02:00,2019-10-01T09:00:18.190257102+02:00,2019-10-01T17:29:58.552073359+02:00,30580.361816
2019-10-01 09:04:52.163127517+02:00,1569913492163127517,1,bid,0.4500000000000028,85.2,85.25,84.75,273.972870415,0,273.972870415,quantile,0.95,0.269999999999996,2019-10-01T09:00:18.190257102+02:00,2019-10-01T09:00:18.190257102+02:00,2019-10-01T17:29:58.552073359+02:00,30580.361816
2019-10-01 09:04:54.439279791+02:00,1569913494439279791,1,bid,0.480000000000004,85.2,85.24,84.72,276.249022689,0,276.249022689,quantile,0.95,0.269999999999996,2019-10-01T09:00:18.190257102+02:00,2019-10-01T09:00:18.190257102+02:00,2019-10-01T17:29:58.552073359+02:00,30580.361816
2019-10-01 09:05:00.042408062+02:00,1569913500042408062,1,bid,0.6499999999999915,85.16,85.21,84.51,281.85215096,0,281.85215096,quantile,0.95,0.269999999999996,2019-10-01T09:00:18.190257102+02:00,2019-10-01T09:00:18.190257102+02:00,2019-10-01T17:29:58.552073359+02:00,30580.361816
2019-10-01 09:05:06.301790062+02:00,1569913506301790062,1,bid,0.480000000000004,85.14,85.19,84.66,288.11153296,0,288.11153296,quantile,0.95,0.269999999999996,2019-10-01T09:00:18.190257102+02:00,2019-10-01T09:00:18.190257102+02:00,2019-10-01T17:29:58.552073359+02:00,30580.361816
2019-10-01 09:05:06.302120657+02:00,1569913506302120657,1,bid,0.5999999999999943,85.13,85.15,84.53,288.111863555,0,288.111863555,quantile,0.95,0.269999999999996,2019-10-01T09:00:18.190257102+02:00,2019-10-01T09:00:18.190257102+02:00,2019-10-01T17:29:58.552073359+02:00,30580.361816
2019-10-01 09:05:24.096279324+02:00,1569913524096279324,1,bid,0.4500000000000028,85.08,85.13,84.63,305.906022222,0,305.906022222,quantile,0.95,0.269999999999996,2019-10-01T09:00:18.190257102+02:00,2019-10-01T09:00:18.190257102+02:00,2019-10-01T17:29:58.552073359+02:00,30580.361816
2019-10-01 09:05:24.886038731+02:00,1569913524886038731,1,bid,0.3700000000000045,85.08,85.13,84.71,306.695781629,0,306.695781629,quantile,0.95,0.269999999999996,2019-10-01T09:00:18.190257102+02:00,2019-10-01T09:00:18.190257102+02:00,2019-10-01T17:29:58.552073359+02:00,30580.361816
2019-10-01 09:05:25.574898635+02:00,1569913525574898635,1,bid,0.4599999999999937,85.07,85.11,84.61,307.384641533,0,307.384641533,quantile,0.95,0.269999999999996,2019-10-01T09:00:18.190257102+02:00,2019-10-01T09:00:18.190257102+02:00,2019-10-01T17:29:58.552073359+02:00,30580.361816
2019-10-01 09:05:25.886068695+02:00,1569913525886068695,1,bid,0.3699999999999903,85.07,85.11,84.7,307.695811593,0,307.695811593,quantile,0.95,0.269999999999996,2019-10-01T09:00:18.190257102+02:00,2019-10-01T09:00:18.190257102+02:00,2019-10-01T17:29:58.552073359+02:00,30580.361816
2019-10-01 09:05:26.886037597+02:00,1569913526886037597,1,bid,0.3899999999999863,85.07,85.11,84.68,308.695780495,0,308.695780495,quantile,0.95,0.269999999999996,2019-10-01T09:00:18.190257102+02:00,2019-10-01T09:00:18.190257102+02:00,2019-10-01T17:29:58.552073359+02:00,30580.361816
2019-10-01 09:05:30.384582191+02:00,1569913530384582191,1,bid,0.4399999999999977,85.03,85.09,84.59,312.194325089,0,312.194325089,quantile,0.95,0.269999999999996,2019-10-01T09:00:18.190257102+02:00,2019-10-01T09:00:18.190257102+02:00,2019-10-01T17:29:58.552073359+02:00,30580.361816
2019-10-01 09:05:30.389502151+02:00,1569913530389502151,1,bid,0.5999999999999943,85.02,85.07,84.42,312.199245049,0,312.199245049,quantile,0.95,0.269999999999996,2019-10-01T09:00:18.190257102+02:00,2019-10-01T09:00:18.190257102+02:00,2019-10-01T17:29:58.552073359+02:00,30580.361816
2019-10-01 09:05:30.390151720+02:00,1569913530390151720,1,bid,0.4500000000000028,85.02,85.07,84.57,312.199894618,0,312.199894618,quantile,0.95,0.269999999999996,2019-10-01T09:00:18.190257102+02:00,2019-10-01T09:00:18.190257102+02:00,2019-10-01T17:29:58.552073359+02:00,30580.361816
2019-10-01 09:05:30.701519083+02:00,1569913530701519083,1,bid,0.4399999999999977,85.05,85.09,84.61,312.511261981,0,312.511261981,quantile,0.95,0.269999999999996,2019-10-01T09:00:18.190257102+02:00,2019-10-01T09:00:18.190257102+02:00,2019-10-01T17:29:58.552073359+02:00,30580.361816
2019-10-01 09:05:30.884063085+02:00,1569913530884063085,1,bid,0.4599999999999937,85.05,85.09,84.59,312.693805983,0,312.693805983,quantile,0.95,0.269999999999996,2019-10-01T09:00:18.190257102+02:00,2019-10-01T09:00:18.190257102+02:00,2019-10-01T17:29:58.552073359+02:00,30580.361816
2019-10-01 09:05:30.886036830+02:00,1569913530886036830,1,bid,0.3900000000000005,85.05,85.09,84.66,312.695779728,0,312.695779728,quantile,0.95,0.269999999999996,2019-10-01T09:00:18.190257102+02:00,2019-10-01T09:00:18.190257102+02:00,2019-10-01T17:29:58.552073359+02:00,30580.361816
2019-10-01 09:05:32.886039467+02:00,1569913532886039467,1,bid,0.3900000000000005,85.03,85.09,84.64,314.695782365,0,314.695782365,quantile,0.95,0.269999999999996,2019-10-01T09:00:18.190257102+02:00,2019-10-01T09:00:18.190257102+02:00,2019-10-01T17:29:58.552073359+02:00,30580.361816
2019-10-01 09:05:38.161109632+02:00,1569913538161109632,1,bid,0.4499999999999886,85.07,85.11,84.62,319.97085253,0,319.97085253,quantile,0.95,0.269999999999996,2019-10-01T09:00:18.190257102+02:00,2019-10-01T09:00:18.190257102+02:00,2019-10-01T17:29:58.552073359+02:00,30580.361816
2019-10-01 09:05:45.240966937+02:00,1569913545240966937,1,bid,0.4600000000000079,85.09,85.12,84.63,327.050709835,0,327.050709835,quantile,0.95,0.269999999999996,2019-10-01T09:00:18.190257102+02:00,2019-10-01T09:00:18.190257102+02:00,2019-10-01T17:29:58.552073359+02:00,30580.361816
2019-10-01 09:05:49.436010554+02:00,1569913549436010554,1,bid,0.4399999999999977,85.1,85.15,84.66,331.245753452,0,331.245753452,quantile,0.95,0.269999999999996,2019-10-01T09:00:18.190257102+02:00,2019-10-01T09:00:18.190257102+02:00,2019-10-01T17:29:58.552073359+02:00,30580.361816
2019-10-01 09:05:50.924006420+02:00,1569913550924006420,1,bid,0.4199999999999875,85.1,85.15,84.68,332.733749318,0,332.733749318,quantile,0.95,0.269999999999996,2019-10-01T09:00:18.190257102+02:00,2019-10-01T09:00:18.190257102+02:00,2019-10-01T17:29:58.552073359+02:00,30580.361816
2019-10-01 09:05:50.967556153+02:00,1569913550967556153,1,bid,0.5999999999999943,85.13,85.17,84.53,332.777299051,0,332.777299051,quantile,0.95,0.269999999999996,2019-10-01T09:00:18.190257102+02:00,2019-10-01T09:00:18.190257102+02:00,2019-10-01T17:29:58.552073359+02:00,30580.361816
2019-10-01 09:05:53.357264375+02:00,1569913553357264375,1,bid,0.4600000000000079,85.15,85.19,84.69,335.167007273,0,335.167007273,quantile,0.95,0.269999999999996,2019-10-01T09:00:18.190257102+02:00,2019-10-01T09:00:18.190257102+02:00,2019-10-01T17:29:58.552073359+02:00,30580.361816
2019-10-01 09:05:53.359372390+02:00,1569913553359372390,1,bid,0.4599999999999937,85.19,85.21,84.73,335.169115288,0,335.169115288,quantile,0.95,0.269999999999996,2019-10-01T09:00:18.190257102+02:00,2019-10-01T09:00:18.190257102+02:00,2019-10-01T17:29:58.552073359+02:00,30580.361816
2019-10-01 09:05:53.367667144+02:00,1569913553367667144,1,bid,0.4599999999999937,85.16,85.21,84.7,335.177410042,0,335.177410042,quantile,0.95,0.269999999999996,2019-10-01T09:00:18.190257102+02:00,2019-10-01T09:00:18.190257102+02:00,2019-10-01T17:29:58.552073359+02:00,30580.361816
2019-10-01 09:05:55.639911442+02:00,1569913555639911442,1,bid,0.4299999999999926,85.16,85.22,84.73,337.44965434,0,337.44965434,quantile,0.95,0.269999999999996,2019-10-01T09:00:18.190257102+02:00,2019-10-01T09:00:18.190257102+02:00,2019-10-01T17:29:58.552073359+02:00,30580.361816
2019-10-01 09:05:55.961048333+02:00,1569913555961048333,1,bid,0.4100000000000108,85.18,85.22,84.77,337.770791231,0,337.770791231,quantile,0.95,0.269999999999996,2019-10-01T09:00:18.190257102+02:00,2019-10-01T09:00:18.190257102+02:00,2019-10-01T17:29:58.552073359+02:00,30580.361816
2019-10-01 09:05:55.964887300+02:00,1569913555964887300,1,bid,0.4799999999999897,85.21,85.25,84.73,337.774630198,0,337.774630198,quantile,0.95,0.269999999999996,2019-10-01T09:00:18.190257102+02:00,2019-10-01T09:00:18.190257102+02:00,2019-10-01T17:29:58.552073359+02:00,30580.361816
2019-10-01 09:05:57.462671089+02:00,1569913557462671089,1,bid,0.4299999999999926,85.22,85.25,84.79,339.272413987,0,339.272413987,quantile,0.95,0.269999999999996,2019-10-01T09:00:18.190257102+02:00,2019-10-01T09:00:18.190257102+02:00,2019-10-01T17:29:58.552073359+02:00,30580.361816
2019-10-01 09:05:57.558588701+02:00,1569913557558588701,1,bid,0.4699999999999988,85.22,85.25,84.75,339.368331599,0,339.368331599,quantile,0.95,0.269999999999996,2019-10-01T09:00:18.190257102+02:00,2019-10-01T09:00:18.190257102+02:00,2019-10-01T17:29:58.552073359+02:00,30580.361816
2019-10-01 09:05:58.207666812+02:00,1569913558207666812,1,bid,0.5799999999999983,85.22,85.25,84.64,340.01740971,0,340.01740971,quantile,0.95,0.269999999999996,2019-10-01T09:00:18.190257102+02:00,2019-10-01T09:00:18.190257102+02:00,2019-10-01T17:29:58.552073359+02:00,30580.361816
2019-10-01 09:05:58.208246720+02:00,1569913558208246720,1,bid,0.4399999999999977,85.22,85.25,84.78,340.017989618,0,340.017989618,quantile,0.95,0.269999999999996,2019-10-01T09:00:18.190257102+02:00,2019-10-01T09:00:18.190257102+02:00,2019-10-01T17:29:58.552073359+02:00,30580.361816
2019-10-01 09:05:58.400586714+02:00,1569913558400586714,1,bid,0.4699999999999988,85.22,85.25,84.75,340.210329612,0,340.210329612,quantile,0.95,0.269999999999996,2019-10-01T09:00:18.190257102+02:00,2019-10-01T09:00:18.190257102+02:00,2019-10-01T17:29:58.552073359+02:00,30580.361816
2019-10-01 09:05:59.760656734+02:00,1569913559760656734,1,bid,0.4500000000000028,85.25,85.28,84.8,341.570399632,0,341.570399632,quantile,0.95,0.269999999999996,2019-10-01T09:00:18.190257102+02:00,2019-10-01T09:00:18.190257102+02:00,2019-10-01T17:29:58.552073359+02:00,30580.361816
2019-10-01 09:06:04.151607493+02:00,1569913564151607493,1,bid,0.4699999999999988,85.23,85.26,84.76,345.961350391,0,345.961350391,quantile,0.95,0.269999999999996,2019-10-01T09:00:18.190257102+02:00,2019-10-01T09:00:18.190257102+02:00,2019-10-01T17:29:58.552073359+02:00,30580.361816
2019-10-01 09:06:04.410319519+02:00,1569913564410319519,1,bid,0.4200000000000017,85.22,85.26,84.8,346.220062417,0,346.220062417,quantile,0.95,0.269999999999996,2019-10-01T09:00:18.190257102+02:00,2019-10-01T09:00:18.190257102+02:00,2019-10-01T17:29:58.552073359+02:00,30580.361816
2019-10-01 09:06:04.603820579+02:00,1569913564603820579,1,bid,0.4599999999999937,85.22,85.26,84.76,346.413563477,0,346.413563477,quantile,0.95,0.269999999999996,2019-10-01T09:00:18.190257102+02:00,2019-10-01T09:00:18.190257102+02:00,2019-10-01T17:29:58.552073359+02:00,30580.361816
2019-10-01 09:06:05.729637872+02:00,1569913565729637872,1,bid,0.4499999999999886,85.24,85.29,84.79,347.53938077,0,347.53938077,quantile,0.95,0.269999999999996,2019-10-01T09:00:18.190257102+02:00,2019-10-01T09:00:18.190257102+02:00,2019-10-01T17:29:58.552073359+02:00,30580.361816
2019-10-01 09:06:05.960928975+02:00,1569913565960928975,1,bid,0.269999999999996,85.25,85.28,84.98,347.770671873,0,347.770671873,quantile,0.95,0.269999999999996,2019-10-01T09:00:18.190257102+02:00,2019-10-01T09:00:18.190257102+02:00,2019-10-01T17:29:58.552073359+02:00,30580.361816
2019-10-01 09:06:15.233456562+02:00,1569913575233456562,1,bid,0.4699999999999988,85.28,85.29,84.81,357.04319946,0,357.04319946,quantile,0.95,0.269999999999996,2019-10-01T09:00:18.190257102+02:00,2019-10-01T09:00:18.190257102+02:00,2019-10-01T17:29:58.552073359+02:00,30580.361816
2019-10-01 09:06:21.447116043+02:00,1569913581447116043,1,bid,0.8400000000000034,85.25,85.28,84.41,363.256858941,0,363.256858941,quantile,0.95,0.269999999999996,2019-10-01T09:00:18.190257102+02:00,2019-10-01T09:00:18.190257102+02:00,2019-10-01T17:29:58.552073359+02:00,30580.361816
2019-10-01 09:06:26.407302242+02:00,1569913586407302242,1,bid,0.4500000000000028,85.23,85.26,84.78,368.21704514,0,368.21704514,quantile,0.95,0.269999999999996,2019-10-01T09:00:18.190257102+02:00,2019-10-01T09:00:18.190257102+02:00,2019-10-01T17:29:58.552073359+02:00,30580.361816
2019-10-01 09:06:26.411547381+02:00,1569913586411547381,1,bid,0.480000000000004,85.22,85.24,84.74,368.221290279,0,368.221290279,quantile,0.95,0.269999999999996,2019-10-01T09:00:18.190257102+02:00,2019-10-01T09:00:18.190257102+02:00,2019-10-01T17:29:58.552073359+02:00,30580.361816
2019-10-01 09:06:26.508921768+02:00,1569913586508921768,1,bid,0.4500000000000028,85.22,85.24,84.77,368.318664666,0,368.318664666,quantile,0.95,0.269999999999996,2019-10-01T09:00:18.190257102+02:00,2019-10-01T09:00:18.190257102+02:00,2019-10-01T17:29:58.552073359+02:00,30580.361816
2019-10-01 09:06:28.432667945+02:00,1569913588432667945,1,bid,0.289999999999992,85.22,85.24,84.93,370.242410843,0,370.242410843,quantile,0.95,0.269999999999996,2019-10-01T09:00:18.190257102+02:00,2019-10-01T09:00:18.190257102+02:00,2019-10-01T17:29:58.552073359+02:00,30580.361816
2019-10-01 09:06:35.001044399+02:00,1569913595001044399,1,bid,0.4500000000000028,85.18,85.23,84.73,376.810787297,0,376.810787297,quantile,0.95,0.269999999999996,2019-10-01T09:00:18.190257102+02:00,2019-10-01T09:00:18.190257102+02:00,2019-10-01T17:29:58.552073359+02:00,30580.361816
2019-10-01 09:06:35.009594295+02:00,1569913595009594295,1,bid,0.2800000000000011,85.17,85.21,84.89,376.819337193,0,376.819337193,quantile,0.95,0.269999999999996,2019-10-01T09:00:18.190257102+02:00,2019-10-01T09:00:18.190257102+02:00,2019-10-01T17:29:58.552073359+02:00,30580.361816
2019-10-01 09:06:48.641801891+02:00,1569913608641801891,1,bid,0.269999999999996,85.2,85.26,84.93,390.451544789,0,390.451544789,quantile,0.95,0.269999999999996,2019-10-01T09:00:18.190257102+02:00,2019-10-01T09:00:18.190257102+02:00,2019-10-01T17:29:58.552073359+02:00,30580.361816
2019-10-01 09:06:48.641918320+02:00,1569913608641918320,1,bid,0.3100000000000023,85.2,85.26,84.89,390.451661218,0,390.451661218,quantile,0.95,0.269999999999996,2019-10-01T09:00:18.190257102+02:00,2019-10-01T09:00:18.190257102+02:00,2019-10-01T17:29:58.552073359+02:00,30580.361816
2019-10-01 09:06:48.642038383+02:00,1569913608642038383,1,bid,0.3200000000000074,85.2,85.26,84.88,390.451781281,0,390.451781281,quantile,0.95,0.269999999999996,2019-10-01T09:00:18.190257102+02:00,2019-10-01T09:00:18.190257102+02:00,2019-10-01T17:29:58.552073359+02:00,30580.361816
2019-10-01 09:06:50.590304942+02:00,1569913610590304942,1,bid,0.4399999999999977,85.2,85.26,84.76,392.40004784,0,392.40004784,quantile,0.95,0.269999999999996,2019-10-01T09:00:18.190257102+02:00,2019-10-01T09:00:18.190257102+02:00,2019-10-01T17:29:58.552073359+02:00,30580.361816
2019-10-01 09:06:55.428141096+02:00,1569913615428141096,1,bid,0.4600000000000079,85.17,85.2,84.71,397.237883994,0,397.237883994,quantile,0.95,0.269999999999996,2019-10-01T09:00:18.190257102+02:00,2019-10-01T09:00:18.190257102+02:00,2019-10-01T17:29:58.552073359+02:00,30580.361816
2019-10-01 09:06:56.687860793+02:00,1569913616687860793,1,bid,0.4899999999999949,85.16,85.19,84.67,398.497603691,0,398.497603691,quantile,0.95,0.269999999999996,2019-10-01T09:00:18.190257102+02:00,2019-10-01T09:00:18.190257102+02:00,2019-10-01T17:29:58.552073359+02:00,30580.361816
2019-10-01 09:07:00.700530748+02:00,1569913620700530748,1,bid,0.480000000000004,85.12,85.15,84.64,402.510273646,0,402.510273646,quantile,0.95,0.269999999999996,2019-10-01T09:00:18.190257102+02:00,2019-10-01T09:00:18.190257102+02:00,2019-10-01T17:29:58.552073359+02:00,30580.361816
2019-10-01 09:07:09.898813165+02:00,1569913629898813165,1,bid,0.2700000000000102,85.12,85.14,84.85,411.708556063,0,411.708556063,quantile,0.95,0.269999999999996,2019-10-01T09:00:18.190257102+02:00,2019-10-01T09:00:18.190257102+02:00,2019-10-01T17:29:58.552073359+02:00,30580.361816
2019-10-01 09:07:10.645331007+02:00,1569913630645331007,1,bid,0.4599999999999937,85.13,85.15,84.67,412.455073905,0,412.455073905,quantile,0.95,0.269999999999996,2019-10-01T09:00:18.190257102+02:00,2019-10-01T09:00:18.190257102+02:00,2019-10-01T17:29:58.552073359+02:00,30580.361816
2019-10-01 09:07:10.690567132+02:00,1569913630690567132,1,bid,0.4500000000000028,85.15,85.19,84.7,412.50031003,0,412.50031003,quantile,0.95,0.269999999999996,2019-10-01T09:00:18.190257102+02:00,2019-10-01T09:00:18.190257102+02:00,2019-10-01T17:29:58.552073359+02:00,30580.361816
2019-10-01 09:07:11.475663357+02:00,1569913631475663357,1,bid,0.4600000000000079,85.12,85.17,84.66,413.285406255,0,413.285406255,quantile,0.95,0.269999999999996,2019-10-01T09:00:18.190257102+02:00,2019-10-01T09:00:18.190257102+02:00,2019-10-01T17:29:58.552073359+02:00,30580.361816
2019-10-01 09:07:12.408191918+02:00,1569913632408191918,1,bid,0.4600000000000079,85.15,85.18,84.69,414.217934816,0,414.217934816,quantile,0.95,0.269999999999996,2019-10-01T09:00:18.190257102+02:00,2019-10-01T09:00:18.190257102+02:00,2019-10-01T17:29:58.552073359+02:00,30580.361816
2019-10-01 09:07:13.096675734+02:00,1569913633096675734,1,bid,0.4900000000000091,85.15,85.18,84.66,414.906418632,0,414.906418632,quantile,0.95,0.269999999999996,2019-10-01T09:00:18.190257102+02:00,2019-10-01T09:00:18.190257102+02:00,2019-10-01T17:29:58.552073359+02:00,30580.361816
2019-10-01 09:07:13.674963088+02:00,1569913633674963088,1,bid,0.4500000000000028,85.15,85.18,84.7,415.484705986,0,415.484705986,quantile,0.95,0.269999999999996,2019-10-01T09:00:18.190257102+02:00,2019-10-01T09:00:18.190257102+02:00,2019-10-01T17:29:58.552073359+02:00,30580.361816
2019-10-01 09:07:20.914683881+02:00,1569913640914683881,1,bid,0.4500000000000028,85.18,85.2,84.73,422.724426779,0,422.724426779,quantile,0.95,0.269999999999996,2019-10-01T09:00:18.190257102+02:00,2019-10-01T09:00:18.190257102+02:00,2019-10-01T17:29:58.552073359+02:00,30580.361816
2019-10-01 09:07:30.768954424+02:00,1569913650768954424,1,bid,0.6000000000000085,85.2,85.23,84.6,432.578697322,0,432.578697322,quantile,0.95,0.269999999999996,2019-10-01T09:00:18.190257102+02:00,2019-10-01T09:00:18.190257102+02:00,2019-10-01T17:29:58.552073359+02:00,30580.361816
2019-10-01 09:07:33.903233399+02:00,1569913653903233399,1,bid,0.4699999999999988,85.15,85.2,84.68,435.712976297,0,435.712976297,quantile,0.95,0.269999999999996,2019-10-01T09:00:18.190257102+02:00,2019-10-01T09:00:18.190257102+02:00,2019-10-01T17:29:58.552073359+02:00,30580.361816
2019-10-01 09:07:33.909548401+02:00,1569913653909548401,1,bid,0.4600000000000079,85.17,85.2,84.71,435.719291299,0,435.719291299,quantile,0.95,0.269999999999996,2019-10-01T09:00:18.190257102+02:00,2019-10-01T09:00:18.190257102+02:00,2019-10-01T17:29:58.552073359+02:00,30580.361816
2019-10-01 09:07:43.465833617+02:00,1569913663465833617,1,bid,0.4699999999999988,85.15,85.17,84.68,445.275576515,0,445.275576515,quantile,0.95,0.269999999999996,2019-10-01T09:00:18.190257102+02:00,2019-10-01T09:00:18.190257102+02:00,2019-10-01T17:29:58.552073359+02:00,30580.361816
2019-10-01 09:07:55.486419584+02:00,1569913675486419584,1,bid,0.4300000000000068,85.14,85.17,84.71,457.296162482,0,457.296162482,quantile,0.95,0.269999999999996,2019-10-01T09:00:18.190257102+02:00,2019-10-01T09:00:18.190257102+02:00,2019-10-01T17:29:58.552073359+02:00,30580.361816
2019-10-01 09:07:55.489722813+02:00,1569913675489722813,1,bid,0.4599999999999937,85.14,85.17,84.68,457.299465711,0,457.299465711,quantile,0.95,0.269999999999996,2019-10-01T09:00:18.190257102+02:00,2019-10-01T09:00:18.190257102+02:00,2019-10-01T17:29:58.552073359+02:00,30580.361816
2019-10-01 09:08:04.890556697+02:00,1569913684890556697,1,bid,0.4400000000000119,85.15,85.18,84.71,466.700299595,0,466.700299595,quantile,0.95,0.269999999999996,2019-10-01T09:00:18.190257102+02:00,2019-10-01T09:00:18.190257102+02:00,2019-10-01T17:29:58.552073359+02:00,30580.361816
2019-10-01 09:08:09.266886281+02:00,1569913689266886281,1,bid,0.4500000000000028,85.19,85.21,84.74,471.076629179,0,471.076629179,quantile,0.95,0.269999999999996,2019-10-01T09:00:18.190257102+02:00,2019-10-01T09:00:18.190257102+02:00,2019-10-01T17:29:58.552073359+02:00,30580.361816
2019-10-01 09:08:12.217703685+02:00,1569913692217703685,1,bid,1.0999999999999943,85.21,85.23,84.11,474.027446583,0,474.027446583,quantile,0.95,0.269999999999996,2019-10-01T09:00:18.190257102+02:00,2019-10-01T09:00:18.190257102+02:00,2019-10-01T17:29:58.552073359+02:00,30580.361816
2019-10-01 09:08:13.871500947+02:00,1569913693871500947,1,bid,0.4399999999999977,85.21,85.24,84.77,475.681243845,0,475.681243845,quantile,0.95,0.269999999999996,2019-10-01T09:00:18.190257102+02:00,2019-10-01T09:00:18.190257102+02:00,2019-10-01T17:29:58.552073359+02:00,30580.361816
2019-10-01 09:08:15.005017083+02:00,1569913695005017083,1,bid,0.4500000000000028,85.19,85.23,84.74,476.814759981,0,476.814759981,quantile,0.95,0.269999999999996,2019-10-01T09:00:18.190257102+02:00,2019-10-01T09:00:18.190257102+02:00,2019-10-01T17:29:58.552073359+02:00,30580.361816
2019-10-01 09:08:21.569677519+02:00,1569913701569677519,1,bid,0.4600000000000079,85.17,85.2,84.71,483.379420417,0,483.379420417,quantile,0.95,0.269999999999996,2019-10-01T09:00:18.190257102+02:00,2019-10-01T09:00:18.190257102+02:00,2019-10-01T17:29:58.552073359+02:00,30580.361816
2019-10-01 09:08:22.343073585+02:00,1569913702343073585,1,bid,0.4500000000000028,85.19,85.21,84.74,484.152816483,0,484.152816483,quantile,0.95,0.269999999999996,2019-10-01T09:00:18.190257102+02:00,2019-10-01T09:00:18.190257102+02:00,2019-10-01T17:29:58.552073359+02:00,30580.361816
2019-10-01 09:08:24.658271958+02:00,1569913704658271958,1,bid,1.1899999999999975,85.2,85.23,84.01,486.468014856,0,486.468014856,quantile,0.95,0.269999999999996,2019-10-01T09:00:18.190257102+02:00,2019-10-01T09:00:18.190257102+02:00,2019-10-01T17:29:58.552073359+02:00,30580.361816
2019-10-01 09:08:38.604049504+02:00,1569913718604049504,1,bid,1.2999999999999972,85.21,85.23,83.91,500.413792402,0,500.413792402,quantile,0.95,0.269999999999996,2019-10-01T09:00:18.190257102+02:00,2019-10-01T09:00:18.190257102+02:00,2019-10-01T17:29:58.552073359+02:00,30580.361816
2019-10-01 09:08:39.550484955+02:00,1569913719550484955,1,bid,0.269999999999996,85.21,85.23,84.94,501.360227853,0,501.360227853,quantile,0.95,0.269999999999996,2019-10-01T09:00:18.190257102+02:00,2019-10-01T09:00:18.190257102+02:00,2019-10-01T17:29:58.552073359+02:00,30580.361816
2019-10-01 09:08:52.660700677+02:00,1569913732660700677,1,bid,1.3900000000000006,85.2,85.22,83.81,514.470443575,0,514.470443575,quantile,0.95,0.269999999999996,2019-10-01T09:00:18.190257102+02:00,2019-10-01T09:00:18.190257102+02:00,2019-10-01T17:29:58.552073359+02:00,30580.361816
2019-10-01 09:08:58.678204581+02:00,1569913738678204581,1,bid,0.269999999999996,85.19,85.22,84.92,520.487947479,0,520.487947479,quantile,0.95,0.269999999999996,2019-10-01T09:00:18.190257102+02:00,2019-10-01T09:00:18.190257102+02:00,2019-10-01T17:29:58.552073359+02:00,30580.361816
2019-10-01 09:08:58.678323747+02:00,1569913738678323747,1,bid,0.2800000000000011,85.19,85.22,84.91,520.488066645,0,520.488066645,quantile,0.95,0.269999999999996,2019-10-01T09:00:18.190257102+02:00,2019-10-01T09:00:18.190257102+02:00,2019-10-01T17:29:58.552073359+02:00,30580.361816
2019-10-01 09:09:12.086678619+02:00,1569913752086678619,1,bid,0.269999999999996,85.19,85.21,84.92,533.896421517,0,533.896421517,quantile,0.95,0.269999999999996,2019-10-01T09:00:18.190257102+02:00,2019-10-01T09:00:18.190257102+02:00,2019-10-01T17:29:58.552073359+02:00,30580.361816
2019-10-01 09:09:13.087687794+02:00,1569913753087687794,1,bid,0.4700000000000131,85.18,85.21,84.71,534.897430692,0,534.897430692,quantile,0.95,0.269999999999996,2019-10-01T09:00:18.190257102+02:00,2019-10-01T09:00:18.190257102+02:00,2019-10-01T17:29:58.552073359+02:00,30580.361816
2019-10-01 09:09:18.009431965+02:00,1569913758009431965,1,bid,0.4499999999999886,85.13,85.16,84.68,539.819174863,0,539.819174863,quantile,0.95,0.269999999999996,2019-10-01T09:00:18.190257102+02:00,2019-10-01T09:00:18.190257102+02:00,2019-10-01T17:29:58.552073359+02:00,30580.361816
2019-10-01 09:09:18.242500160+02:00,1569913758242500160,1,bid,0.4500000000000028,85.16,85.18,84.71,540.052243058,0,540.052243058,quantile,0.95,0.269999999999996,2019-10-01T09:00:18.190257102+02:00,2019-10-01T09:00:18.190257102+02:00,2019-10-01T17:29:58.552073359+02:00,30580.361816
2019-10-01 09:09:29.017187294+02:00,1569913769017187294,1,bid,0.4499999999999886,85.13,85.18,84.68,550.826930192,0,550.826930192,quantile,0.95,0.269999999999996,2019-10-01T09:00:18.190257102+02:00,2019-10-01T09:00:18.190257102+02:00,2019-10-01T17:29:58.552073359+02:00,30580.361816
2019-10-01 09:09:29.131851167+02:00,1569913769131851167,1,bid,0.4500000000000028,85.16,85.18,84.71,550.941594065,0,550.941594065,quantile,0.95,0.269999999999996,2019-10-01T09:00:18.190257102+02:00,2019-10-01T09:00:18.190257102+02:00,2019-10-01T17:29:58.552073359+02:00,30580.361816
2019-10-01 09:09:34.030325487+02:00,1569913774030325487,1,bid,0.7599999999999909,85.16,85.18,84.4,555.840068385,0,555.840068385,quantile,0.95,0.269999999999996,2019-10-01T09:00:18.190257102+02:00,2019-10-01T09:00:18.190257102+02:00,2019-10-01T17:29:58.552073359+02:00,30580.361816
2019-10-01 09:09:35.023228233+02:00,1569913775023228233,1,bid,0.480000000000004,85.15,85.18,84.67,556.832971131,0,556.832971131,quantile,0.95,0.269999999999996,2019-10-01T09:00:18.190257102+02:00,2019-10-01T09:00:18.190257102+02:00,2019-10-01T17:29:58.552073359+02:00,30580.361816
2019-10-01 09:09:35.083729154+02:00,1569913775083729154,1,bid,0.4400000000000119,85.15,85.18,84.71,556.893472052,0,556.893472052,quantile,0.95,0.269999999999996,2019-10-01T09:00:18.190257102+02:00,2019-10-01T09:00:18.190257102+02:00,2019-10-01T17:29:58.552073359+02:00,30580.361816
2019-10-01 09:09:39.826537229+02:00,1569913779826537229,1,bid,0.4699999999999988,85.14,85.15,84.67,561.636280127,0,561.636280127,quantile,0.95,0.269999999999996,2019-10-01T09:00:18.190257102+02:00,2019-10-01T09:00:18.190257102+02:00,2019-10-01T17:29:58.552073359+02:00,30580.361816
2019-10-01 09:09:52.104525706+02:00,1569913792104525706,1,bid,0.2700000000000102,85.12,85.14,84.85,573.914268604,0,573.914268604,quantile,0.95,0.269999999999996,2019-10-01T09:00:18.190257102+02:00,2019-10-01T09:00:18.190257102+02:00,2019-10-01T17:29:58.552073359+02:00,30580.361816
2019-10-01 09:10:02.120310411+02:00,1569913802120310411,1,bid,0.4599999999999937,85.1,85.12,84.64,583.930053309,0,583.930053309,quantile,0.95,0.269999999999996,2019-10-01T09:00:18.190257102+02:00,2019-10-01T09:00:18.190257102+02:00,2019-10-01T17:29:58.552073359+02:00,30580.361816
2019-10-01 09:10:12.930673483+02:00,1569913812930673483,1,bid,0.6000000000000085,85.09,85.11,84.49,594.740416381,0,594.740416381,quantile,0.95,0.269999999999996,2019-10-01T09:00:18.190257102+02:00,2019-10-01T09:00:18.190257102+02:00,2019-10-01T17:29:58.552073359+02:00,30580.361816
2019-10-01 09:10:22.150518791+02:00,1569913822150518791,1,bid,0.269999999999996,85.1,85.13,84.83,603.960261689,0,603.960261689,quantile,0.95,0.269999999999996,2019-10-01T09:00:18.190257102+02:00,2019-10-01T09:00:18.190257102+02:00,2019-10-01T17:29:58.552073359+02:00,30580.361816
2019-10-01 09:10:42.160034802+02:00,1569913842160034802,1,bid,0.2700000000000102,85.09,85.11,84.82,623.9697777,0,623.9697777,quantile,0.95,0.269999999999996,2019-10-01T09:00:18.190257102+02:00,2019-10-01T09:00:18.190257102+02:00,2019-10-01T17:29:58.552073359+02:00,30580.361816
2019-10-01 09:10:46.917319140+02:00,1569913846917319140,1,bid,0.4599999999999937,85.07,85.09,84.61,628.727062038,0,628.727062038,quantile,0.95,0.269999999999996,2019-10-01T09:00:18.190257102+02:00,2019-10-01T09:00:18.190257102+02:00,2019-10-01T17:29:58.552073359+02:00,30580.361816
2019-10-01 09:10:47.548404727+02:00,1569913847548404727,1,bid,0.4499999999999886,85.1,85.11,84.65,629.358147625,0,629.358147625,quantile,0.95,0.269999999999996,2019-10-01T09:00:18.190257102+02:00,2019-10-01T09:00:18.190257102+02:00,2019-10-01T17:29:58.552073359+02:00,30580.361816
2019-10-01 09:11:02.418431335+02:00,1569913862418431335,1,bid,0.4699999999999988,85.08,85.11,84.61,644.228174233,0,644.228174233,quantile,0.95,0.269999999999996,2019-10-01T09:00:18.190257102+02:00,2019-10-01T09:00:18.190257102+02:00,2019-10-01T17:29:58.552073359+02:00,30580.361816
2019-10-01 09:11:04.507298254+02:00,1569913864507298254,1,bid,0.4500000000000028,85.09,85.12,84.64,646.317041152,0,646.317041152,quantile,0.95,0.269999999999996,2019-10-01T09:00:18.190257102+02:00,2019-10-01T09:00:18.190257102+02:00,2019-10-01T17:29:58.552073359+02:00,30580.361816
2019-10-01 09:11:06.444312906+02:00,1569913866444312906,1,bid,0.4699999999999988,85.08,85.12,84.61,648.254055804,0,648.254055804,quantile,0.95,0.269999999999996,2019-10-01T09:00:18.190257102+02:00,2019-10-01T09:00:18.190257102+02:00,2019-10-01T17:29:58.552073359+02:00,30580.361816
2019-10-01 09:11:06.796221328+02:00,1569913866796221328,1,bid,0.4500000000000028,85.09,85.12,84.64,648.605964226,0,648.605964226,quantile,0.95,0.269999999999996,2019-10-01T09:00:18.190257102+02:00,2019-10-01T09:00:18.190257102+02:00,2019-10-01T17:29:58.552073359+02:00,30580.361816
2019-10-01 09:11:35.355143841+02:00,1569913895355143841,1,bid,0.4699999999999988,85.15,85.18,84.68,677.164886739,0,677.164886739,quantile,0.95,0.269999999999996,2019-10-01T09:00:18.190257102+02:00,2019-10-01T09:00:18.190257102+02:00,2019-10-01T17:29:58.552073359+02:00,30580.361816
2019-10-01 09:11:57.995557234+02:00,1569913917995557234,1,bid,0.4499999999999886,85.1,85.13,84.65,699.805300132,0,699.805300132,quantile,0.95,0.269999999999996,2019-10-01T09:00:18.190257102+02:00,2019-10-01T09:00:18.190257102+02:00,2019-10-01T17:29:58.552073359+02:00,30580.361816
2019-10-01 09:12:00.958347947+02:00,1569913920958347947,1,bid,0.4499999999999886,85.07,85.1,84.62,702.768090845,0,702.768090845,quantile,0.95,0.269999999999996,2019-10-01T09:00:18.190257102+02:00,2019-10-01T09:00:18.190257102+02:00,2019-10-01T17:29:58.552073359+02:00,30580.361816
2019-10-01 09:12:01.886081549+02:00,1569913921886081549,1,bid,0.4300000000000068,85.06,85.08,84.63,703.695824447,0,703.695824447,quantile,0.95,0.269999999999996,2019-10-01T09:00:18.190257102+02:00,2019-10-01T09:00:18.190257102+02:00,2019-10-01T17:29:58.552073359+02:00,30580.361816
2019-10-01 09:12:41.211168013+02:00,1569913961211168013,1,bid,0.4500000000000028,85.05,85.06,84.6,743.020910911,0,743.020910911,quantile,0.95,0.269999999999996,2019-10-01T09:00:18.190257102+02:00,2019-10-01T09:00:18.190257102+02:00,2019-10-01T17:29:58.552073359+02:00,30580.361816
2019-10-01 09:12:41.886089137+02:00,1569913961886089137,1,bid,0.4200000000000017,85.04,85.06,84.62,743.695832035,0,743.695832035,quantile,0.95,0.269999999999996,2019-10-01T09:00:18.190257102+02:00,2019-10-01T09:00:18.190257102+02:00,2019-10-01T17:29:58.552073359+02:00,30580.361816
2019-10-01 09:12:45.886082556+02:00,1569913965886082556,1,bid,0.4300000000000068,85.04,85.06,84.61,747.695825454,0,747.695825454,quantile,0.95,0.269999999999996,2019-10-01T09:00:18.190257102+02:00,2019-10-01T09:00:18.190257102+02:00,2019-10-01T17:29:58.552073359+02:00,30580.361816
2019-10-01 09:13:14.864962020+02:00,1569913994864962020,1,bid,0.269999999999996,85.06,85.08,84.79,776.674704918,0,776.674704918,quantile,0.95,0.269999999999996,2019-10-01T09:00:18.190257102+02:00,2019-10-01T09:00:18.190257102+02:00,2019-10-01T17:29:58.552073359+02:00,30580.361816
2019-10-01 09:13:21.886089293+02:00,1569914001886089293,1,bid,0.4400000000000119,85.04,85.06,84.6,783.695832191,0,783.695832191,quantile,0.95,0.269999999999996,2019-10-01T09:00:18.190257102+02:00,2019-10-01T09:00:18.190257102+02:00,2019-10-01T17:29:58.552073359+02:00,30580.361816
2019-10-01 09:13:24.698260237+02:00,1569914004698260237,1,bid,0.4399999999999977,85.02,85.04,84.58,786.508003135,0,786.508003135,quantile,0.95,0.269999999999996,2019-10-01T09:00:18.190257102+02:00,2019-10-01T09:00:18.190257102+02:00,2019-10-01T17:29:58.552073359+02:00,30580.361816
2019-10-01 09:13:24.886084541+02:00,1569914004886084541,1,bid,0.4299999999999926,85.02,85.04,84.59,786.695827439,0,786.695827439,quantile,0.95,0.269999999999996,2019-10-01T09:00:18.190257102+02:00,2019-10-01T09:00:18.190257102+02:00,2019-10-01T17:29:58.552073359+02:00,30580.361816
2019-10-01 09:13:32.805054602+02:00,1569914012805054602,1,bid,0.4399999999999977,85.05,85.08,84.61,794.6147975,0,794.6147975,quantile,0.95,0.269999999999996,2019-10-01T09:00:18.190257102+02:00,2019-10-01T09:00:18.190257102+02:00,2019-10-01T17:29:58.552073359+02:00,30580.361816
2019-10-01 09:13:44.902681834+02:00,1569914024902681834,1,bid,0.269999999999996,85.05,85.08,84.78,806.712424732,0,806.712424732,quantile,0.95,0.269999999999996,2019-10-01T09:00:18.190257102+02:00,2019-10-01T09:00:18.190257102+02:00,2019-10-01T17:29:58.552073359+02:00,30580.361816
2019-10-01 09:13:58.053143096+02:00,1569914038053143096,1,bid,0.4599999999999937,85.1,85.13,84.64,819.862885994,0,819.862885994,quantile,0.95,0.269999999999996,2019-10-01T09:00:18.190257102+02:00,2019-10-01T09:00:18.190257102+02:00,2019-10-01T17:29:58.552073359+02:00,30580.361816
2019-10-01 09:14:04.868702595+02:00,1569914044868702595,1,bid,0.4599999999999937,85.07,85.08,84.61,826.678445493,0,826.678445493,quantile,0.95,0.269999999999996,2019-10-01T09:00:18.190257102+02:00,2019-10-01T09:00:18.190257102+02:00,2019-10-01T17:29:58.552073359+02:00,30580.361816
2019-10-01 09:14:14.176497586+02:00,1569914054176497586,1,bid,0.4599999999999937,85.1,85.12,84.64,835.986240484,0,835.986240484,quantile,0.95,0.269999999999996,2019-10-01T09:00:18.190257102+02:00,2019-10-01T09:00:18.190257102+02:00,2019-10-01T17:29:58.552073359+02:00,30580.361816
2019-10-01 09:14:16.030806692+02:00,1569914056030806692,1,bid,0.269999999999996,85.08,85.12,84.81,837.84054959,0,837.84054959,quantile,0.95,0.269999999999996,2019-10-01T09:00:18.190257102+02:00,2019-10-01T09:00:18.190257102+02:00,2019-10-01T17:29:58.552073359+02:00,30580.361816
2019-10-01 09:14:23.985160081+02:00,1569914063985160081,1,bid,0.4599999999999937,85.07,85.09,84.61,845.794902979,0,845.794902979,quantile,0.95,0.269999999999996,2019-10-01T09:00:18.190257102+02:00,2019-10-01T09:00:18.190257102+02:00,2019-10-01T17:29:58.552073359+02:00,30580.361816
2019-10-01 09:14:29.467689568+02:00,1569914069467689568,1,bid,0.4500000000000028,85.04,85.06,84.59,851.277432466,0,851.277432466,quantile,0.95,0.269999999999996,2019-10-01T09:00:18.190257102+02:00,2019-10-01T09:00:18.190257102+02:00,2019-10-01T17:29:58.552073359+02:00,30580.361816
2019-10-01 09:14:36.172026683+02:00,1569914076172026683,1,bid,0.4500000000000028,85.02,85.04,84.57,857.981769581,0,857.981769581,quantile,0.95,0.269999999999996,2019-10-01T09:00:18.190257102+02:00,2019-10-01T09:00:18.190257102+02:00,2019-10-01T17:29:58.552073359+02:00,30580.361816
2019-10-01 09:14:43.886093354+02:00,1569914083886093354,1,bid,0.4399999999999977,85.02,85.04,84.58,865.695836252,0,865.695836252,quantile,0.95,0.269999999999996,2019-10-01T09:00:18.190257102+02:00,2019-10-01T09:00:18.190257102+02:00,2019-10-01T17:29:58.552073359+02:00,30580.361816
2019-10-01 09:14:44.712640061+02:00,1569914084712640061,1,bid,0.4499999999999886,84.99,85.0,84.54,866.522382959,0,866.522382959,quantile,0.95,0.269999999999996,2019-10-01T09:00:18.190257102+02:00,2019-10-01T09:00:18.190257102+02:00,2019-10-01T17:29:58.552073359+02:00,30580.361816
2019-10-01 09:14:44.886095536+02:00,1569914084886095536,1,bid,0.4200000000000017,84.99,85.01,84.57,866.695838434,0,866.695838434,quantile,0.95,0.269999999999996,2019-10-01T09:00:18.190257102+02:00,2019-10-01T09:00:18.190257102+02:00,2019-10-01T17:29:58.552073359+02:00,30580.361816
2019-10-01 09:14:45.886095403+02:00,1569914085886095403,1,bid,0.4299999999999926,84.99,85.01,84.56,867.695838301,0,867.695838301,quantile,0.95,0.269999999999996,2019-10-01T09:00:18.190257102+02:00,2019-10-01T09:00:18.190257102+02:00,2019-10-01T17:29:58.552073359+02:00,30580.361816
2019-10-01 09:14:46.971914007+02:00,1569914086971914007,1,bid,0.6000000000000085,84.98,85.0,84.38,868.781656905,0,868.781656905,quantile,0.95,0.269999999999996,2019-10-01T09:00:18.190257102+02:00,2019-10-01T09:00:18.190257102+02:00,2019-10-01T17:29:58.552073359+02:00,30580.361816
2019-10-01 09:14:47.886095809+02:00,1569914087886095809,1,bid,0.4200000000000017,84.97,84.99,84.55,869.695838707,0,869.695838707,quantile,0.95,0.269999999999996,2019-10-01T09:00:18.190257102+02:00,2019-10-01T09:00:18.190257102+02:00,2019-10-01T17:29:58.552073359+02:00,30580.361816
2019-10-01 09:14:49.886093434+02:00,1569914089886093434,1,bid,0.4299999999999926,84.97,84.99,84.54,871.695836332,0,871.695836332,quantile,0.95,0.269999999999996,2019-10-01T09:00:18.190257102+02:00,2019-10-01T09:00:18.190257102+02:00,2019-10-01T17:29:58.552073359+02:00,30580.361816
2019-10-01 09:14:56.056615159+02:00,1569914096056615159,1,bid,0.269999999999996,84.99,85.02,84.72,877.866358057,0,877.866358057,quantile,0.95,0.269999999999996,2019-10-01T09:00:18.190257102+02:00,2019-10-01T09:00:18.190257102+02:00,2019-10-01T17:29:58.552073359+02:00,30580.361816
2019-10-01 09:15:33.812902061+02:00,1569914133812902061,1,bid,0.8099999999999881,84.99,85.01,84.18,915.622644959,0,915.622644959,quantile,0.95,0.269999999999996,2019-10-01T09:00:18.190257102+02:00,2019-10-01T09:00:18.190257102+02:00,2019-10-01T17:29:58.552073359+02:00,30580.361816
2019-10-01 09:15:34.990646878+02:00,1569914134990646878,1,bid,0.4499999999999886,85.07,85.11,84.62,916.800389776,0,916.800389776,quantile,0.95,0.269999999999996,2019-10-01T09:00:18.190257102+02:00,2019-10-01T09:00:18.190257102+02:00,2019-10-01T17:29:58.552073359+02:00,30580.361816
2019-10-01 09:15:34.991086940+02:00,1569914134991086940,1,bid,0.6000000000000085,85.09,85.13,84.49,916.800829838,0,916.800829838,quantile,0.95,0.269999999999996,2019-10-01T09:00:18.190257102+02:00,2019-10-01T09:00:18.190257102+02:00,2019-10-01T17:29:58.552073359+02:00,30580.361816
2019-10-01 09:15:34.994728152+02:00,1569914134994728152,1,bid,0.4600000000000079,85.12,85.15,84.66,916.80447105,0,916.80447105,quantile,0.95,0.269999999999996,2019-10-01T09:00:18.190257102+02:00,2019-10-01T09:00:18.190257102+02:00,2019-10-01T17:29:58.552073359+02:00,30580.361816
2019-10-01 09:15:34.995922978+02:00,1569914134995922978,1,bid,0.4900000000000091,85.12,85.15,84.63,916.805665876,0,916.805665876,quantile,0.95,0.269999999999996,2019-10-01T09:00:18.190257102+02:00,2019-10-01T09:00:18.190257102+02:00,2019-10-01T17:29:58.552073359+02:00,30580.361816
2019-10-01 09:15:35.045642805+02:00,1569914135045642805,1,bid,0.4699999999999988,85.13,85.15,84.66,916.855385703,0,916.855385703,quantile,0.95,0.269999999999996,2019-10-01T09:00:18.190257102+02:00,2019-10-01T09:00:18.190257102+02:00,2019-10-01T17:29:58.552073359+02:00,30580.361816
2019-10-01 09:15:35.763048197+02:00,1569914135763048197,1,bid,0.4500000000000028,85.15,85.17,84.7,917.572791095,0,917.572791095,quantile,0.95,0.269999999999996,2019-10-01T09:00:18.190257102+02:00,2019-10-01T09:00:18.190257102+02:00,2019-10-01T17:29:58.552073359+02:00,30580.361816
2019-10-01 09:15:37.204447273+02:00,1569914137204447273,1,bid,0.480000000000004,85.12,85.15,84.64,919.014190171,0,919.014190171,quantile,0.95,0.269999999999996,2019-10-01T09:00:18.190257102+02:00,2019-10-01T09:00:18.190257102+02:00,2019-10-01T17:29:58.552073359+02:00,30580.361816
2019-10-01 09:15:37.775659805+02:00,1569914137775659805,1,bid,0.4499999999999886,85.13,85.15,84.68,919.585402703,0,919.585402703,quantile,0.95,0.269999999999996,2019-10-01T09:00:18.190257102+02:00,2019-10-01T09:00:18.190257102+02:00,2019-10-01T17:29:58.552073359+02:00,30580.361816
2019-10-01 09:15:39.745489937+02:00,1569914139745489937,1,bid,0.5099999999999909,85.13,85.16,84.62,921.555232835,0,921.555232835,quantile,0.95,0.269999999999996,2019-10-01T09:00:18.190257102+02:00,2019-10-01T09:00:18.190257102+02:00,2019-10-01T17:29:58.552073359+02:00,30580.361816
2019-10-01 09:15:40.083586599+02:00,1569914140083586599,1,bid,0.4599999999999937,85.1,85.13,84.64,921.893329497,0,921.893329497,quantile,0.95,0.269999999999996,2019-10-01T09:00:18.190257102+02:00,2019-10-01T09:00:18.190257102+02:00,2019-10-01T17:29:58.552073359+02:00,30580.361816
2019-10-01 09:16:03.490141466+02:00,1569914163490141466,1,bid,0.4599999999999937,85.13,85.15,84.67,945.299884364,0,945.299884364,quantile,0.95,0.269999999999996,2019-10-01T09:00:18.190257102+02:00,2019-10-01T09:00:18.190257102+02:00,2019-10-01T17:29:58.552073359+02:00,30580.361816
2019-10-01 09:16:29.485173134+02:00,1569914189485173134,1,bid,0.4500000000000028,85.08,85.1,84.63,971.294916032,0,971.294916032,quantile,0.95,0.269999999999996,2019-10-01T09:00:18.190257102+02:00,2019-10-01T09:00:18.190257102+02:00,2019-10-01T17:29:58.552073359+02:00,30580.361816
2019-10-01 09:16:32.959938317+02:00,1569914192959938317,1,bid,0.4500000000000028,85.06,85.08,84.61,974.769681215,0,974.769681215,quantile,0.95,0.269999999999996,2019-10-01T09:00:18.190257102+02:00,2019-10-01T09:00:18.190257102+02:00,2019-10-01T17:29:58.552073359+02:00,30580.361816
2019-10-01 09:16:43.540688245+02:00,1569914203540688245,1,bid,0.269999999999996,85.07,85.1,84.8,985.350431143,0,985.350431143,quantile,0.95,0.269999999999996,2019-10-01T09:00:18.190257102+02:00,2019-10-01T09:00:18.190257102+02:00,2019-10-01T17:29:58.552073359+02:00,30580.361816
2019-10-01 09:16:53.550635364+02:00,1569914213550635364,1,bid,0.269999999999996,85.06,85.08,84.79,995.360378262,0,995.360378262,quantile,0.95,0.269999999999996,2019-10-01T09:00:18.190257102+02:00,2019-10-01T09:00:18.190257102+02:00,2019-10-01T17:29:58.552073359+02:00,30580.361816
2019-10-01 09:16:56.993364068+02:00,1569914216993364068,1,bid,0.4500000000000028,85.03,85.05,84.58,998.803106966,0,998.803106966,quantile,0.95,0.269999999999996,2019-10-01T09:00:18.190257102+02:00,2019-10-01T09:00:18.190257102+02:00,2019-10-01T17:29:58.552073359+02:00,30580.361816
2019-10-01 09:17:07.893280268+02:00,1569914227893280268,1,bid,0.4399999999999977,85.0,85.02,84.56,1009.703023166,0,1009.703023166,quantile,0.95,0.269999999999996,2019-10-01T09:00:18.190257102+02:00,2019-10-01T09:00:18.190257102+02:00,2019-10-01T17:29:58.552073359+02:00,30580.361816
2019-10-01 09:17:08.071913606+02:00,1569914228071913606,1,bid,0.6000000000000085,84.98,85.02,84.38,1009.881656504,0,1009.881656504,quantile,0.95,0.269999999999996,2019-10-01T09:00:18.190257102+02:00,2019-10-01T09:00:18.190257102+02:00,2019-10-01T17:29:58.552073359+02:00,30580.361816
2019-10-01 09:17:08.072220078+02:00,1569914228072220078,1,bid,0.4399999999999977,84.98,85.02,84.54,1009.881962976,0,1009.881962976,quantile,0.95,0.269999999999996,2019-10-01T09:00:18.190257102+02:00,2019-10-01T09:00:18.190257102+02:00,2019-10-01T17:29:58.552073359+02:00,30580.361816
2019-10-01 09:17:16.051294455+02:00,1569914236051294455,1,bid,0.4500000000000028,84.97,84.98,84.52,1017.861037353,0,1017.861037353,quantile,0.95,0.269999999999996,2019-10-01T09:00:18.190257102+02:00,2019-10-01T09:00:18.190257102+02:00,2019-10-01T17:29:58.552073359+02:00,30580.361816
2019-10-01 09:17:33.705121437+02:00,1569914253705121437,1,bid,0.2700000000000102,84.98,85.0,84.71,1035.514864335,0,1035.514864335,quantile,0.95,0.269999999999996,2019-10-01T09:00:18.190257102+02:00,2019-10-01T09:00:18.190257102+02:00,2019-10-01T17:29:58.552073359+02:00,30580.361816
2019-10-01 09:17:57.041891006+02:00,1569914277041891006,1,bid,0.4500000000000028,85.0,85.04,84.55,1058.851633904,0,1058.851633904,quantile,0.95,0.269999999999996,2019-10-01T09:00:18.190257102+02:00,2019-10-01T09:00:18.190257102+02:00,2019-10-01T17:29:58.552073359+02:00,30580.361816
2019-10-01 09:18:00.230804249+02:00,1569914280230804249,1,bid,0.4399999999999977,85.02,85.04,84.58,1062.040547147,0,1062.040547147,quantile,0.95,0.269999999999996,2019-10-01T09:00:18.190257102+02:00,2019-10-01T09:00:18.190257102+02:00,2019-10-01T17:29:58.552073359+02:00,30580.361816
2019-10-01 09:18:16.726285105+02:00,1569914296726285105,1,bid,0.4500000000000028,85.0,85.02,84.55,1078.536028003,0,1078.536028003,quantile,0.95,0.269999999999996,2019-10-01T09:00:18.190257102+02:00,2019-10-01T09:00:18.190257102+02:00,2019-10-01T17:29:58.552073359+02:00,30580.361816
2019-10-01 09:18:16.727505418+02:00,1569914296727505418,1,bid,0.4599999999999937,84.99,85.02,84.53,1078.537248316,0,1078.537248316,quantile,0.95,0.269999999999996,2019-10-01T09:00:18.190257102+02:00,2019-10-01T09:00:18.190257102+02:00,2019-10-01T17:29:58.552073359+02:00,30580.361816
2019-10-01 09:18:27.750182133+02:00,1569914307750182133,1,bid,0.4399999999999977,84.95,84.97,84.51,1089.559925031,0,1089.559925031,quantile,0.95,0.269999999999996,2019-10-01T09:00:18.190257102+02:00,2019-10-01T09:00:18.190257102+02:00,2019-10-01T17:29:58.552073359+02:00,30580.361816
2019-10-01 09:18:27.910690152+02:00,1569914307910690152,1,bid,0.4599999999999937,84.94,84.95,84.48,1089.72043305,0,1089.72043305,quantile,0.95,0.269999999999996,2019-10-01T09:00:18.190257102+02:00,2019-10-01T09:00:18.190257102+02:00,2019-10-01T17:29:58.552073359+02:00,30580.361816
2019-10-01 09:18:29.886118427+02:00,1569914309886118427,1,bid,0.4099999999999966,84.94,84.97,84.53,1091.695861325,0,1091.695861325,quantile,0.95,0.269999999999996,2019-10-01T09:00:18.190257102+02:00,2019-10-01T09:00:18.190257102+02:00,2019-10-01T17:29:58.552073359+02:00,30580.361816
2019-10-01 09:18:37.886112529+02:00,1569914317886112529,1,bid,0.4200000000000017,84.94,84.95,84.52,1099.695855427,0,1099.695855427,quantile,0.95,0.269999999999996,2019-10-01T09:00:18.190257102+02:00,2019-10-01T09:00:18.190257102+02:00,2019-10-01T17:29:58.552073359+02:00,30580.361816
2019-10-01 09:18:39.433960950+02:00,1569914319433960950,1,bid,1.9399999999999975,84.94,84.95,83.0,1101.243703848,0,1101.243703848,quantile,0.95,0.269999999999996,2019-10-01T09:00:18.190257102+02:00,2019-10-01T09:00:18.190257102+02:00,2019-10-01T17:29:58.552073359+02:00,30580.361816
2019-10-01 09:18:40.223449466+02:00,1569914320223449466,1,bid,0.4299999999999926,84.94,84.97,84.51,1102.033192364,0,1102.033192364,quantile,0.95,0.269999999999996,2019-10-01T09:00:18.190257102+02:00,2019-10-01T09:00:18.190257102+02:00,2019-10-01T17:29:58.552073359+02:00,30580.361816
2019-10-01 09:18:47.098504639+02:00,1569914327098504639,1,bid,0.269999999999996,84.94,84.96,84.67,1108.908247537,0,1108.908247537,quantile,0.95,0.269999999999996,2019-10-01T09:00:18.190257102+02:00,2019-10-01T09:00:18.190257102+02:00,2019-10-01T17:29:58.552073359+02:00,30580.361816
2019-10-01 09:18:49.977373919+02:00,1569914329977373919,1,bid,0.4500000000000028,84.93,84.95,84.48,1111.787116817,0,1111.787116817,quantile,0.95,0.269999999999996,2019-10-01T09:00:18.190257102+02:00,2019-10-01T09:00:18.190257102+02:00,2019-10-01T17:29:58.552073359+02:00,30580.361816
2019-10-01 09:18:50.886116231+02:00,1569914330886116231,1,bid,0.4099999999999966,84.92,84.94,84.51,1112.695859129,0,1112.695859129,quantile,0.95,0.269999999999996,2019-10-01T09:00:18.190257102+02:00,2019-10-01T09:00:18.190257102+02:00,2019-10-01T17:29:58.552073359+02:00,30580.361816
2019-10-01 09:18:58.886125171+02:00,1569914338886125171,1,bid,0.4200000000000017,84.92,84.94,84.5,1120.695868069,0,1120.695868069,quantile,0.95,0.269999999999996,2019-10-01T09:00:18.190257102+02:00,2019-10-01T09:00:18.190257102+02:00,2019-10-01T17:29:58.552073359+02:00,30580.361816
2019-10-01 09:19:07.113906234+02:00,1569914347113906234,1,bid,0.269999999999996,84.92,84.94,84.65,1128.923649132,0,1128.923649132,quantile,0.95,0.269999999999996,2019-10-01T09:00:18.190257102+02:00,2019-10-01T09:00:18.190257102+02:00,2019-10-01T17:29:58.552073359+02:00,30580.361816
2019-10-01 09:19:10.759000562+02:00,1569914350759000562,1,bid,0.4400000000000119,84.9,84.92,84.46,1132.56874346,0,1132.56874346,quantile,0.95,0.269999999999996,2019-10-01T09:00:18.190257102+02:00,2019-10-01T09:00:18.190257102+02:00,2019-10-01T17:29:58.552073359+02:00,30580.361816
2019-10-01 09:19:10.886118201+02:00,1569914350886118201,1,bid,0.4000000000000057,84.89,84.91,84.49,1132.695861099,0,1132.695861099,quantile,0.95,0.269999999999996,2019-10-01T09:00:18.190257102+02:00,2019-10-01T09:00:18.190257102+02:00,2019-10-01T17:29:58.552073359+02:00,30580.361816
2019-10-01 09:19:16.566610107+02:00,1569914356566610107,1,bid,0.4499999999999886,84.88,84.9,84.43,1138.376353005,0,1138.376353005,quantile,0.95,0.269999999999996,2019-10-01T09:00:18.190257102+02:00,2019-10-01T09:00:18.190257102+02:00,2019-10-01T17:29:58.552073359+02:00,30580.361816
2019-10-01 09:19:16.886121751+02:00,1569914356886121751,1,bid,0.3999999999999915,84.88,84.9,84.48,1138.695864649,0,1138.695864649,quantile,0.95,0.269999999999996,2019-10-01T09:00:18.190257102+02:00,2019-10-01T09:00:18.190257102+02:00,2019-10-01T17:29:58.552073359+02:00,30580.361816
2019-10-01 09:19:17.886119718+02:00,1569914357886119718,1,bid,0.4099999999999966,84.88,84.9,84.47,1139.695862616,0,1139.695862616,quantile,0.95,0.269999999999996,2019-10-01T09:00:18.190257102+02:00,2019-10-01T09:00:18.190257102+02:00,2019-10-01T17:29:58.552073359+02:00,30580.361816
2019-10-01 09:19:17.954439092+02:00,1569914357954439092,1,bid,0.4400000000000119,84.9,84.92,84.46,1139.76418199,0,1139.76418199,quantile,0.95,0.269999999999996,2019-10-01T09:00:18.190257102+02:00,2019-10-01T09:00:18.190257102+02:00,2019-10-01T17:29:58.552073359+02:00,30580.361816
2019-10-01 09:19:19.822342411+02:00,1569914359822342411,1,bid,0.4600000000000079,84.9,84.92,84.44,1141.632085309,0,1141.632085309,quantile,0.95,0.269999999999996,2019-10-01T09:00:18.190257102+02:00,2019-10-01T09:00:18.190257102+02:00,2019-10-01T17:29:58.552073359+02:00,30580.361816
2019-10-01 09:19:22.656491371+02:00,1569914362656491371,1,bid,0.4500000000000028,84.92,84.93,84.47,1144.466234269,0,1144.466234269,quantile,0.95,0.269999999999996,2019-10-01T09:00:18.190257102+02:00,2019-10-01T09:00:18.190257102+02:00,2019-10-01T17:29:58.552073359+02:00,30580.361816
2019-10-01 09:19:35.515512565+02:00,1569914375515512565,1,bid,0.4500000000000028,84.9,84.92,84.45,1157.325255463,0,1157.325255463,quantile,0.95,0.269999999999996,2019-10-01T09:00:18.190257102+02:00,2019-10-01T09:00:18.190257102+02:00,2019-10-01T17:29:58.552073359+02:00,30580.361816
2019-10-01 09:19:45.390204607+02:00,1569914385390204607,1,bid,0.4399999999999977,84.92,84.94,84.48,1167.199947505,0,1167.199947505,quantile,0.95,0.269999999999996,2019-10-01T09:00:18.190257102+02:00,2019-10-01T09:00:18.190257102+02:00,2019-10-01T17:29:58.552073359+02:00,30580.361816
2019-10-01 09:19:45.394445508+02:00,1569914385394445508,1,bid,0.4500000000000028,84.91,84.94,84.46,1167.204188406,0,1167.204188406,quantile,0.95,0.269999999999996,2019-10-01T09:00:18.190257102+02:00,2019-10-01T09:00:18.190257102+02:00,2019-10-01T17:29:58.552073359+02:00,30580.361816
2019-10-01 09:19:47.144765231+02:00,1569914387144765231,1,bid,0.269999999999996,84.91,84.94,84.64,1168.954508129,0,1168.954508129,quantile,0.95,0.269999999999996,2019-10-01T09:00:18.190257102+02:00,2019-10-01T09:00:18.190257102+02:00,2019-10-01T17:29:58.552073359+02:00,30580.361816
2019-10-01 09:19:55.453907367+02:00,1569914395453907367,1,bid,0.4399999999999977,84.88,84.9,84.44,1177.263650265,0,1177.263650265,quantile,0.95,0.269999999999996,2019-10-01T09:00:18.190257102+02:00,2019-10-01T09:00:18.190257102+02:00,2019-10-01T17:29:58.552073359+02:00,30580.361816
2019-10-01 09:19:55.748848554+02:00,1569914395748848554,1,bid,0.6000000000000085,84.87,84.9,84.27,1177.558591452,0,1177.558591452,quantile,0.95,0.269999999999996,2019-10-01T09:00:18.190257102+02:00,2019-10-01T09:00:18.190257102+02:00,2019-10-01T17:29:58.552073359+02:00,30580.361816
2019-10-01 09:20:02.886124950+02:00,1569914402886124950,1,bid,0.4100000000000108,84.87,84.9,84.46,1184.695867848,0,1184.695867848,quantile,0.95,0.269999999999996,2019-10-01T09:00:18.190257102+02:00,2019-10-01T09:00:18.190257102+02:00,2019-10-01T17:29:58.552073359+02:00,30580.361816
2019-10-01 09:20:04.817290760+02:00,1569914404817290760,1,bid,0.4600000000000079,84.87,84.88,84.41,1186.627033658,0,1186.627033658,quantile,0.95,0.269999999999996,2019-10-01T09:00:18.190257102+02:00,2019-10-01T09:00:18.190257102+02:00,2019-10-01T17:29:58.552073359+02:00,30580.361816
2019-10-01 09:20:07.150433148+02:00,1569914407150433148,1,bid,0.2700000000000102,84.87,84.89,84.6,1188.960176046,0,1188.960176046,quantile,0.95,0.269999999999996,2019-10-01T09:00:18.190257102+02:00,2019-10-01T09:00:18.190257102+02:00,2019-10-01T17:29:58.552073359+02:00,30580.361816
2019-10-01 09:20:13.886123799+02:00,1569914413886123799,1,bid,0.3999999999999915,84.85,84.87,84.45,1195.695866697,0,1195.695866697,quantile,0.95,0.269999999999996,2019-10-01T09:00:18.190257102+02:00,2019-10-01T09:00:18.190257102+02:00,2019-10-01T17:29:58.552073359+02:00,30580.361816
2019-10-01 09:20:14.886124147+02:00,1569914414886124147,1,bid,0.4099999999999966,84.85,84.87,84.44,1196.695867045,0,1196.695867045,quantile,0.95,0.269999999999996,2019-10-01T09:00:18.190257102+02:00,2019-10-01T09:00:18.190257102+02:00,2019-10-01T17:29:58.552073359+02:00,30580.361816
2019-10-01 09:20:15.886124441+02:00,1569914415886124441,1,bid,0.4099999999999966,84.84,84.86,84.43,1197.695867339,0,1197.695867339,quantile,0.95,0.269999999999996,2019-10-01T09:00:18.190257102+02:00,2019-10-01T09:00:18.190257102+02:00,2019-10-01T17:29:58.552073359+02:00,30580.361816
2019-10-01 09:20:16.721302920+02:00,1569914416721302920,1,bid,0.4399999999999977,84.82,84.86,84.38,1198.531045818,0,1198.531045818,quantile,0.95,0.269999999999996,2019-10-01T09:00:18.190257102+02:00,2019-10-01T09:00:18.190257102+02:00,2019-10-01T17:29:58.552073359+02:00,30580.361816
2019-10-01 09:20:16.886124764+02:00,1569914416886124764,1,bid,0.3999999999999915,84.82,84.84,84.42,1198.695867662,0,1198.695867662,quantile,0.95,0.269999999999996,2019-10-01T09:00:18.190257102+02:00,2019-10-01T09:00:18.190257102+02:00,2019-10-01T17:29:58.552073359+02:00,30580.361816
2019-10-01 09:20:17.886125444+02:00,1569914417886125444,1,bid,0.4099999999999966,84.82,84.84,84.41,1199.695868342,0,1199.695868342,quantile,0.95,0.269999999999996,2019-10-01T09:00:18.190257102+02:00,2019-10-01T09:00:18.190257102+02:00,2019-10-01T17:29:58.552073359+02:00,30580.361816
2019-10-01 09:20:23.415357350+02:00,1569914423415357350,1,bid,0.4500000000000028,84.87,84.89,84.42,1205.225100248,0,1205.225100248,quantile,0.95,0.269999999999996,2019-10-01T09:00:18.190257102+02:00,2019-10-01T09:00:18.190257102+02:00,2019-10-01T17:29:58.552073359+02:00,30580.361816
2019-10-01 09:20:25.478092342+02:00,1569914425478092342,1,bid,0.4499999999999886,84.85,84.89,84.4,1207.28783524,0,1207.28783524,quantile,0.95,0.269999999999996,2019-10-01T09:00:18.190257102+02:00,2019-10-01T09:00:18.190257102+02:00,2019-10-01T17:29:58.552073359+02:00,30580.361816
2019-10-01 09:20:25.516281814+02:00,1569914425516281814,1,bid,0.4199999999999875,84.85,84.89,84.43,1207.326024712,0,1207.326024712,quantile,0.95,0.269999999999996,2019-10-01T09:00:18.190257102+02:00,2019-10-01T09:00:18.190257102+02:00,2019-10-01T17:29:58.552073359+02:00,30580.361816
2019-10-01 09:20:27.408584615+02:00,1569914427408584615,1,bid,0.4399999999999977,84.85,84.89,84.41,1209.218327513,0,1209.218327513,quantile,0.95,0.269999999999996,2019-10-01T09:00:18.190257102+02:00,2019-10-01T09:00:18.190257102+02:00,2019-10-01T17:29:58.552073359+02:00,30580.361816
2019-10-01 09:20:47.190409671+02:00,1569914447190409671,1,bid,0.269999999999996,84.86,84.89,84.59,1229.000152569,0,1229.000152569,quantile,0.95,0.269999999999996,2019-10-01T09:00:18.190257102+02:00,2019-10-01T09:00:18.190257102+02:00,2019-10-01T17:29:58.552073359+02:00,30580.361816
2019-10-01 09:20:48.795129061+02:00,1569914448795129061,1,bid,0.4399999999999977,84.89,84.9,84.45,1230.604871959,0,1230.604871959,quantile,0.95,0.269999999999996,2019-10-01T09:00:18.190257102+02:00,2019-10-01T09:00:18.190257102+02:00,2019-10-01T17:29:58.552073359+02:00,30580.361816
2019-10-01 09:21:17.192445343+02:00,1569914477192445343,1,bid,0.269999999999996,84.89,84.93,84.62,1259.002188241,0,1259.002188241,quantile,0.95,0.269999999999996,2019-10-01T09:00:18.190257102+02:00,2019-10-01T09:00:18.190257102+02:00,2019-10-01T17:29:58.552073359+02:00,30580.361816
2019-10-01 09:21:39.216051867+02:00,1569914499216051867,1,bid,0.4399999999999977,84.92,84.94,84.48,1281.025794765,0,1281.025794765,quantile,0.95,0.269999999999996,2019-10-01T09:00:18.190257102+02:00,2019-10-01T09:00:18.190257102+02:00,2019-10-01T17:29:58.552073359+02:00,30580.361816
2019-10-01 09:21:39.217477185+02:00,1569914499217477185,1,bid,0.4599999999999937,84.91,84.93,84.45,1281.027220083,0,1281.027220083,quantile,0.95,0.269999999999996,2019-10-01T09:00:18.190257102+02:00,2019-10-01T09:00:18.190257102+02:00,2019-10-01T17:29:58.552073359+02:00,30580.361816
2019-10-01 09:21:39.238578301+02:00,1569914499238578301,1,bid,0.4299999999999926,84.91,84.93,84.48,1281.048321199,0,1281.048321199,quantile,0.95,0.269999999999996,2019-10-01T09:00:18.190257102+02:00,2019-10-01T09:00:18.190257102+02:00,2019-10-01T17:29:58.552073359+02:00,30580.361816
2019-10-01 09:21:39.239635064+02:00,1569914499239635064,1,bid,0.4500000000000028,84.91,84.92,84.46,1281.049377962,0,1281.049377962,quantile,0.95,0.269999999999996,2019-10-01T09:00:18.190257102+02:00,2019-10-01T09:00:18.190257102+02:00,2019-10-01T17:29:58.552073359+02:00,30580.361816
2019-10-01 09:21:50.214451936+02:00,1569914510214451936,1,bid,0.4399999999999977,84.88,84.9,84.44,1292.024194834,0,1292.024194834,quantile,0.95,0.269999999999996,2019-10-01T09:00:18.190257102+02:00,2019-10-01T09:00:18.190257102+02:00,2019-10-01T17:29:58.552073359+02:00,30580.361816
2019-10-01 09:22:06.445812099+02:00,1569914526445812099,1,bid,0.4399999999999977,84.91,84.94,84.47,1308.255554997,0,1308.255554997,quantile,0.95,0.269999999999996,2019-10-01T09:00:18.190257102+02:00,2019-10-01T09:00:18.190257102+02:00,2019-10-01T17:29:58.552073359+02:00,30580.361816
2019-10-01 09:22:16.475899762+02:00,1569914536475899762,1,bid,0.4600000000000079,84.9,84.92,84.44,1318.28564266,0,1318.28564266,quantile,0.95,0.269999999999996,2019-10-01T09:00:18.190257102+02:00,2019-10-01T09:00:18.190257102+02:00,2019-10-01T17:29:58.552073359+02:00,30580.361816
2019-10-01 09:22:16.515159026+02:00,1569914536515159026,1,bid,0.4099999999999966,84.88,84.91,84.47,1318.324901924,0,1318.324901924,quantile,0.95,0.269999999999996,2019-10-01T09:00:18.190257102+02:00,2019-10-01T09:00:18.190257102+02:00,2019-10-01T17:29:58.552073359+02:00,30580.361816
2019-10-01 09:22:16.516151228+02:00,1569914536516151228,1,bid,0.4399999999999977,84.88,84.9,84.44,1318.325894126,0,1318.325894126,quantile,0.95,0.269999999999996,2019-10-01T09:00:18.190257102+02:00,2019-10-01T09:00:18.190257102+02:00,2019-10-01T17:29:58.552073359+02:00,30580.361816
2019-10-01 09:22:29.263395141+02:00,1569914549263395141,1,bid,0.269999999999996,84.88,84.91,84.61,1331.073138039,0,1331.073138039,quantile,0.95,0.269999999999996,2019-10-01T09:00:18.190257102+02:00,2019-10-01T09:00:18.190257102+02:00,2019-10-01T17:29:58.552073359+02:00,30580.361816
2019-10-01 09:22:40.272075706+02:00,1569914560272075706,1,bid,0.4500000000000028,84.86,84.89,84.41,1342.081818604,0,1342.081818604,quantile,0.95,0.269999999999996,2019-10-01T09:00:18.190257102+02:00,2019-10-01T09:00:18.190257102+02:00,2019-10-01T17:29:58.552073359+02:00,30580.361816
2019-10-01 09:22:40.563225372+02:00,1569914560563225372,1,bid,0.4599999999999937,84.85,84.87,84.39,1342.37296827,0,1342.37296827,quantile,0.95,0.269999999999996,2019-10-01T09:00:18.190257102+02:00,2019-10-01T09:00:18.190257102+02:00,2019-10-01T17:29:58.552073359+02:00,30580.361816
2019-10-01 09:22:53.809189676+02:00,1569914573809189676,1,bid,0.4299999999999926,84.85,84.89,84.42,1355.618932574,0,1355.618932574,quantile,0.95,0.269999999999996,2019-10-01T09:00:18.190257102+02:00,2019-10-01T09:00:18.190257102+02:00,2019-10-01T17:29:58.552073359+02:00,30580.361816
2019-10-01 09:23:01.329652065+02:00,1569914581329652065,1,bid,0.4399999999999977,84.89,84.91,84.45,1363.139394963,0,1363.139394963,quantile,0.95,0.269999999999996,2019-10-01T09:00:18.190257102+02:00,2019-10-01T09:00:18.190257102+02:00,2019-10-01T17:29:58.552073359+02:00,30580.361816
2019-10-01 09:23:01.447345766+02:00,1569914581447345766,1,bid,0.4599999999999937,84.89,84.91,84.43,1363.257088664,0,1363.257088664,quantile,0.95,0.269999999999996,2019-10-01T09:00:18.190257102+02:00,2019-10-01T09:00:18.190257102+02:00,2019-10-01T17:29:58.552073359+02:00,30580.361816
2019-10-01 09:23:07.439051714+02:00,1569914587439051714,1,bid,0.4399999999999977,84.91,84.93,84.47,1369.248794612,0,1369.248794612,quantile,0.95,0.269999999999996,2019-10-01T09:00:18.190257102+02:00,2019-10-01T09:00:18.190257102+02:00,2019-10-01T17:29:58.552073359+02:00,30580.361816
2019-10-01 09:23:08.262066444+02:00,1569914588262066444,1,bid,0.4399999999999977,84.89,84.92,84.45,1370.071809342,0,1370.071809342,quantile,0.95,0.269999999999996,2019-10-01T09:00:18.190257102+02:00,2019-10-01T09:00:18.190257102+02:00,2019-10-01T17:29:58.552073359+02:00,30580.361816
2019-10-01 09:23:08.263842780+02:00,1569914588263842780,1,bid,0.4599999999999937,84.89,84.9,84.43,1370.073585678,0,1370.073585678,quantile,0.95,0.269999999999996,2019-10-01T09:00:18.190257102+02:00,2019-10-01T09:00:18.190257102+02:00,2019-10-01T17:29:58.552073359+02:00,30580.361816
2019-10-01 09:23:08.357879006+02:00,1569914588357879006,1,bid,0.4600000000000079,84.87,84.9,84.41,1370.167621904,0,1370.167621904,quantile,0.95,0.269999999999996,2019-10-01T09:00:18.190257102+02:00,2019-10-01T09:00:18.190257102+02:00,2019-10-01T17:29:58.552073359+02:00,30580.361816
2019-10-01 09:23:10.300428393+02:00,1569914590300428393,1,bid,0.2700000000000102,84.87,84.9,84.6,1372.110171291,0,1372.110171291,quantile,0.95,0.269999999999996,2019-10-01T09:00:18.190257102+02:00,2019-10-01T09:00:18.190257102+02:00,2019-10-01T17:29:58.552073359+02:00,30580.361816
2019-10-01 09:23:13.377021621+02:00,1569914593377021621,1,bid,0.4599999999999937,84.85,84.86,84.39,1375.186764519,0,1375.186764519,quantile,0.95,0.269999999999996,2019-10-01T09:00:18.190257102+02:00,2019-10-01T09:00:18.190257102+02:00,2019-10-01T17:29:58.552073359+02:00,30580.361816
2019-10-01 09:23:22.405092015+02:00,1569914602405092015,1,bid,0.4399999999999977,84.86,84.88,84.42,1384.214834913,0,1384.214834913,quantile,0.95,0.269999999999996,2019-10-01T09:00:18.190257102+02:00,2019-10-01T09:00:18.190257102+02:00,2019-10-01T17:29:58.552073359+02:00,30580.361816
2019-10-01 09:23:29.026490694+02:00,1569914609026490694,1,bid,0.4399999999999977,84.84,84.86,84.4,1390.836233592,0,1390.836233592,quantile,0.95,0.269999999999996,2019-10-01T09:00:18.190257102+02:00,2019-10-01T09:00:18.190257102+02:00,2019-10-01T17:29:58.552073359+02:00,30580.361816
2019-10-01 09:23:45.236060179+02:00,1569914625236060179,1,bid,0.4500000000000028,84.83,84.85,84.38,1407.045803077,0,1407.045803077,quantile,0.95,0.269999999999996,2019-10-01T09:00:18.190257102+02:00,2019-10-01T09:00:18.190257102+02:00,2019-10-01T17:29:58.552073359+02:00,30580.361816
2019-10-01 09:23:47.886147131+02:00,1569914627886147131,1,bid,0.4099999999999966,84.81,84.82,84.4,1409.695890029,0,1409.695890029,quantile,0.95,0.269999999999996,2019-10-01T09:00:18.190257102+02:00,2019-10-01T09:00:18.190257102+02:00,2019-10-01T17:29:58.552073359+02:00,30580.361816
2019-10-01 09:23:56.448591549+02:00,1569914636448591549,1,bid,0.4399999999999977,84.8,84.83,84.36,1418.258334447,0,1418.258334447,quantile,0.95,0.269999999999996,2019-10-01T09:00:18.190257102+02:00,2019-10-01T09:00:18.190257102+02:00,2019-10-01T17:29:58.552073359+02:00,30580.361816
2019-10-01 09:23:56.886144189+02:00,1569914636886144189,1,bid,0.4000000000000057,84.79,84.81,84.39,1418.695887087,0,1418.695887087,quantile,0.95,0.269999999999996,2019-10-01T09:00:18.190257102+02:00,2019-10-01T09:00:18.190257102+02:00,2019-10-01T17:29:58.552073359+02:00,30580.361816
2019-10-01 09:23:57.442136428+02:00,1569914637442136428,1,bid,0.4399999999999977,84.78,84.81,84.34,1419.251879326,0,1419.251879326,quantile,0.95,0.269999999999996,2019-10-01T09:00:18.190257102+02:00,2019-10-01T09:00:18.190257102+02:00,2019-10-01T17:29:58.552073359+02:00,30580.361816
2019-10-01 09:23:57.886147046+02:00,1569914637886147046,1,bid,0.4000000000000057,84.78,84.81,84.38,1419.695889944,0,1419.695889944,quantile,0.95,0.269999999999996,2019-10-01T09:00:18.190257102+02:00,2019-10-01T09:00:18.190257102+02:00,2019-10-01T17:29:58.552073359+02:00,30580.361816
2019-10-01 09:23:58.886144921+02:00,1569914638886144921,1,bid,0.4099999999999966,84.78,84.81,84.37,1420.695887819,0,1420.695887819,quantile,0.95,0.269999999999996,2019-10-01T09:00:18.190257102+02:00,2019-10-01T09:00:18.190257102+02:00,2019-10-01T17:29:58.552073359+02:00,30580.361816
2019-10-01 09:24:29.886152803+02:00,1569914669886152803,1,bid,0.4099999999999966,84.77,84.79,84.36,1451.695895701,0,1451.695895701,quantile,0.95,0.269999999999996,2019-10-01T09:00:18.190257102+02:00,2019-10-01T09:00:18.190257102+02:00,2019-10-01T17:29:58.552073359+02:00,30580.361816
2019-10-01 09:24:30.886154342+02:00,1569914670886154342,1,bid,0.4200000000000017,84.77,84.79,84.35,1452.69589724,0,1452.69589724,quantile,0.95,0.269999999999996,2019-10-01T09:00:18.190257102+02:00,2019-10-01T09:00:18.190257102+02:00,2019-10-01T17:29:58.552073359+02:00,30580.361816
2019-10-01 09:24:33.060763523+02:00,1569914673060763523,1,bid,9.769999999999996,84.77,84.79,75.0,1454.870506421,0,1454.870506421,quantile,0.95,0.269999999999996,2019-10-01T09:00:18.190257102+02:00,2019-10-01T09:00:18.190257102+02:00,2019-10-01T17:29:58.552073359+02:00,30580.361816
2019-10-01 09:24:40.382500459+02:00,1569914680382500459,1,bid,0.269999999999996,84.77,84.79,84.5,1462.192243357,0,1462.192243357,quantile,0.95,0.269999999999996,2019-10-01T09:00:18.190257102+02:00,2019-10-01T09:00:18.190257102+02:00,2019-10-01T17:29:58.552073359+02:00,30580.361816
2019-10-01 09:25:06.339258209+02:00,1569914706339258209,1,bid,0.4399999999999977,84.83,84.85,84.39,1488.149001107,0,1488.149001107,quantile,0.95,0.269999999999996,2019-10-01T09:00:18.190257102+02:00,2019-10-01T09:00:18.190257102+02:00,2019-10-01T17:29:58.552073359+02:00,30580.361816
2019-10-01 09:25:16.351230248+02:00,1569914716351230248,1,bid,0.4699999999999988,84.83,84.85,84.36,1498.160973146,0,1498.160973146,quantile,0.95,0.269999999999996,2019-10-01T09:00:18.190257102+02:00,2019-10-01T09:00:18.190257102+02:00,2019-10-01T17:29:58.552073359+02:00,30580.361816
2019-10-01 09:25:24.597116010+02:00,1569914724597116010,1,bid,0.4299999999999926,84.82,84.85,84.39,1506.406858908,0,1506.406858908,quantile,0.95,0.269999999999996,2019-10-01T09:00:18.190257102+02:00,2019-10-01T09:00:18.190257102+02:00,2019-10-01T17:29:58.552073359+02:00,30580.361816
2019-10-01 09:25:29.446937318+02:00,1569914729446937318,1,bid,0.269999999999996,84.82,84.85,84.55,1511.256680216,0,1511.256680216,quantile,0.95,0.269999999999996,2019-10-01T09:00:18.190257102+02:00,2019-10-01T09:00:18.190257102+02:00,2019-10-01T17:29:58.552073359+02:00,30580.361816
2019-10-01 09:25:33.823185838+02:00,1569914733823185838,1,bid,0.4500000000000028,84.81,84.82,84.36,1515.632928736,0,1515.632928736,quantile,0.95,0.269999999999996,2019-10-01T09:00:18.190257102+02:00,2019-10-01T09:00:18.190257102+02:00,2019-10-01T17:29:58.552073359+02:00,30580.361816
2019-10-01 09:25:33.824711489+02:00,1569914733824711489,1,bid,0.4599999999999937,84.8,84.81,84.34,1515.634454387,0,1515.634454387,quantile,0.95,0.269999999999996,2019-10-01T09:00:18.190257102+02:00,2019-10-01T09:00:18.190257102+02:00,2019-10-01T17:29:58.552073359+02:00,30580.361816
2019-10-01 09:25:49.458164893+02:00,1569914749458164893,1,bid,0.2700000000000102,84.79,84.81,84.52,1531.267907791,0,1531.267907791,quantile,0.95,0.269999999999996,2019-10-01T09:00:18.190257102+02:00,2019-10-01T09:00:18.190257102+02:00,2019-10-01T17:29:58.552073359+02:00,30580.361816
2019-10-01 09:26:17.384530258+02:00,1569914777384530258,1,bid,0.730000000000004,84.79,84.81,84.06,1559.194273156,0,1559.194273156,quantile,0.95,0.269999999999996,2019-10-01T09:00:18.190257102+02:00,2019-10-01T09:00:18.190257102+02:00,2019-10-01T17:29:58.552073359+02:00,30580.361816
2019-10-01 09:26:30.250951305+02:00,1569914790250951305,1,bid,0.269999999999996,84.78,84.81,84.51,1572.060694203,0,1572.060694203,quantile,0.95,0.269999999999996,2019-10-01T09:00:18.190257102+02:00,2019-10-01T09:00:18.190257102+02:00,2019-10-01T17:29:58.552073359+02:00,30580.361816
2019-10-01 09:26:50.156604679+02:00,1569914810156604679,1,bid,0.6000000000000085,84.76,84.78,84.16,1591.966347577,0,1591.966347577,quantile,0.95,0.269999999999996,2019-10-01T09:00:18.190257102+02:00,2019-10-01T09:00:18.190257102+02:00,2019-10-01T17:29:58.552073359+02:00,30580.361816
2019-10-01 09:26:50.158281365+02:00,1569914810158281365,1,bid,0.4300000000000068,84.75,84.76,84.32,1591.968024263,0,1591.968024263,quantile,0.95,0.269999999999996,2019-10-01T09:00:18.190257102+02:00,2019-10-01T09:00:18.190257102+02:00,2019-10-01T17:29:58.552073359+02:00,30580.361816
2019-10-01 09:26:50.161526178+02:00,1569914810161526178,1,bid,0.4500000000000028,84.75,84.76,84.3,1591.971269076,0,1591.971269076,quantile,0.95,0.269999999999996,2019-10-01T09:00:18.190257102+02:00,2019-10-01T09:00:18.190257102+02:00,2019-10-01T17:29:58.552073359+02:00,30580.361816
2019-10-01 09:26:58.857556195+02:00,1569914818857556195,1,bid,0.4399999999999977,84.77,84.8,84.33,1600.667299093,0,1600.667299093,quantile,0.95,0.269999999999996,2019-10-01T09:00:18.190257102+02:00,2019-10-01T09:00:18.190257102+02:00,2019-10-01T17:29:58.552073359+02:00,30580.361816
2019-10-01 09:27:00.413940734+02:00,1569914820413940734,1,bid,0.4500000000000028,84.76,84.78,84.31,1602.223683632,0,1602.223683632,quantile,0.95,0.269999999999996,2019-10-01T09:00:18.190257102+02:00,2019-10-01T09:00:18.190257102+02:00,2019-10-01T17:29:58.552073359+02:00,30580.361816
2019-10-01 09:27:10.886163916+02:00,1569914830886163916,1,bid,0.4099999999999966,84.75,84.78,84.34,1612.695906814,0,1612.695906814,quantile,0.95,0.269999999999996,2019-10-01T09:00:18.190257102+02:00,2019-10-01T09:00:18.190257102+02:00,2019-10-01T17:29:58.552073359+02:00,30580.361816
2019-10-01 09:27:15.192955881+02:00,1569914835192955881,1,bid,0.4400000000000119,84.79,84.8,84.35,1617.002698779,0,1617.002698779,quantile,0.95,0.269999999999996,2019-10-01T09:00:18.190257102+02:00,2019-10-01T09:00:18.190257102+02:00,2019-10-01T17:29:58.552073359+02:00,30580.361816
2019-10-01 09:27:20.235841476+02:00,1569914840235841476,1,bid,0.4500000000000028,84.77,84.82,84.32,1622.045584374,0,1622.045584374,quantile,0.95,0.269999999999996,2019-10-01T09:00:18.190257102+02:00,2019-10-01T09:00:18.190257102+02:00,2019-10-01T17:29:58.552073359+02:00,30580.361816
2019-10-01 09:27:20.237182537+02:00,1569914840237182537,1,bid,0.4500000000000028,84.78,84.8,84.33,1622.046925435,0,1622.046925435,quantile,0.95,0.269999999999996,2019-10-01T09:00:18.190257102+02:00,2019-10-01T09:00:18.190257102+02:00,2019-10-01T17:29:58.552073359+02:00,30580.361816
2019-10-01 09:27:40.190822069+02:00,1569914860190822069,1,bid,0.2700000000000102,84.79,84.81,84.52,1642.000564967,0,1642.000564967,quantile,0.95,0.269999999999996,2019-10-01T09:00:18.190257102+02:00,2019-10-01T09:00:18.190257102+02:00,2019-10-01T17:29:58.552073359+02:00,30580.361816
2019-10-01 09:27:41.455637507+02:00,1569914861455637507,1,bid,0.4500000000000028,84.81,84.82,84.36,1643.265380405,0,1643.265380405,quantile,0.95,0.269999999999996,2019-10-01T09:00:18.190257102+02:00,2019-10-01T09:00:18.190257102+02:00,2019-10-01T17:29:58.552073359+02:00,30580.361816
2019-10-01 09:27:43.466319577+02:00,1569914863466319577,1,bid,0.4299999999999926,84.82,84.85,84.39,1645.276062475,0,1645.276062475,quantile,0.95,0.269999999999996,2019-10-01T09:00:18.190257102+02:00,2019-10-01T09:00:18.190257102+02:00,2019-10-01T17:29:58.552073359+02:00,30580.361816
2019-10-01 09:27:43.468194989+02:00,1569914863468194989,1,bid,0.4499999999999886,84.82,84.85,84.37,1645.277937887,0,1645.277937887,quantile,0.95,0.269999999999996,2019-10-01T09:00:18.190257102+02:00,2019-10-01T09:00:18.190257102+02:00,2019-10-01T17:29:58.552073359+02:00,30580.361816
2019-10-01 09:28:00.198923234+02:00,1569914880198923234,1,bid,0.269999999999996,84.82,84.83,84.55,1662.008666132,0,1662.008666132,quantile,0.95,0.269999999999996,2019-10-01T09:00:18.190257102+02:00,2019-10-01T09:00:18.190257102+02:00,2019-10-01T17:29:58.552073359+02:00,30580.361816
2019-10-01 09:28:12.270962828+02:00,1569914892270962828,1,bid,0.4399999999999977,84.84,84.86,84.4,1674.080705726,0,1674.080705726,quantile,0.95,0.269999999999996,2019-10-01T09:00:18.190257102+02:00,2019-10-01T09:00:18.190257102+02:00,2019-10-01T17:29:58.552073359+02:00,30580.361816
2019-10-01 09:28:12.308506489+02:00,1569914892308506489,1,bid,0.4500000000000028,84.83,84.85,84.38,1674.118249387,0,1674.118249387,quantile,0.95,0.269999999999996,2019-10-01T09:00:18.190257102+02:00,2019-10-01T09:00:18.190257102+02:00,2019-10-01T17:29:58.552073359+02:00,30580.361816
2019-10-01 09:28:28.071944767+02:00,1569914908071944767,1,bid,0.4399999999999977,84.85,84.87,84.41,1689.881687665,0,1689.881687665,quantile,0.95,0.269999999999996,2019-10-01T09:00:18.190257102+02:00,2019-10-01T09:00:18.190257102+02:00,2019-10-01T17:29:58.552073359+02:00,30580.361816
2019-10-01 09:28:31.168981468+02:00,1569914911168981468,1,bid,0.4500000000000028,84.84,84.86,84.39,1692.978724366,0,1692.978724366,quantile,0.95,0.269999999999996,2019-10-01T09:00:18.190257102+02:00,2019-10-01T09:00:18.190257102+02:00,2019-10-01T17:29:58.552073359+02:00,30580.361816
2019-10-01 09:28:38.350805432+02:00,1569914918350805432,1,bid,0.4500000000000028,84.81,84.83,84.36,1700.16054833,0,1700.16054833,quantile,0.95,0.269999999999996,2019-10-01T09:00:18.190257102+02:00,2019-10-01T09:00:18.190257102+02:00,2019-10-01T17:29:58.552073359+02:00,30580.361816
2019-10-01 09:28:51.266764418+02:00,1569914931266764418,1,bid,0.4500000000000028,84.79,84.82,84.34,1713.076507316,0,1713.076507316,quantile,0.95,0.269999999999996,2019-10-01T09:00:18.190257102+02:00,2019-10-01T09:00:18.190257102+02:00,2019-10-01T17:29:58.552073359+02:00,30580.361816
2019-10-01 09:28:58.542327858+02:00,1569914938542327858,1,bid,0.4500000000000028,84.77,84.79,84.32,1720.352070756,0,1720.352070756,quantile,0.95,0.269999999999996,2019-10-01T09:00:18.190257102+02:00,2019-10-01T09:00:18.190257102+02:00,2019-10-01T17:29:58.552073359+02:00,30580.361816
2019-10-01 09:29:18.150542019+02:00,1569914958150542019,1,bid,0.269999999999996,84.77,84.79,84.5,1739.960284917,0,1739.960284917,quantile,0.95,0.269999999999996,2019-10-01T09:00:18.190257102+02:00,2019-10-01T09:00:18.190257102+02:00,2019-10-01T17:29:58.552073359+02:00,30580.361816
2019-10-01 09:29:38.163019036+02:00,1569914978163019036,1,bid,0.2700000000000102,84.76,84.79,84.49,1759.972761934,0,1759.972761934,quantile,0.95,0.269999999999996,2019-10-01T09:00:18.190257102+02:00,2019-10-01T09:00:18.190257102+02:00,2019-10-01T17:29:58.552073359+02:00,30580.361816
2019-10-01 09:29:43.451395186+02:00,1569914983451395186,1,bid,0.5700000000000074,84.76,84.78,84.19,1765.261138084,0,1765.261138084,quantile,0.95,0.269999999999996,2019-10-01T09:00:18.190257102+02:00,2019-10-01T09:00:18.190257102+02:00,2019-10-01T17:29:58.552073359+02:00,30580.361816
2019-10-01 09:29:52.377713523+02:00,1569914992377713523,1,bid,0.4500000000000028,84.75,84.77,84.3,1774.187456421,0,1774.187456421,quantile,0.95,0.269999999999996,2019-10-01T09:00:18.190257102+02:00,2019-10-01T09:00:18.190257102+02:00,2019-10-01T17:29:58.552073359+02:00,30580.361816
2019-10-01 09:29:52.886179855+02:00,1569914992886179855,1,bid,0.4099999999999966,84.74,84.77,84.33,1774.695922753,0,1774.695922753,quantile,0.95,0.269999999999996,2019-10-01T09:00:18.190257102+02:00,2019-10-01T09:00:18.190257102+02:00,2019-10-01T17:29:58.552073359+02:00,30580.361816
2019-10-01 09:30:02.387782769+02:00,1569915002387782769,1,bid,0.269999999999996,84.75,84.77,84.48,1784.197525667,0,1784.197525667,quantile,0.95,0.269999999999996,2019-10-01T09:00:18.190257102+02:00,2019-10-01T09:00:18.190257102+02:00,2019-10-01T17:29:58.552073359+02:00,30580.361816
2019-10-01 09:30:09.781400987+02:00,1569915009781400987,1,bid,0.4599999999999937,84.74,84.75,84.28,1791.591143885,0,1791.591143885,quantile,0.95,0.269999999999996,2019-10-01T09:00:18.190257102+02:00,2019-10-01T09:00:18.190257102+02:00,2019-10-01T17:29:58.552073359+02:00,30580.361816
2019-10-01 09:30:10.886181104+02:00,1569915010886181104,1,bid,0.4100000000000108,84.73,84.75,84.32,1792.695924002,0,1792.695924002,quantile,0.95,0.269999999999996,2019-10-01T09:00:18.190257102+02:00,2019-10-01T09:00:18.190257102+02:00,2019-10-01T17:29:58.552073359+02:00,30580.361816
2019-10-01 09:30:12.886183503+02:00,1569915012886183503,1,bid,0.4200000000000017,84.73,84.75,84.31,1794.695926401,0,1794.695926401,quantile,0.95,0.269999999999996,2019-10-01T09:00:18.190257102+02:00,2019-10-01T09:00:18.190257102+02:00,2019-10-01T17:29:58.552073359+02:00,30580.361816
2019-10-01 09:30:18.462438795+02:00,1569915018462438795,1,bid,0.4399999999999977,84.75,84.77,84.31,1800.272181693,0,1800.272181693,quantile,0.95,0.269999999999996,2019-10-01T09:00:18.190257102+02:00,2019-10-01T09:00:18.190257102+02:00,2019-10-01T17:29:58.552073359+02:00,30580.361816
2019-10-01 09:30:20.068889711+02:00,1569915020068889711,1,bid,0.4399999999999977,84.73,84.77,84.29,1801.878632609,0,1801.878632609,quantile,0.95,0.269999999999996,2019-10-01T09:00:18.190257102+02:00,2019-10-01T09:00:18.190257102+02:00,2019-10-01T17:29:58.552073359+02:00,30580.361816
2019-10-01 09:30:22.420107335+02:00,1569915022420107335,1,bid,0.2700000000000102,84.73,84.75,84.46,1804.229850233,0,1804.229850233,quantile,0.95,0.269999999999996,2019-10-01T09:00:18.190257102+02:00,2019-10-01T09:00:18.190257102+02:00,2019-10-01T17:29:58.552073359+02:00,30580.361816
2019-10-01 09:30:27.246316133+02:00,1569915027246316133,1,bid,0.4300000000000068,84.7,84.73,84.27,1809.056059031,0,1809.056059031,quantile,0.95,0.269999999999996,2019-10-01T09:00:18.190257102+02:00,2019-10-01T09:00:18.190257102+02:00,2019-10-01T17:29:58.552073359+02:00,30580.361816
2019-10-01 09:30:27.248914514+02:00,1569915027248914514,1,bid,0.4500000000000028,84.7,84.71,84.25,1809.058657412,0,1809.058657412,quantile,0.95,0.269999999999996,2019-10-01T09:00:18.190257102+02:00,2019-10-01T09:00:18.190257102+02:00,2019-10-01T17:29:58.552073359+02:00,30580.361816
2019-10-01 09:30:27.324229097+02:00,1569915027324229097,1,bid,0.8400000000000034,84.69,84.7,83.85,1809.133971995,0,1809.133971995,quantile,0.95,0.269999999999996,2019-10-01T09:00:18.190257102+02:00,2019-10-01T09:00:18.190257102+02:00,2019-10-01T17:29:58.552073359+02:00,30580.361816
2019-10-01 09:30:27.886183998+02:00,1569915027886183998,1,bid,0.3900000000000005,84.69,84.72,84.3,1809.695926896,0,1809.695926896,quantile,0.95,0.269999999999996,2019-10-01T09:00:18.190257102+02:00,2019-10-01T09:00:18.190257102+02:00,2019-10-01T17:29:58.552073359+02:00,30580.361816
2019-10-01 09:30:28.886182910+02:00,1569915028886182910,1,bid,0.4199999999999875,84.71,84.73,84.29,1810.695925808,0,1810.695925808,quantile,0.95,0.269999999999996,2019-10-01T09:00:18.190257102+02:00,2019-10-01T09:00:18.190257102+02:00,2019-10-01T17:29:58.552073359+02:00,30580.361816
2019-10-01 09:30:32.886185628+02:00,1569915032886185628,1,bid,0.4000000000000057,84.68,84.71,84.28,1814.695928526,0,1814.695928526,quantile,0.95,0.269999999999996,2019-10-01T09:00:18.190257102+02:00,2019-10-01T09:00:18.190257102+02:00,2019-10-01T17:29:58.552073359+02:00,30580.361816
2019-10-01 09:30:33.886186777+02:00,1569915033886186777,1,bid,0.4100000000000108,84.68,84.71,84.27,1815.695929675,0,1815.695929675,quantile,0.95,0.269999999999996,2019-10-01T09:00:18.190257102+02:00,2019-10-01T09:00:18.190257102+02:00,2019-10-01T17:29:58.552073359+02:00,30580.361816
2019-10-01 09:30:38.886184366+02:00,1569915038886184366,1,bid,0.4200000000000017,84.68,84.71,84.26,1820.695927264,0,1820.695927264,quantile,0.95,0.269999999999996,2019-10-01T09:00:18.190257102+02:00,2019-10-01T09:00:18.190257102+02:00,2019-10-01T17:29:58.552073359+02:00,30580.361816
2019-10-01 09:31:24.565206936+02:00,1569915084565206936,1,bid,0.269999999999996,84.71,84.72,84.44,1866.374949834,0,1866.374949834,quantile,0.95,0.269999999999996,2019-10-01T09:00:18.190257102+02:00,2019-10-01T09:00:18.190257102+02:00,2019-10-01T17:29:58.552073359+02:00,30580.361816
2019-10-01 09:31:45.482316823+02:00,1569915105482316823,1,bid,2.3800000000000097,84.68,84.71,82.3,1887.292059721,0,1887.292059721,quantile,0.95,0.269999999999996,2019-10-01T09:00:18.190257102+02:00,2019-10-01T09:00:18.190257102+02:00,2019-10-01T17:29:58.552073359+02:00,30580.361816
2019-10-01 09:31:57.141733374+02:00,1569915117141733374,1,bid,0.4500000000000028,84.67,84.69,84.22,1898.951476272,0,1898.951476272,quantile,0.95,0.269999999999996,2019-10-01T09:00:18.190257102+02:00,2019-10-01T09:00:18.190257102+02:00,2019-10-01T17:29:58.552073359+02:00,30580.361816
2019-10-01 09:31:57.886196021+02:00,1569915117886196021,1,bid,0.4200000000000017,84.67,84.69,84.25,1899.695938919,0,1899.695938919,quantile,0.95,0.269999999999996,2019-10-01T09:00:18.190257102+02:00,2019-10-01T09:00:18.190257102+02:00,2019-10-01T17:29:58.552073359+02:00,30580.361816
2019-10-01 09:32:11.886192819+02:00,1569915131886192819,1,bid,0.4300000000000068,84.67,84.69,84.24,1913.695935717,0,1913.695935717,quantile,0.95,0.269999999999996,2019-10-01T09:00:18.190257102+02:00,2019-10-01T09:00:18.190257102+02:00,2019-10-01T17:29:58.552073359+02:00,30580.361816
2019-10-01 09:32:14.628543213+02:00,1569915134628543213,1,bid,0.269999999999996,84.67,84.69,84.4,1916.438286111,0,1916.438286111,quantile,0.95,0.269999999999996,2019-10-01T09:00:18.190257102+02:00,2019-10-01T09:00:18.190257102+02:00,2019-10-01T17:29:58.552073359+02:00,30580.361816
2019-10-01 09:32:16.010834639+02:00,1569915136010834639,1,bid,0.4300000000000068,84.68,84.7,84.25,1917.820577537,0,1917.820577537,quantile,0.95,0.269999999999996,2019-10-01T09:00:18.190257102+02:00,2019-10-01T09:00:18.190257102+02:00,2019-10-01T17:29:58.552073359+02:00,30580.361816
2019-10-01 09:32:16.111874150+02:00,1569915136111874150,1,bid,0.4500000000000028,84.68,84.71,84.23,1917.921617048,0,1917.921617048,quantile,0.95,0.269999999999996,2019-10-01T09:00:18.190257102+02:00,2019-10-01T09:00:18.190257102+02:00,2019-10-01T17:29:58.552073359+02:00,30580.361816
2019-10-01 09:32:21.294545839+02:00,1569915141294545839,1,bid,0.4399999999999977,84.7,84.72,84.26,1923.104288737,0,1923.104288737,quantile,0.95,0.269999999999996,2019-10-01T09:00:18.190257102+02:00,2019-10-01T09:00:18.190257102+02:00,2019-10-01T17:29:58.552073359+02:00,30580.361816
2019-10-01 09:32:22.016540337+02:00,1569915142016540337,1,bid,0.4400000000000119,84.68,84.71,84.24,1923.826283235,0,1923.826283235,quantile,0.95,0.269999999999996,2019-10-01T09:00:18.190257102+02:00,2019-10-01T09:00:18.190257102+02:00,2019-10-01T17:29:58.552073359+02:00,30580.361816
2019-10-01 09:33:08.220682873+02:00,1569915188220682873,1,bid,0.4500000000000028,84.67,84.69,84.22,1970.030425771,0,1970.030425771,quantile,0.95,0.269999999999996,2019-10-01T09:00:18.190257102+02:00,2019-10-01T09:00:18.190257102+02:00,2019-10-01T17:29:58.552073359+02:00,30580.361816
2019-10-01 09:33:11.692139862+02:00,1569915191692139862,1,bid,4.070000000000007,84.67,84.69,80.6,1973.50188276,0,1973.50188276,quantile,0.95,0.269999999999996,2019-10-01T09:00:18.190257102+02:00,2019-10-01T09:00:18.190257102+02:00,2019-10-01T17:29:58.552073359+02:00,30580.361816
2019-10-01 09:33:13.258337422+02:00,1569915193258337422,1,bid,0.4399999999999977,84.69,84.71,84.25,1975.06808032,0,1975.06808032,quantile,0.95,0.269999999999996,2019-10-01T09:00:18.190257102+02:00,2019-10-01T09:00:18.190257102+02:00,2019-10-01T17:29:58.552073359+02:00,30580.361816
2019-10-01 09:33:15.799836998+02:00,1569915195799836998,1,bid,0.4399999999999977,84.67,84.69,84.23,1977.609579896,0,1977.609579896,quantile,0.95,0.269999999999996,2019-10-01T09:00:18.190257102+02:00,2019-10-01T09:00:18.190257102+02:00,2019-10-01T17:29:58.552073359+02:00,30580.361816
2019-10-01 09:33:15.862617378+02:00,1569915195862617378,1,bid,0.6000000000000085,84.65,84.68,84.05,1977.672360276,0,1977.672360276,quantile,0.95,0.269999999999996,2019-10-01T09:00:18.190257102+02:00,2019-10-01T09:00:18.190257102+02:00,2019-10-01T17:29:58.552073359+02:00,30580.361816
2019-10-01 09:33:28.079265801+02:00,1569915208079265801,1,bid,0.4500000000000028,84.65,84.68,84.2,1989.889008699,0,1989.889008699,quantile,0.95,0.269999999999996,2019-10-01T09:00:18.190257102+02:00,2019-10-01T09:00:18.190257102+02:00,2019-10-01T17:29:58.552073359+02:00,30580.361816
2019-10-01 09:33:29.669135680+02:00,1569915209669135680,1,bid,0.4500000000000028,84.68,84.69,84.23,1991.478878578,0,1991.478878578,quantile,0.95,0.269999999999996,2019-10-01T09:00:18.190257102+02:00,2019-10-01T09:00:18.190257102+02:00,2019-10-01T17:29:58.552073359+02:00,30580.361816
2019-10-01 09:34:01.390736779+02:00,1569915241390736779,1,bid,0.4400000000000119,84.65,84.7,84.21,2023.200479677,0,2023.200479677,quantile,0.95,0.269999999999996,2019-10-01T09:00:18.190257102+02:00,2019-10-01T09:00:18.190257102+02:00,2019-10-01T17:29:58.552073359+02:00,30580.361816
2019-10-01 09:34:09.900570044+02:00,1569915249900570044,1,bid,0.4500000000000028,84.69,84.71,84.24,2031.710312942,0,2031.710312942,quantile,0.95,0.269999999999996,2019-10-01T09:00:18.190257102+02:00,2019-10-01T09:00:18.190257102+02:00,2019-10-01T17:29:58.552073359+02:00,30580.361816
2019-10-01 09:34:27.269751605+02:00,1569915267269751605,1,bid,0.4400000000000119,84.65,84.69,84.21,2049.079494503,0,2049.079494503,quantile,0.95,0.269999999999996,2019-10-01T09:00:18.190257102+02:00,2019-10-01T09:00:18.190257102+02:00,2019-10-01T17:29:58.552073359+02:00,30580.361816
2019-10-01 09:34:38.533677403+02:00,1569915278533677403,1,bid,0.2700000000000102,84.65,84.69,84.38,2060.343420301,0,2060.343420301,quantile,0.95,0.269999999999996,2019-10-01T09:00:18.190257102+02:00,2019-10-01T09:00:18.190257102+02:00,2019-10-01T17:29:58.552073359+02:00,30580.361816
2019-10-01 09:34:39.886205744+02:00,1569915279886205744,1,bid,0.4200000000000017,84.65,84.67,84.23,2061.695948642,0,2061.695948642,quantile,0.95,0.269999999999996,2019-10-01T09:00:18.190257102+02:00,2019-10-01T09:00:18.190257102+02:00,2019-10-01T17:29:58.552073359+02:00,30580.361816
2019-10-01 09:34:40.886209932+02:00,1569915280886209932,1,bid,0.4300000000000068,84.65,84.67,84.22,2062.69595283,0,2062.69595283,quantile,0.95,0.269999999999996,2019-10-01T09:00:18.190257102+02:00,2019-10-01T09:00:18.190257102+02:00,2019-10-01T17:29:58.552073359+02:00,30580.361816
2019-10-01 09:35:00.859310736+02:00,1569915300859310736,1,bid,0.4399999999999977,84.63,84.64,84.19,2082.669053634,0,2082.669053634,quantile,0.95,0.269999999999996,2019-10-01T09:00:18.190257102+02:00,2019-10-01T09:00:18.190257102+02:00,2019-10-01T17:29:58.552073359+02:00,30580.361816
2019-10-01 09:35:00.860212232+02:00,1569915300860212232,1,bid,0.4399999999999977,84.62,84.64,84.18,2082.66995513,0,2082.66995513,quantile,0.95,0.269999999999996,2019-10-01T09:00:18.190257102+02:00,2019-10-01T09:00:18.190257102+02:00,2019-10-01T17:29:58.552073359+02:00,30580.361816
2019-10-01 09:35:00.861229265+02:00,1569915300861229265,1,bid,0.4500000000000028,84.62,84.64,84.17,2082.670972163,0,2082.670972163,quantile,0.95,0.269999999999996,2019-10-01T09:00:18.190257102+02:00,2019-10-01T09:00:18.190257102+02:00,2019-10-01T17:29:58.552073359+02:00,30580.361816
2019-10-01 09:35:00.886205455+02:00,1569915300886205455,1,bid,0.4100000000000108,84.62,84.64,84.21,2082.695948353,0,2082.695948353,quantile,0.95,0.269999999999996,2019-10-01T09:00:18.190257102+02:00,2019-10-01T09:00:18.190257102+02:00,2019-10-01T17:29:58.552073359+02:00,30580.361816
2019-10-01 09:35:01.048317349+02:00,1569915301048317349,1,bid,0.4699999999999988,84.62,84.64,84.15,2082.858060247,0,2082.858060247,quantile,0.95,0.269999999999996,2019-10-01T09:00:18.190257102+02:00,2019-10-01T09:00:18.190257102+02:00,2019-10-01T17:29:58.552073359+02:00,30580.361816
2019-10-01 09:35:01.886209521+02:00,1569915301886209521,1,bid,0.4099999999999966,84.61,84.63,84.2,2083.695952419,0,2083.695952419,quantile,0.95,0.269999999999996,2019-10-01T09:00:18.190257102+02:00,2019-10-01T09:00:18.190257102+02:00,2019-10-01T17:29:58.552073359+02:00,30580.361816
2019-10-01 09:35:02.886206913+02:00,1569915302886206913,1,bid,0.4200000000000017,84.61,84.63,84.19,2084.695949811,0,2084.695949811,quantile,0.95,0.269999999999996,2019-10-01T09:00:18.190257102+02:00,2019-10-01T09:00:18.190257102+02:00,2019-10-01T17:29:58.552073359+02:00,30580.361816
2019-10-01 09:35:03.713754093+02:00,1569915303713754093,1,bid,0.4699999999999988,84.6,84.61,84.13,2085.523496991,0,2085.523496991,quantile,0.95,0.269999999999996,2019-10-01T09:00:18.190257102+02:00,2019-10-01T09:00:18.190257102+02:00,2019-10-01T17:29:58.552073359+02:00,30580.361816
2019-10-01 09:35:03.886209240+02:00,1569915303886209240,1,bid,0.4099999999999966,84.59,84.61,84.18,2085.695952138,0,2085.695952138,quantile,0.95,0.269999999999996,2019-10-01T09:00:18.190257102+02:00,2019-10-01T09:00:18.190257102+02:00,2019-10-01T17:29:58.552073359+02:00,30580.361816
2019-10-01 09:35:04.886210784+02:00,1569915304886210784,1,bid,0.4200000000000017,84.59,84.61,84.17,2086.695953682,0,2086.695953682,quantile,0.95,0.269999999999996,2019-10-01T09:00:18.190257102+02:00,2019-10-01T09:00:18.190257102+02:00,2019-10-01T17:29:58.552073359+02:00,30580.361816
2019-10-01 09:35:11.111055161+02:00,1569915311111055161,1,bid,0.4399999999999977,84.59,84.63,84.15,2092.920798059,0,2092.920798059,quantile,0.95,0.269999999999996,2019-10-01T09:00:18.190257102+02:00,2019-10-01T09:00:18.190257102+02:00,2019-10-01T17:29:58.552073359+02:00,30580.361816
2019-10-01 09:35:11.934342187+02:00,1569915311934342187,1,bid,0.3800000000000096,84.59,84.63,84.21,2093.744085085,0,2093.744085085,quantile,0.95,0.269999999999996,2019-10-01T09:00:18.190257102+02:00,2019-10-01T09:00:18.190257102+02:00,2019-10-01T17:29:58.552073359+02:00,30580.361816
2019-10-01 09:35:15.029687089+02:00,1569915315029687089,1,bid,0.4699999999999988,84.59,84.61,84.12,2096.839429987,0,2096.839429987,quantile,0.95,0.269999999999996,2019-10-01T09:00:18.190257102+02:00,2019-10-01T09:00:18.190257102+02:00,2019-10-01T17:29:58.552073359+02:00,30580.361816
2019-10-01 09:35:15.886213256+02:00,1569915315886213256,1,bid,0.4300000000000068,84.59,84.61,84.16,2097.695956154,0,2097.695956154,quantile,0.95,0.269999999999996,2019-10-01T09:00:18.190257102+02:00,2019-10-01T09:00:18.190257102+02:00,2019-10-01T17:29:58.552073359+02:00,30580.361816
2019-10-01 09:35:20.859316430+02:00,1569915320859316430,1,bid,0.2700000000000102,84.59,84.61,84.32,2102.669059328,0,2102.669059328,quantile,0.95,0.269999999999996,2019-10-01T09:00:18.190257102+02:00,2019-10-01T09:00:18.190257102+02:00,2019-10-01T17:29:58.552073359+02:00,30580.361816
2019-10-01 09:35:21.886208517+02:00,1569915321886208517,1,bid,0.4299999999999926,84.58,84.59,84.15,2103.695951415,0,2103.695951415,quantile,0.95,0.269999999999996,2019-10-01T09:00:18.190257102+02:00,2019-10-01T09:00:18.190257102+02:00,2019-10-01T17:29:58.552073359+02:00,30580.361816
2019-10-01 09:35:22.043450611+02:00,1569915322043450611,1,bid,0.4600000000000079,84.56,84.59,84.1,2103.853193509,0,2103.853193509,quantile,0.95,0.269999999999996,2019-10-01T09:00:18.190257102+02:00,2019-10-01T09:00:18.190257102+02:00,2019-10-01T17:29:58.552073359+02:00,30580.361816
2019-10-01 09:35:22.886210695+02:00,1569915322886210695,1,bid,0.4099999999999966,84.55,84.57,84.14,2104.695953593,0,2104.695953593,quantile,0.95,0.269999999999996,2019-10-01T09:00:18.190257102+02:00,2019-10-01T09:00:18.190257102+02:00,2019-10-01T17:29:58.552073359+02:00,30580.361816
2019-10-01 09:35:23.886210521+02:00,1569915323886210521,1,bid,0.4200000000000017,84.55,84.57,84.13,2105.695953419,0,2105.695953419,quantile,0.95,0.269999999999996,2019-10-01T09:00:18.190257102+02:00,2019-10-01T09:00:18.190257102+02:00,2019-10-01T17:29:58.552073359+02:00,30580.361816
2019-10-01 09:35:31.239321217+02:00,1569915331239321217,1,bid,0.6000000000000085,84.54,84.56,83.94,2113.049064115,0,2113.049064115,quantile,0.95,0.269999999999996,2019-10-01T09:00:18.190257102+02:00,2019-10-01T09:00:18.190257102+02:00,2019-10-01T17:29:58.552073359+02:00,30580.361816
2019-10-01 09:35:31.239873673+02:00,1569915331239873673,1,bid,0.4600000000000079,84.54,84.56,84.08,2113.049616571,0,2113.049616571,quantile,0.95,0.269999999999996,2019-10-01T09:00:18.190257102+02:00,2019-10-01T09:00:18.190257102+02:00,2019-10-01T17:29:58.552073359+02:00,30580.361816
2019-10-01 09:35:31.886211925+02:00,1569915331886211925,1,bid,0.4200000000000017,84.54,84.56,84.12,2113.695954823,0,2113.695954823,quantile,0.95,0.269999999999996,2019-10-01T09:00:18.190257102+02:00,2019-10-01T09:00:18.190257102+02:00,2019-10-01T17:29:58.552073359+02:00,30580.361816
2019-10-01 09:35:43.886212721+02:00,1569915343886212721,1,bid,0.4200000000000017,84.53,84.55,84.11,2125.695955619,0,2125.695955619,quantile,0.95,0.269999999999996,2019-10-01T09:00:18.190257102+02:00,2019-10-01T09:00:18.190257102+02:00,2019-10-01T17:29:58.552073359+02:00,30580.361816
2019-10-01 09:35:45.760004400+02:00,1569915345760004400,1,bid,0.4699999999999988,84.53,84.55,84.06,2127.569747298,0,2127.569747298,quantile,0.95,0.269999999999996,2019-10-01T09:00:18.190257102+02:00,2019-10-01T09:00:18.190257102+02:00,2019-10-01T17:29:58.552073359+02:00,30580.361816
2019-10-01 09:35:45.886213412+02:00,1569915345886213412,1,bid,0.4300000000000068,84.53,84.55,84.1,2127.69595631,0,2127.69595631,quantile,0.95,0.269999999999996,2019-10-01T09:00:18.190257102+02:00,2019-10-01T09:00:18.190257102+02:00,2019-10-01T17:29:58.552073359+02:00,30580.361816
2019-10-01 09:36:01.853997045+02:00,1569915361853997045,1,bid,0.4299999999999926,84.52,84.55,84.09,2143.663739943,0,2143.663739943,quantile,0.95,0.269999999999996,2019-10-01T09:00:18.190257102+02:00,2019-10-01T09:00:18.190257102+02:00,2019-10-01T17:29:58.552073359+02:00,30580.361816
2019-10-01 09:36:11.886215613+02:00,1569915371886215613,1,bid,0.4200000000000017,84.51,84.54,84.09,2153.695958511,0,2153.695958511,quantile,0.95,0.269999999999996,2019-10-01T09:00:18.190257102+02:00,2019-10-01T09:00:18.190257102+02:00,2019-10-01T17:29:58.552073359+02:00,30580.361816
2019-10-01 09:36:12.017830650+02:00,1569915372017830650,1,bid,0.4400000000000119,84.51,84.54,84.07,2153.827573548,0,2153.827573548,quantile,0.95,0.269999999999996,2019-10-01T09:00:18.190257102+02:00,2019-10-01T09:00:18.190257102+02:00,2019-10-01T17:29:58.552073359+02:00,30580.361816
2019-10-01 09:36:12.256850864+02:00,1569915372256850864,1,bid,0.4600000000000079,84.51,84.54,84.05,2154.066593762,0,2154.066593762,quantile,0.95,0.269999999999996,2019-10-01T09:00:18.190257102+02:00,2019-10-01T09:00:18.190257102+02:00,2019-10-01T17:29:58.552073359+02:00,30580.361816
2019-10-01 09:36:12.886215946+02:00,1569915372886215946,1,bid,0.4300000000000068,84.51,84.54,84.08,2154.695958844,0,2154.695958844,quantile,0.95,0.269999999999996,2019-10-01T09:00:18.190257102+02:00,2019-10-01T09:00:18.190257102+02:00,2019-10-01T17:29:58.552073359+02:00,30580.361816
2019-10-01 09:36:20.446708657+02:00,1569915380446708657,1,bid,0.4399999999999977,84.52,84.53,84.08,2162.256451555,0,2162.256451555,quantile,0.95,0.269999999999996,2019-10-01T09:00:18.190257102+02:00,2019-10-01T09:00:18.190257102+02:00,2019-10-01T17:29:58.552073359+02:00,30580.361816
2019-10-01 09:36:50.439508457+02:00,1569915410439508457,1,bid,0.4599999999999937,84.52,84.54,84.06,2192.249251355,0,2192.249251355,quantile,0.95,0.269999999999996,2019-10-01T09:00:18.190257102+02:00,2019-10-01T09:00:18.190257102+02:00,2019-10-01T17:29:58.552073359+02:00,30580.361816
2019-10-01 09:36:50.461085850+02:00,1569915410461085850,1,bid,0.4399999999999977,84.53,84.55,84.09,2192.270828748,0,2192.270828748,quantile,0.95,0.269999999999996,2019-10-01T09:00:18.190257102+02:00,2019-10-01T09:00:18.190257102+02:00,2019-10-01T17:29:58.552073359+02:00,30580.361816
2019-10-01 09:36:56.853725227+02:00,1569915416853725227,1,bid,0.4400000000000119,84.51,84.52,84.07,2198.663468125,0,2198.663468125,quantile,0.95,0.269999999999996,2019-10-01T09:00:18.190257102+02:00,2019-10-01T09:00:18.190257102+02:00,2019-10-01T17:29:58.552073359+02:00,30580.361816
2019-10-01 09:36:56.901105769+02:00,1569915416901105769,1,bid,0.4500000000000028,84.5,84.52,84.05,2198.710848667,0,2198.710848667,quantile,0.95,0.269999999999996,2019-10-01T09:00:18.190257102+02:00,2019-10-01T09:00:18.190257102+02:00,2019-10-01T17:29:58.552073359+02:00,30580.361816
2019-10-01 09:37:10.907483671+02:00,1569915430907483671,1,bid,0.269999999999996,84.5,84.52,84.23,2212.717226569,0,2212.717226569,quantile,0.95,0.269999999999996,2019-10-01T09:00:18.190257102+02:00,2019-10-01T09:00:18.190257102+02:00,2019-10-01T17:29:58.552073359+02:00,30580.361816
2019-10-01 09:37:20.407833469+02:00,1569915440407833469,1,bid,0.4399999999999977,84.52,84.54,84.08,2222.217576367,0,2222.217576367,quantile,0.95,0.269999999999996,2019-10-01T09:00:18.190257102+02:00,2019-10-01T09:00:18.190257102+02:00,2019-10-01T17:29:58.552073359+02:00,30580.361816
2019-10-01 09:37:25.802793901+02:00,1569915445802793901,1,bid,0.4500000000000028,84.51,84.53,84.06,2227.612536799,0,2227.612536799,quantile,0.95,0.269999999999996,2019-10-01T09:00:18.190257102+02:00,2019-10-01T09:00:18.190257102+02:00,2019-10-01T17:29:58.552073359+02:00,30580.361816
2019-10-01 09:37:25.945263167+02:00,1569915445945263167,1,bid,0.7599999999999909,84.49,84.51,83.73,2227.755006065,0,2227.755006065,quantile,0.95,0.269999999999996,2019-10-01T09:00:18.190257102+02:00,2019-10-01T09:00:18.190257102+02:00,2019-10-01T17:29:58.552073359+02:00,30580.361816
2019-10-01 09:37:33.886224555+02:00,1569915453886224555,1,bid,0.4300000000000068,84.5,84.52,84.07,2235.695967453,0,2235.695967453,quantile,0.95,0.269999999999996,2019-10-01T09:00:18.190257102+02:00,2019-10-01T09:00:18.190257102+02:00,2019-10-01T17:29:58.552073359+02:00,30580.361816
2019-10-01 09:37:57.615744148+02:00,1569915477615744148,1,bid,0.4499999999999886,84.49,84.5,84.04,2259.425487046,0,2259.425487046,quantile,0.95,0.269999999999996,2019-10-01T09:00:18.190257102+02:00,2019-10-01T09:00:18.190257102+02:00,2019-10-01T17:29:58.552073359+02:00,30580.361816
2019-10-01 09:38:04.886229935+02:00,1569915484886229935,1,bid,0.4200000000000017,84.48,84.5,84.06,2266.695972833,0,2266.695972833,quantile,0.95,0.269999999999996,2019-10-01T09:00:18.190257102+02:00,2019-10-01T09:00:18.190257102+02:00,2019-10-01T17:29:58.552073359+02:00,30580.361816
2019-10-01 09:38:12.678875304+02:00,1569915492678875304,1,bid,0.4400000000000119,84.51,84.53,84.07,2274.488618202,0,2274.488618202,quantile,0.95,0.269999999999996,2019-10-01T09:00:18.190257102+02:00,2019-10-01T09:00:18.190257102+02:00,2019-10-01T17:29:58.552073359+02:00,30580.361816
2019-10-01 09:38:39.087104600+02:00,1569915519087104600,1,bid,0.4399999999999977,84.49,84.51,84.05,2300.896847498,0,2300.896847498,quantile,0.95,0.269999999999996,2019-10-01T09:00:18.190257102+02:00,2019-10-01T09:00:18.190257102+02:00,2019-10-01T17:29:58.552073359+02:00,30580.361816
2019-10-01 09:39:20.594418875+02:00,1569915560594418875,1,bid,0.2700000000000102,84.48,84.51,84.21,2342.404161773,0,2342.404161773,quantile,0.95,0.269999999999996,2019-10-01T09:00:18.190257102+02:00,2019-10-01T09:00:18.190257102+02:00,2019-10-01T17:29:58.552073359+02:00,30580.361816
2019-10-01 09:39:57.802709547+02:00,1569915597802709547,1,bid,0.4500000000000028,84.53,84.54,84.08,2379.612452445,0,2379.612452445,quantile,0.95,0.269999999999996,2019-10-01T09:00:18.190257102+02:00,2019-10-01T09:00:18.190257102+02:00,2019-10-01T17:29:58.552073359+02:00,30580.361816
2019-10-01 09:39:59.037501903+02:00,1569915599037501903,1,bid,0.4300000000000068,84.54,84.57,84.11,2380.847244801,0,2380.847244801,quantile,0.95,0.269999999999996,2019-10-01T09:00:18.190257102+02:00,2019-10-01T09:00:18.190257102+02:00,2019-10-01T17:29:58.552073359+02:00,30580.361816
2019-10-01 09:41:01.647519172+02:00,1569915661647519172,1,bid,0.4299999999999926,84.57,84.59,84.14,2443.45726207,0,2443.45726207,quantile,0.95,0.269999999999996,2019-10-01T09:00:18.190257102+02:00,2019-10-01T09:00:18.190257102+02:00,2019-10-01T17:29:58.552073359+02:00,30580.361816
2019-10-01 09:41:21.250700964+02:00,1569915681250700964,1,bid,0.2700000000000102,84.59,84.61,84.32,2463.060443862,0,2463.060443862,quantile,0.95,0.269999999999996,2019-10-01T09:00:18.190257102+02:00,2019-10-01T09:00:18.190257102+02:00,2019-10-01T17:29:58.552073359+02:00,30580.361816
2019-10-01 09:41:24.286514790+02:00,1569915684286514790,1,bid,0.4299999999999926,84.6,84.63,84.17,2466.096257688,0,2466.096257688,quantile,0.95,0.269999999999996,2019-10-01T09:00:18.190257102+02:00,2019-10-01T09:00:18.190257102+02:00,2019-10-01T17:29:58.552073359+02:00,30580.361816
2019-10-01 09:41:24.385887174+02:00,1569915684385887174,1,bid,0.4399999999999977,84.59,84.62,84.15,2466.195630072,0,2466.195630072,quantile,0.95,0.269999999999996,2019-10-01T09:00:18.190257102+02:00,2019-10-01T09:00:18.190257102+02:00,2019-10-01T17:29:58.552073359+02:00,30580.361816
2019-10-01 09:41:33.963048684+02:00,1569915693963048684,1,bid,0.4399999999999977,84.61,84.64,84.17,2475.772791582,0,2475.772791582,quantile,0.95,0.269999999999996,2019-10-01T09:00:18.190257102+02:00,2019-10-01T09:00:18.190257102+02:00,2019-10-01T17:29:58.552073359+02:00,30580.361816
2019-10-01 09:41:47.057161365+02:00,1569915707057161365,1,bid,0.6000000000000085,84.65,84.7,84.05,2488.866904263,0,2488.866904263,quantile,0.95,0.269999999999996,2019-10-01T09:00:18.190257102+02:00,2019-10-01T09:00:18.190257102+02:00,2019-10-01T17:29:58.552073359+02:00,30580.361816
2019-10-01 09:41:47.057430487+02:00,1569915707057430487,1,bid,0.4500000000000028,84.66,84.7,84.21,2488.867173385,0,2488.867173385,quantile,0.95,0.269999999999996,2019-10-01T09:00:18.190257102+02:00,2019-10-01T09:00:18.190257102+02:00,2019-10-01T17:29:58.552073359+02:00,30580.361816
2019-10-01 09:41:52.211970914+02:00,1569915712211970914,1,bid,0.4399999999999977,84.63,84.66,84.19,2494.021713812,0,2494.021713812,quantile,0.95,0.269999999999996,2019-10-01T09:00:18.190257102+02:00,2019-10-01T09:00:18.190257102+02:00,2019-10-01T17:29:58.552073359+02:00,30580.361816
2019-10-01 09:41:54.000713828+02:00,1569915714000713828,1,bid,0.269999999999996,84.63,84.66,84.36,2495.810456726,0,2495.810456726,quantile,0.95,0.269999999999996,2019-10-01T09:00:18.190257102+02:00,2019-10-01T09:00:18.190257102+02:00,2019-10-01T17:29:58.552073359+02:00,30580.361816
2019-10-01 09:42:37.911700820+02:00,1569915757911700820,1,bid,0.4500000000000028,84.61,84.64,84.16,2539.721443718,0,2539.721443718,quantile,0.95,0.269999999999996,2019-10-01T09:00:18.190257102+02:00,2019-10-01T09:00:18.190257102+02:00,2019-10-01T17:29:58.552073359+02:00,30580.361816
2019-10-01 09:42:56.575739041+02:00,1569915776575739041,1,bid,0.269999999999996,84.61,84.65,84.34,2558.385481939,0,2558.385481939,quantile,0.95,0.269999999999996,2019-10-01T09:00:18.190257102+02:00,2019-10-01T09:00:18.190257102+02:00,2019-10-01T17:29:58.552073359+02:00,30580.361816
2019-10-01 09:43:07.641600453+02:00,1569915787641600453,1,bid,0.4399999999999977,84.63,84.65,84.19,2569.451343351,0,2569.451343351,quantile,0.95,0.269999999999996,2019-10-01T09:00:18.190257102+02:00,2019-10-01T09:00:18.190257102+02:00,2019-10-01T17:29:58.552073359+02:00,30580.361816
2019-10-01 09:43:17.650598534+02:00,1569915797650598534,1,bid,0.269999999999996,84.63,84.65,84.36,2579.460341432,0,2579.460341432,quantile,0.95,0.269999999999996,2019-10-01T09:00:18.190257102+02:00,2019-10-01T09:00:18.190257102+02:00,2019-10-01T17:29:58.552073359+02:00,30580.361816
2019-10-01 09:43:37.732160401+02:00,1569915817732160401,1,bid,0.2700000000000102,84.65,84.67,84.38,2599.541903299,0,2599.541903299,quantile,0.95,0.269999999999996,2019-10-01T09:00:18.190257102+02:00,2019-10-01T09:00:18.190257102+02:00,2019-10-01T17:29:58.552073359+02:00,30580.361816
2019-10-01 09:43:44.781804130+02:00,1569915824781804130,1,bid,0.4399999999999977,84.67,84.69,84.23,2606.591547028,0,2606.591547028,quantile,0.95,0.269999999999996,2019-10-01T09:00:18.190257102+02:00,2019-10-01T09:00:18.190257102+02:00,2019-10-01T17:29:58.552073359+02:00,30580.361816
2019-10-01 09:43:45.002513275+02:00,1569915825002513275,1,bid,0.4500000000000028,84.66,84.67,84.21,2606.812256173,0,2606.812256173,quantile,0.95,0.269999999999996,2019-10-01T09:00:18.190257102+02:00,2019-10-01T09:00:18.190257102+02:00,2019-10-01T17:29:58.552073359+02:00,30580.361816
2019-10-01 09:43:46.791923528+02:00,1569915826791923528,1,bid,0.4500000000000028,84.64,84.66,84.19,2608.601666426,0,2608.601666426,quantile,0.95,0.269999999999996,2019-10-01T09:00:18.190257102+02:00,2019-10-01T09:00:18.190257102+02:00,2019-10-01T17:29:58.552073359+02:00,30580.361816
2019-10-01 09:43:59.125050315+02:00,1569915839125050315,1,bid,0.4500000000000028,84.61,84.64,84.16,2620.934793213,0,2620.934793213,quantile,0.95,0.269999999999996,2019-10-01T09:00:18.190257102+02:00,2019-10-01T09:00:18.190257102+02:00,2019-10-01T17:29:58.552073359+02:00,30580.361816
2019-10-01 09:44:17.748569779+02:00,1569915857748569779,1,bid,0.2700000000000102,84.62,84.64,84.35,2639.558312677,0,2639.558312677,quantile,0.95,0.269999999999996,2019-10-01T09:00:18.190257102+02:00,2019-10-01T09:00:18.190257102+02:00,2019-10-01T17:29:58.552073359+02:00,30580.361816
2019-10-01 09:44:32.431990408+02:00,1569915872431990408,1,bid,0.4599999999999937,84.6,84.62,84.14,2654.241733306,0,2654.241733306,quantile,0.95,0.269999999999996,2019-10-01T09:00:18.190257102+02:00,2019-10-01T09:00:18.190257102+02:00,2019-10-01T17:29:58.552073359+02:00,30580.361816
2019-10-01 09:44:37.774986197+02:00,1569915877774986197,1,bid,0.269999999999996,84.6,84.61,84.33,2659.584729095,0,2659.584729095,quantile,0.95,0.269999999999996,2019-10-01T09:00:18.190257102+02:00,2019-10-01T09:00:18.190257102+02:00,2019-10-01T17:29:58.552073359+02:00,30580.361816
2019-10-01 09:45:10.000770443+02:00,1569915910000770443,1,bid,0.269999999999996,84.58,84.6,84.31,2691.810513341,0,2691.810513341,quantile,0.95,0.269999999999996,2019-10-01T09:00:18.190257102+02:00,2019-10-01T09:00:18.190257102+02:00,2019-10-01T17:29:58.552073359+02:00,30580.361816
2019-10-01 09:45:11.186257507+02:00,1569915911186257507,1,bid,0.4399999999999977,84.61,84.64,84.17,2692.996000405,0,2692.996000405,quantile,0.95,0.269999999999996,2019-10-01T09:00:18.190257102+02:00,2019-10-01T09:00:18.190257102+02:00,2019-10-01T17:29:58.552073359+02:00,30580.361816
2019-10-01 09:45:13.378844373+02:00,1569915913378844373,1,bid,0.4500000000000028,84.66,84.67,84.21,2695.188587271,0,2695.188587271,quantile,0.95,0.269999999999996,2019-10-01T09:00:18.190257102+02:00,2019-10-01T09:00:18.190257102+02:00,2019-10-01T17:29:58.552073359+02:00,30580.361816
2019-10-01 09:45:23.395416722+02:00,1569915923395416722,1,bid,0.269999999999996,84.67,84.69,84.4,2705.20515962,0,2705.20515962,quantile,0.95,0.269999999999996,2019-10-01T09:00:18.190257102+02:00,2019-10-01T09:00:18.190257102+02:00,2019-10-01T17:29:58.552073359+02:00,30580.361816
2019-10-01 09:45:24.026531066+02:00,1569915924026531066,1,bid,0.4600000000000079,84.65,84.67,84.19,2705.836273964,0,2705.836273964,quantile,0.95,0.269999999999996,2019-10-01T09:00:18.190257102+02:00,2019-10-01T09:00:18.190257102+02:00,2019-10-01T17:29:58.552073359+02:00,30580.361816
2019-10-01 09:45:38.000297741+02:00,1569915938000297741,1,bid,0.8100000000000023,84.63,84.67,83.82,2719.810040639,0,2719.810040639,quantile,0.95,0.269999999999996,2019-10-01T09:00:18.190257102+02:00,2019-10-01T09:00:18.190257102+02:00,2019-10-01T17:29:58.552073359+02:00,30580.361816
2019-10-01 09:45:44.620037656+02:00,1569915944620037656,1,bid,0.4500000000000028,84.62,84.64,84.17,2726.429780554,0,2726.429780554,quantile,0.95,0.269999999999996,2019-10-01T09:00:18.190257102+02:00,2019-10-01T09:00:18.190257102+02:00,2019-10-01T17:29:58.552073359+02:00,30580.361816
2019-10-01 09:45:51.328503658+02:00,1569915951328503658,1,bid,0.4500000000000028,84.59,84.61,84.14,2733.138246556,0,2733.138246556,quantile,0.95,0.269999999999996,2019-10-01T09:00:18.190257102+02:00,2019-10-01T09:00:18.190257102+02:00,2019-10-01T17:29:58.552073359+02:00,30580.361816
2019-10-01 09:45:57.179769114+02:00,1569915957179769114,1,bid,0.4499999999999886,84.57,84.59,84.12,2738.989512012,0,2738.989512012,quantile,0.95,0.269999999999996,2019-10-01T09:00:18.190257102+02:00,2019-10-01T09:00:18.190257102+02:00,2019-10-01T17:29:58.552073359+02:00,30580.361816
2019-10-01 09:46:13.450805805+02:00,1569915973450805805,1,bid,0.269999999999996,84.56,84.58,84.29,2755.260548703,0,2755.260548703,quantile,0.95,0.269999999999996,2019-10-01T09:00:18.190257102+02:00,2019-10-01T09:00:18.190257102+02:00,2019-10-01T17:29:58.552073359+02:00,30580.361816
2019-10-01 09:46:14.952711954+02:00,1569915974952711954,1,bid,0.4500000000000028,84.55,84.57,84.1,2756.762454852,0,2756.762454852,quantile,0.95,0.269999999999996,2019-10-01T09:00:18.190257102+02:00,2019-10-01T09:00:18.190257102+02:00,2019-10-01T17:29:58.552073359+02:00,30580.361816
2019-10-01 09:46:16.906118765+02:00,1569915976906118765,1,bid,0.6000000000000085,84.54,84.56,83.94,2758.715861663,0,2758.715861663,quantile,0.95,0.269999999999996,2019-10-01T09:00:18.190257102+02:00,2019-10-01T09:00:18.190257102+02:00,2019-10-01T17:29:58.552073359+02:00,30580.361816
2019-10-01 09:46:26.361050835+02:00,1569915986361050835,1,bid,0.4500000000000028,84.53,84.56,84.08,2768.170793733,0,2768.170793733,quantile,0.95,0.269999999999996,2019-10-01T09:00:18.190257102+02:00,2019-10-01T09:00:18.190257102+02:00,2019-10-01T17:29:58.552073359+02:00,30580.361816
2019-10-01 09:46:42.281655896+02:00,1569916002281655896,1,bid,0.4399999999999977,84.55,84.58,84.11,2784.091398794,0,2784.091398794,quantile,0.95,0.269999999999996,2019-10-01T09:00:18.190257102+02:00,2019-10-01T09:00:18.190257102+02:00,2019-10-01T17:29:58.552073359+02:00,30580.361816
2019-10-01 09:46:49.541500022+02:00,1569916009541500022,1,bid,4.469999999999999,84.57,84.6,80.1,2791.35124292,0,2791.35124292,quantile,0.95,0.269999999999996,2019-10-01T09:00:18.190257102+02:00,2019-10-01T09:00:18.190257102+02:00,2019-10-01T17:29:58.552073359+02:00,30580.361816
2019-10-01 09:47:29.624917735+02:00,1569916049624917735,1,bid,0.269999999999996,84.57,84.6,84.3,2831.434660633,0,2831.434660633,quantile,0.95,0.269999999999996,2019-10-01T09:00:18.190257102+02:00,2019-10-01T09:00:18.190257102+02:00,2019-10-01T17:29:58.552073359+02:00,30580.361816
2019-10-01 09:47:31.284483386+02:00,1569916051284483386,1,bid,0.4399999999999977,84.58,84.62,84.14,2833.094226284,0,2833.094226284,quantile,0.95,0.269999999999996,2019-10-01T09:00:18.190257102+02:00,2019-10-01T09:00:18.190257102+02:00,2019-10-01T17:29:58.552073359+02:00,30580.361816
2019-10-01 09:47:52.368398817+02:00,1569916072368398817,1,bid,0.269999999999996,84.6,84.63,84.33,2854.178141715,0,2854.178141715,quantile,0.95,0.269999999999996,2019-10-01T09:00:18.190257102+02:00,2019-10-01T09:00:18.190257102+02:00,2019-10-01T17:29:58.552073359+02:00,30580.361816
2019-10-01 09:48:12.920772537+02:00,1569916092920772537,1,bid,0.4399999999999977,84.61,84.63,84.17,2874.730515435,0,2874.730515435,quantile,0.95,0.269999999999996,2019-10-01T09:00:18.190257102+02:00,2019-10-01T09:00:18.190257102+02:00,2019-10-01T17:29:58.552073359+02:00,30580.361816
2019-10-01 09:48:13.022016863+02:00,1569916093022016863,1,bid,0.4500000000000028,84.59,84.63,84.14,2874.831759761,0,2874.831759761,quantile,0.95,0.269999999999996,2019-10-01T09:00:18.190257102+02:00,2019-10-01T09:00:18.190257102+02:00,2019-10-01T17:29:58.552073359+02:00,30580.361816
2019-10-01 09:48:16.119189693+02:00,1569916096119189693,1,bid,0.4399999999999977,84.61,84.63,84.17,2877.928932591,0,2877.928932591,quantile,0.95,0.269999999999996,2019-10-01T09:00:18.190257102+02:00,2019-10-01T09:00:18.190257102+02:00,2019-10-01T17:29:58.552073359+02:00,30580.361816
2019-10-01 09:48:27.012758158+02:00,1569916107012758158,1,bid,0.6000000000000085,84.65,84.67,84.05,2888.822501056,0,2888.822501056,quantile,0.95,0.269999999999996,2019-10-01T09:00:18.190257102+02:00,2019-10-01T09:00:18.190257102+02:00,2019-10-01T17:29:58.552073359+02:00,30580.361816
2019-10-01 09:48:27.013477625+02:00,1569916107013477625,1,bid,0.4500000000000028,84.65,84.67,84.2,2888.823220523,0,2888.823220523,quantile,0.95,0.269999999999996,2019-10-01T09:00:18.190257102+02:00,2019-10-01T09:00:18.190257102+02:00,2019-10-01T17:29:58.552073359+02:00,30580.361816
2019-10-01 09:48:27.155334814+02:00,1569916107155334814,1,bid,0.4599999999999937,84.63,84.65,84.17,2888.965077712,0,2888.965077712,quantile,0.95,0.269999999999996,2019-10-01T09:00:18.190257102+02:00,2019-10-01T09:00:18.190257102+02:00,2019-10-01T17:29:58.552073359+02:00,30580.361816
2019-10-01 09:48:34.890890980+02:00,1569916114890890980,1,bid,0.4399999999999977,84.64,84.67,84.2,2896.700633878,0,2896.700633878,quantile,0.95,0.269999999999996,2019-10-01T09:00:18.190257102+02:00,2019-10-01T09:00:18.190257102+02:00,2019-10-01T17:29:58.552073359+02:00,30580.361816
2019-10-01 09:48:36.057930930+02:00,1569916116057930930,1,bid,0.4599999999999937,84.63,84.65,84.17,2897.867673828,0,2897.867673828,quantile,0.95,0.269999999999996,2019-10-01T09:00:18.190257102+02:00,2019-10-01T09:00:18.190257102+02:00,2019-10-01T17:29:58.552073359+02:00,30580.361816
2019-10-01 09:48:45.517999140+02:00,1569916125517999140,1,bid,0.4299999999999926,84.63,84.67,84.2,2907.327742038,0,2907.327742038,quantile,0.95,0.269999999999996,2019-10-01T09:00:18.190257102+02:00,2019-10-01T09:00:18.190257102+02:00,2019-10-01T17:29:58.552073359+02:00,30580.361816
2019-10-01 09:49:00.771130800+02:00,1569916140771130800,1,bid,0.4499999999999886,84.63,84.65,84.18,2922.580873698,0,2922.580873698,quantile,0.95,0.269999999999996,2019-10-01T09:00:18.190257102+02:00,2019-10-01T09:00:18.190257102+02:00,2019-10-01T17:29:58.552073359+02:00,30580.361816
2019-10-01 09:49:23.054608656+02:00,1569916163054608656,1,bid,0.2700000000000102,84.62,84.65,84.35,2944.864351554,0,2944.864351554,quantile,0.95,0.269999999999996,2019-10-01T09:00:18.190257102+02:00,2019-10-01T09:00:18.190257102+02:00,2019-10-01T17:29:58.552073359+02:00,30580.361816
2019-10-01 09:49:47.602739716+02:00,1569916187602739716,1,bid,0.4599999999999937,84.61,84.62,84.15,2969.412482614,0,2969.412482614,quantile,0.95,0.269999999999996,2019-10-01T09:00:18.190257102+02:00,2019-10-01T09:00:18.190257102+02:00,2019-10-01T17:29:58.552073359+02:00,30580.361816
2019-10-01 09:49:47.910690260+02:00,1569916187910690260,1,bid,0.4500000000000028,84.58,84.61,84.13,2969.720433158,0,2969.720433158,quantile,0.95,0.269999999999996,2019-10-01T09:00:18.190257102+02:00,2019-10-01T09:00:18.190257102+02:00,2019-10-01T17:29:58.552073359+02:00,30580.361816
2019-10-01 09:49:54.928157864+02:00,1569916194928157864,1,bid,0.4500000000000028,84.61,84.62,84.16,2976.737900762,0,2976.737900762,quantile,0.95,0.269999999999996,2019-10-01T09:00:18.190257102+02:00,2019-10-01T09:00:18.190257102+02:00,2019-10-01T17:29:58.552073359+02:00,30580.361816
2019-10-01 09:50:00.032288446+02:00,1569916200032288446,1,bid,0.4500000000000028,84.58,84.62,84.13,2981.842031344,0,2981.842031344,quantile,0.95,0.269999999999996,2019-10-01T09:00:18.190257102+02:00,2019-10-01T09:00:18.190257102+02:00,2019-10-01T17:29:58.552073359+02:00,30580.361816
2019-10-01 09:50:10.132018552+02:00,1569916210132018552,1,bid,0.8199999999999932,84.58,84.6,83.76,2991.94176145,0,2991.94176145,quantile,0.95,0.269999999999996,2019-10-01T09:00:18.190257102+02:00,2019-10-01T09:00:18.190257102+02:00,2019-10-01T17:29:58.552073359+02:00,30580.361816
2019-10-01 09:50:15.480227946+02:00,1569916215480227946,1,bid,0.4599999999999937,84.57,84.6,84.11,2997.289970844,0,2997.289970844,quantile,0.95,0.269999999999996,2019-10-01T09:00:18.190257102+02:00,2019-10-01T09:00:18.190257102+02:00,2019-10-01T17:29:58.552073359+02:00,30580.361816
2019-10-01 09:50:17.618225475+02:00,1569916217618225475,1,bid,0.269999999999996,84.57,84.6,84.3,2999.427968373,0,2999.427968373,quantile,0.95,0.269999999999996,2019-10-01T09:00:18.190257102+02:00,2019-10-01T09:00:18.190257102+02:00,2019-10-01T17:29:58.552073359+02:00,30580.361816
2019-10-01 09:50:44.553330026+02:00,1569916244553330026,1,bid,0.4399999999999977,84.58,84.6,84.14,3026.363072924,0,3026.363072924,quantile,0.95,0.269999999999996,2019-10-01T09:00:18.190257102+02:00,2019-10-01T09:00:18.190257102+02:00,2019-10-01T17:29:58.552073359+02:00,30580.361816
2019-10-01 09:50:44.700745964+02:00,1569916244700745964,1,bid,0.4599999999999937,84.58,84.6,84.12,3026.510488862,0,3026.510488862,quantile,0.95,0.269999999999996,2019-10-01T09:00:18.190257102+02:00,2019-10-01T09:00:18.190257102+02:00,2019-10-01T17:29:58.552073359+02:00,30580.361816
2019-10-01 09:50:49.972317822+02:00,1569916249972317822,1,bid,0.4399999999999977,84.59,84.62,84.15,3031.78206072,0,3031.78206072,quantile,0.95,0.269999999999996,2019-10-01T09:00:18.190257102+02:00,2019-10-01T09:00:18.190257102+02:00,2019-10-01T17:29:58.552073359+02:00,30580.361816
2019-10-01 09:51:05.804261046+02:00,1569916265804261046,1,bid,0.4299999999999926,84.61,84.64,84.18,3047.614003944,0,3047.614003944,quantile,0.95,0.269999999999996,2019-10-01T09:00:18.190257102+02:00,2019-10-01T09:00:18.190257102+02:00,2019-10-01T17:29:58.552073359+02:00,30580.361816
2019-10-01 09:51:16.752450908+02:00,1569916276752450908,1,bid,0.2700000000000102,84.62,84.65,84.35,3058.562193806,0,3058.562193806,quantile,0.95,0.269999999999996,2019-10-01T09:00:18.190257102+02:00,2019-10-01T09:00:18.190257102+02:00,2019-10-01T17:29:58.552073359+02:00,30580.361816
2019-10-01 09:51:25.064958601+02:00,1569916285064958601,1,bid,0.4300000000000068,84.64,84.67,84.21,3066.874701499,0,3066.874701499,quantile,0.95,0.269999999999996,2019-10-01T09:00:18.190257102+02:00,2019-10-01T09:00:18.190257102+02:00,2019-10-01T17:29:58.552073359+02:00,30580.361816
2019-10-01 09:51:41.962304062+02:00,1569916301962304062,1,bid,0.4399999999999977,84.63,84.65,84.19,3083.77204696,0,3083.77204696,quantile,0.95,0.269999999999996,2019-10-01T09:00:18.190257102+02:00,2019-10-01T09:00:18.190257102+02:00,2019-10-01T17:29:58.552073359+02:00,30580.361816
2019-10-01 09:51:44.018510225+02:00,1569916304018510225,1,bid,0.4400000000000119,84.68,84.69,84.24,3085.828253123,0,3085.828253123,quantile,0.95,0.269999999999996,2019-10-01T09:00:18.190257102+02:00,2019-10-01T09:00:18.190257102+02:00,2019-10-01T17:29:58.552073359+02:00,30580.361816
2019-10-01 09:51:46.139760187+02:00,1569916306139760187,1,bid,0.4500000000000028,84.67,84.69,84.22,3087.949503085,0,3087.949503085,quantile,0.95,0.269999999999996,2019-10-01T09:00:18.190257102+02:00,2019-10-01T09:00:18.190257102+02:00,2019-10-01T17:29:58.552073359+02:00,30580.361816
2019-10-01 09:51:48.007138967+02:00,1569916308007138967,1,bid,0.4599999999999937,84.66,84.69,84.2,3089.816881865,0,3089.816881865,quantile,0.95,0.269999999999996,2019-10-01T09:00:18.190257102+02:00,2019-10-01T09:00:18.190257102+02:00,2019-10-01T17:29:58.552073359+02:00,30580.361816
2019-10-01 09:52:00.948892288+02:00,1569916320948892288,1,bid,0.4500000000000028,84.68,84.7,84.23,3102.758635186,0,3102.758635186,quantile,0.95,0.269999999999996,2019-10-01T09:00:18.190257102+02:00,2019-10-01T09:00:18.190257102+02:00,2019-10-01T17:29:58.552073359+02:00,30580.361816
2019-10-01 09:52:02.955325801+02:00,1569916322955325801,1,bid,0.4500000000000028,84.66,84.69,84.21,3104.765068699,0,3104.765068699,quantile,0.95,0.269999999999996,2019-10-01T09:00:18.190257102+02:00,2019-10-01T09:00:18.190257102+02:00,2019-10-01T17:29:58.552073359+02:00,30580.361816
2019-10-01 09:52:10.951175132+02:00,1569916330951175132,1,bid,0.2700000000000102,84.68,84.7,84.41,3112.76091803,0,3112.76091803,quantile,0.95,0.269999999999996,2019-10-01T09:00:18.190257102+02:00,2019-10-01T09:00:18.190257102+02:00,2019-10-01T17:29:58.552073359+02:00,30580.361816
2019-10-01 09:52:11.496604675+02:00,1569916331496604675,1,bid,9.680000000000009,84.68,84.7,75.0,3113.306347573,0,3113.306347573,quantile,0.95,0.269999999999996,2019-10-01T09:00:18.190257102+02:00,2019-10-01T09:00:18.190257102+02:00,2019-10-01T17:29:58.552073359+02:00,30580.361816
2019-10-01 09:52:24.392910925+02:00,1569916344392910925,1,bid,0.4500000000000028,84.7,84.72,84.25,3126.202653823,0,3126.202653823,quantile,0.95,0.269999999999996,2019-10-01T09:00:18.190257102+02:00,2019-10-01T09:00:18.190257102+02:00,2019-10-01T17:29:58.552073359+02:00,30580.361816
2019-10-01 09:52:33.910171131+02:00,1569916353910171131,1,bid,0.4500000000000028,84.73,84.75,84.28,3135.719914029,0,3135.719914029,quantile,0.95,0.269999999999996,2019-10-01T09:00:18.190257102+02:00,2019-10-01T09:00:18.190257102+02:00,2019-10-01T17:29:58.552073359+02:00,30580.361816
2019-10-01 09:52:41.903666963+02:00,1569916361903666963,1,bid,0.4599999999999937,84.72,84.74,84.26,3143.713409861,0,3143.713409861,quantile,0.95,0.269999999999996,2019-10-01T09:00:18.190257102+02:00,2019-10-01T09:00:18.190257102+02:00,2019-10-01T17:29:58.552073359+02:00,30580.361816
2019-10-01 09:52:51.001601875+02:00,1569916371001601875,1,bid,0.2700000000000102,84.73,84.76,84.46,3152.811344773,0,3152.811344773,quantile,0.95,0.269999999999996,2019-10-01T09:00:18.190257102+02:00,2019-10-01T09:00:18.190257102+02:00,2019-10-01T17:29:58.552073359+02:00,30580.361816
2019-10-01 09:52:54.718751213+02:00,1569916374718751213,1,bid,0.4199999999999875,84.71,84.74,84.29,3156.528494111,0,3156.528494111,quantile,0.95,0.269999999999996,2019-10-01T09:00:18.190257102+02:00,2019-10-01T09:00:18.190257102+02:00,2019-10-01T17:29:58.552073359+02:00,30580.361816
2019-10-01 09:53:11.018181367+02:00,1569916391018181367,1,bid,0.269999999999996,84.75,84.77,84.48,3172.827924265,0,3172.827924265,quantile,0.95,0.269999999999996,2019-10-01T09:00:18.190257102+02:00,2019-10-01T09:00:18.190257102+02:00,2019-10-01T17:29:58.552073359+02:00,30580.361816
2019-10-01 09:53:30.099398106+02:00,1569916410099398106,1,bid,0.4500000000000028,84.77,84.79,84.32,3191.909141004,0,3191.909141004,quantile,0.95,0.269999999999996,2019-10-01T09:00:18.190257102+02:00,2019-10-01T09:00:18.190257102+02:00,2019-10-01T17:29:58.552073359+02:00,30580.361816
2019-10-01 09:53:37.945582007+02:00,1569916417945582007,1,bid,0.4400000000000119,84.79,84.82,84.35,3199.755324905,0,3199.755324905,quantile,0.95,0.269999999999996,2019-10-01T09:00:18.190257102+02:00,2019-10-01T09:00:18.190257102+02:00,2019-10-01T17:29:58.552073359+02:00,30580.361816
2019-10-01 09:53:50.102023227+02:00,1569916430102023227,1,bid,0.269999999999996,84.81,84.83,84.54,3211.911766125,0,3211.911766125,quantile,0.95,0.269999999999996,2019-10-01T09:00:18.190257102+02:00,2019-10-01T09:00:18.190257102+02:00,2019-10-01T17:29:58.552073359+02:00,30580.361816
2019-10-01 09:53:50.145883490+02:00,1569916430145883490,1,bid,0.4600000000000079,84.78,84.8,84.32,3211.955626388,0,3211.955626388,quantile,0.95,0.269999999999996,2019-10-01T09:00:18.190257102+02:00,2019-10-01T09:00:18.190257102+02:00,2019-10-01T17:29:58.552073359+02:00,30580.361816
2019-10-01 09:53:51.862350356+02:00,1569916431862350356,1,bid,0.4600000000000079,84.76,84.8,84.3,3213.672093254,0,3213.672093254,quantile,0.95,0.269999999999996,2019-10-01T09:00:18.190257102+02:00,2019-10-01T09:00:18.190257102+02:00,2019-10-01T17:29:58.552073359+02:00,30580.361816
2019-10-01 09:54:02.298667401+02:00,1569916442298667401,1,bid,0.4300000000000068,84.76,84.8,84.33,3224.108410299,0,3224.108410299,quantile,0.95,0.269999999999996,2019-10-01T09:00:18.190257102+02:00,2019-10-01T09:00:18.190257102+02:00,2019-10-01T17:29:58.552073359+02:00,30580.361816
2019-10-01 09:54:10.101080888+02:00,1569916450101080888,1,bid,0.269999999999996,84.77,84.8,84.5,3231.910823786,0,3231.910823786,quantile,0.95,0.269999999999996,2019-10-01T09:00:18.190257102+02:00,2019-10-01T09:00:18.190257102+02:00,2019-10-01T17:29:58.552073359+02:00,30580.361816
2019-10-01 09:54:10.421473673+02:00,1569916450421473673,1,bid,0.4600000000000079,84.76,84.79,84.3,3232.231216571,0,3232.231216571,quantile,0.95,0.269999999999996,2019-10-01T09:00:18.190257102+02:00,2019-10-01T09:00:18.190257102+02:00,2019-10-01T17:29:58.552073359+02:00,30580.361816
2019-10-01 09:54:10.422526962+02:00,1569916450422526962,1,bid,0.4300000000000068,84.76,84.78,84.33,3232.23226986,0,3232.23226986,quantile,0.95,0.269999999999996,2019-10-01T09:00:18.190257102+02:00,2019-10-01T09:00:18.190257102+02:00,2019-10-01T17:29:58.552073359+02:00,30580.361816
2019-10-01 09:54:10.691675666+02:00,1569916450691675666,1,bid,0.4500000000000028,84.75,84.77,84.3,3232.501418564,0,3232.501418564,quantile,0.95,0.269999999999996,2019-10-01T09:00:18.190257102+02:00,2019-10-01T09:00:18.190257102+02:00,2019-10-01T17:29:58.552073359+02:00,30580.361816
2019-10-01 09:54:10.717547689+02:00,1569916450717547689,1,bid,0.4300000000000068,84.76,84.77,84.33,3232.527290587,0,3232.527290587,quantile,0.95,0.269999999999996,2019-10-01T09:00:18.190257102+02:00,2019-10-01T09:00:18.190257102+02:00,2019-10-01T17:29:58.552073359+02:00,30580.361816
2019-10-01 09:54:10.721098495+02:00,1569916450721098495,1,bid,0.4500000000000028,84.76,84.78,84.31,3232.530841393,0,3232.530841393,quantile,0.95,0.269999999999996,2019-10-01T09:00:18.190257102+02:00,2019-10-01T09:00:18.190257102+02:00,2019-10-01T17:29:58.552073359+02:00,30580.361816
2019-10-01 09:54:13.757471827+02:00,1569916453757471827,1,bid,0.4399999999999977,84.78,84.81,84.34,3235.567214725,0,3235.567214725,quantile,0.95,0.269999999999996,2019-10-01T09:00:18.190257102+02:00,2019-10-01T09:00:18.190257102+02:00,2019-10-01T17:29:58.552073359+02:00,30580.361816
2019-10-01 09:54:17.286554870+02:00,1569916457286554870,1,bid,0.2800000000000011,84.79,84.83,84.51,3239.096297768,0,3239.096297768,quantile,0.95,0.269999999999996,2019-10-01T09:00:18.190257102+02:00,2019-10-01T09:00:18.190257102+02:00,2019-10-01T17:29:58.552073359+02:00,30580.361816
2019-10-01 09:54:17.297060946+02:00,1569916457297060946,1,bid,0.4499999999999886,84.82,84.84,84.37,3239.106803844,0,3239.106803844,quantile,0.95,0.269999999999996,2019-10-01T09:00:18.190257102+02:00,2019-10-01T09:00:18.190257102+02:00,2019-10-01T17:29:58.552073359+02:00,30580.361816
2019-10-01 09:54:40.104543685+02:00,1569916480104543685,1,bid,0.269999999999996,84.81,84.83,84.54,3261.914286583,0,3261.914286583,quantile,0.95,0.269999999999996,2019-10-01T09:00:18.190257102+02:00,2019-10-01T09:00:18.190257102+02:00,2019-10-01T17:29:58.552073359+02:00,30580.361816
2019-10-01 09:54:45.045046414+02:00,1569916485045046414,1,bid,0.4400000000000119,84.79,84.81,84.35,3266.854789312,0,3266.854789312,quantile,0.95,0.269999999999996,2019-10-01T09:00:18.190257102+02:00,2019-10-01T09:00:18.190257102+02:00,2019-10-01T17:29:58.552073359+02:00,30580.361816
2019-10-01 09:54:55.012038068+02:00,1569916495012038068,1,bid,0.4500000000000028,84.83,84.84,84.38,3276.821780966,0,3276.821780966,quantile,0.95,0.269999999999996,2019-10-01T09:00:18.190257102+02:00,2019-10-01T09:00:18.190257102+02:00,2019-10-01T17:29:58.552073359+02:00,30580.361816
2019-10-01 09:54:55.180861803+02:00,1569916495180861803,1,bid,0.7600000000000051,84.84,84.86,84.08,3276.990604701,0,3276.990604701,quantile,0.95,0.269999999999996,2019-10-01T09:00:18.190257102+02:00,2019-10-01T09:00:18.190257102+02:00,2019-10-01T17:29:58.552073359+02:00,30580.361816
2019-10-01 09:55:05.017088910+02:00,1569916505017088910,1,bid,0.2700000000000102,84.84,84.86,84.57,3286.826831808,0,3286.826831808,quantile,0.95,0.269999999999996,2019-10-01T09:00:18.190257102+02:00,2019-10-01T09:00:18.190257102+02:00,2019-10-01T17:29:58.552073359+02:00,30580.361816
2019-10-01 09:55:05.306937781+02:00,1569916505306937781,1,bid,0.4399999999999977,84.85,84.86,84.41,3287.116680679,0,3287.116680679,quantile,0.95,0.269999999999996,2019-10-01T09:00:18.190257102+02:00,2019-10-01T09:00:18.190257102+02:00,2019-10-01T17:29:58.552073359+02:00,30580.361816
2019-10-01 09:55:42.442103523+02:00,1569916542442103523,1,bid,0.4599999999999937,84.85,84.87,84.39,3324.251846421,0,3324.251846421,quantile,0.95,0.269999999999996,2019-10-01T09:00:18.190257102+02:00,2019-10-01T09:00:18.190257102+02:00,2019-10-01T17:29:58.552073359+02:00,30580.361816
2019-10-01 09:55:50.210265600+02:00,1569916550210265600,1,bid,0.8199999999999932,84.83,84.85,84.01,3332.020008498,0,3332.020008498,quantile,0.95,0.269999999999996,2019-10-01T09:00:18.190257102+02:00,2019-10-01T09:00:18.190257102+02:00,2019-10-01T17:29:58.552073359+02:00,30580.361816
2019-10-01 09:55:53.419308279+02:00,1569916553419308279,1,bid,0.4399999999999977,84.81,84.84,84.37,3335.229051177,0,3335.229051177,quantile,0.95,0.269999999999996,2019-10-01T09:00:18.190257102+02:00,2019-10-01T09:00:18.190257102+02:00,2019-10-01T17:29:58.552073359+02:00,30580.361816
2019-10-01 09:56:04.014702451+02:00,1569916564014702451,1,bid,0.4500000000000028,84.8,84.82,84.35,3345.824445349,0,3345.824445349,quantile,0.95,0.269999999999996,2019-10-01T09:00:18.190257102+02:00,2019-10-01T09:00:18.190257102+02:00,2019-10-01T17:29:58.552073359+02:00,30580.361816
2019-10-01 09:56:04.736583739+02:00,1569916564736583739,1,bid,0.4300000000000068,84.81,84.84,84.38,3346.546326637,0,3346.546326637,quantile,0.95,0.269999999999996,2019-10-01T09:00:18.190257102+02:00,2019-10-01T09:00:18.190257102+02:00,2019-10-01T17:29:58.552073359+02:00,30580.361816
2019-10-01 09:56:19.824114873+02:00,1569916579824114873,1,bid,0.4399999999999977,84.85,84.87,84.41,3361.633857771,0,3361.633857771,quantile,0.95,0.269999999999996,2019-10-01T09:00:18.190257102+02:00,2019-10-01T09:00:18.190257102+02:00,2019-10-01T17:29:58.552073359+02:00,30580.361816
2019-10-01 09:56:30.644682088+02:00,1569916590644682088,1,bid,0.4500000000000028,84.84,84.86,84.39,3372.454424986,0,3372.454424986,quantile,0.95,0.269999999999996,2019-10-01T09:00:18.190257102+02:00,2019-10-01T09:00:18.190257102+02:00,2019-10-01T17:29:58.552073359+02:00,30580.361816
2019-10-01 09:56:40.233081633+02:00,1569916600233081633,1,bid,0.4399999999999977,84.87,84.9,84.43,3382.042824531,0,3382.042824531,quantile,0.95,0.269999999999996,2019-10-01T09:00:18.190257102+02:00,2019-10-01T09:00:18.190257102+02:00,2019-10-01T17:29:58.552073359+02:00,30580.361816
2019-10-01 09:56:40.241487048+02:00,1569916600241487048,1,bid,0.4199999999999875,84.85,84.89,84.43,3382.051229946,0,3382.051229946,quantile,0.95,0.269999999999996,2019-10-01T09:00:18.190257102+02:00,2019-10-01T09:00:18.190257102+02:00,2019-10-01T17:29:58.552073359+02:00,30580.361816
2019-10-01 09:56:51.312436838+02:00,1569916611312436838,1,bid,0.2700000000000102,84.87,84.89,84.6,3393.122179736,0,3393.122179736,quantile,0.95,0.269999999999996,2019-10-01T09:00:18.190257102+02:00,2019-10-01T09:00:18.190257102+02:00,2019-10-01T17:29:58.552073359+02:00,30580.361816
2019-10-01 09:57:00.573431851+02:00,1569916620573431851,1,bid,0.6000000000000085,84.87,84.89,84.27,3402.383174749,0,3402.383174749,quantile,0.95,0.269999999999996,2019-10-01T09:00:18.190257102+02:00,2019-10-01T09:00:18.190257102+02:00,2019-10-01T17:29:58.552073359+02:00,30580.361816
2019-10-01 09:57:01.397483152+02:00,1569916621397483152,1,bid,0.4300000000000068,84.89,84.91,84.46,3403.20722605,0,3403.20722605,quantile,0.95,0.269999999999996,2019-10-01T09:00:18.190257102+02:00,2019-10-01T09:00:18.190257102+02:00,2019-10-01T17:29:58.552073359+02:00,30580.361816
2019-10-01 09:57:07.397241509+02:00,1569916627397241509,1,bid,0.8200000000000074,84.9,84.93,84.08,3409.206984407,0,3409.206984407,quantile,0.95,0.269999999999996,2019-10-01T09:00:18.190257102+02:00,2019-10-01T09:00:18.190257102+02:00,2019-10-01T17:29:58.552073359+02:00,30580.361816
2019-10-01 09:57:11.325048328+02:00,1569916631325048328,1,bid,0.2700000000000102,84.9,84.92,84.63,3413.134791226,0,3413.134791226,quantile,0.95,0.269999999999996,2019-10-01T09:00:18.190257102+02:00,2019-10-01T09:00:18.190257102+02:00,2019-10-01T17:29:58.552073359+02:00,30580.361816
2019-10-01 09:57:26.910523583+02:00,1569916646910523583,1,bid,0.4300000000000068,84.92,84.95,84.49,3428.720266481,0,3428.720266481,quantile,0.95,0.269999999999996,2019-10-01T09:00:18.190257102+02:00,2019-10-01T09:00:18.190257102+02:00,2019-10-01T17:29:58.552073359+02:00,30580.361816
2019-10-01 09:57:31.239878006+02:00,1569916651239878006,1,bid,0.4500000000000028,84.91,84.93,84.46,3433.049620904,0,3433.049620904,quantile,0.95,0.269999999999996,2019-10-01T09:00:18.190257102+02:00,2019-10-01T09:00:18.190257102+02:00,2019-10-01T17:29:58.552073359+02:00,30580.361816
2019-10-01 09:57:48.593272891+02:00,1569916668593272891,1,bid,0.4500000000000028,84.89,84.91,84.44,3450.403015789,0,3450.403015789,quantile,0.95,0.269999999999996,2019-10-01T09:00:18.190257102+02:00,2019-10-01T09:00:18.190257102+02:00,2019-10-01T17:29:58.552073359+02:00,30580.361816
2019-10-01 09:57:49.713458575+02:00,1569916669713458575,1,bid,0.4599999999999937,84.88,84.9,84.42,3451.523201473,0,3451.523201473,quantile,0.95,0.269999999999996,2019-10-01T09:00:18.190257102+02:00,2019-10-01T09:00:18.190257102+02:00,2019-10-01T17:29:58.552073359+02:00,30580.361816
2019-10-01 09:58:02.163351928+02:00,1569916682163351928,1,bid,0.7299999999999898,84.88,84.9,84.15,3463.973094826,0,3463.973094826,quantile,0.95,0.269999999999996,2019-10-01T09:00:18.190257102+02:00,2019-10-01T09:00:18.190257102+02:00,2019-10-01T17:29:58.552073359+02:00,30580.361816
2019-10-01 09:58:03.097576348+02:00,1569916683097576348,1,bid,1.5799999999999983,84.88,84.9,83.3,3464.907319246,0,3464.907319246,quantile,0.95,0.269999999999996,2019-10-01T09:00:18.190257102+02:00,2019-10-01T09:00:18.190257102+02:00,2019-10-01T17:29:58.552073359+02:00,30580.361816
2019-10-01 09:58:08.599055100+02:00,1569916688599055100,1,bid,0.269999999999996,84.88,84.9,84.61,3470.408797998,0,3470.408797998,quantile,0.95,0.269999999999996,2019-10-01T09:00:18.190257102+02:00,2019-10-01T09:00:18.190257102+02:00,2019-10-01T17:29:58.552073359+02:00,30580.361816
2019-10-01 09:58:10.638875672+02:00,1569916690638875672,1,bid,0.4500000000000028,84.9,84.91,84.45,3472.44861857,0,3472.44861857,quantile,0.95,0.269999999999996,2019-10-01T09:00:18.190257102+02:00,2019-10-01T09:00:18.190257102+02:00,2019-10-01T17:29:58.552073359+02:00,30580.361816
2019-10-01 09:58:16.451530910+02:00,1569916696451530910,1,bid,0.4500000000000028,84.93,84.95,84.48,3478.261273808,0,3478.261273808,quantile,0.95,0.269999999999996,2019-10-01T09:00:18.190257102+02:00,2019-10-01T09:00:18.190257102+02:00,2019-10-01T17:29:58.552073359+02:00,30580.361816
2019-10-01 09:58:16.734238997+02:00,1569916696734238997,1,bid,0.4599999999999937,84.91,84.92,84.45,3478.543981895,0,3478.543981895,quantile,0.95,0.269999999999996,2019-10-01T09:00:18.190257102+02:00,2019-10-01T09:00:18.190257102+02:00,2019-10-01T17:29:58.552073359+02:00,30580.361816
2019-10-01 09:58:51.101352355+02:00,1569916731101352355,1,bid,0.4500000000000028,84.87,84.89,84.42,3512.911095253,0,3512.911095253,quantile,0.95,0.269999999999996,2019-10-01T09:00:18.190257102+02:00,2019-10-01T09:00:18.190257102+02:00,2019-10-01T17:29:58.552073359+02:00,30580.361816
2019-10-01 09:58:53.165857400+02:00,1569916733165857400,1,bid,0.4499999999999886,84.85,84.87,84.4,3514.975600298,0,3514.975600298,quantile,0.95,0.269999999999996,2019-10-01T09:00:18.190257102+02:00,2019-10-01T09:00:18.190257102+02:00,2019-10-01T17:29:58.552073359+02:00,30580.361816
2019-10-01 09:59:09.911491675+02:00,1569916749911491675,1,bid,0.4399999999999977,84.87,84.9,84.43,3531.721234573,0,3531.721234573,quantile,0.95,0.269999999999996,2019-10-01T09:00:18.190257102+02:00,2019-10-01T09:00:18.190257102+02:00,2019-10-01T17:29:58.552073359+02:00,30580.361816
2019-10-01 09:59:15.047508812+02:00,1569916755047508812,1,bid,0.4400000000000119,84.9,84.92,84.46,3536.85725171,0,3536.85725171,quantile,0.95,0.269999999999996,2019-10-01T09:00:18.190257102+02:00,2019-10-01T09:00:18.190257102+02:00,2019-10-01T17:29:58.552073359+02:00,30580.361816
2019-10-01 09:59:37.098180346+02:00,1569916777098180346,1,bid,0.4599999999999937,84.89,84.92,84.43,3558.907923244,0,3558.907923244,quantile,0.95,0.269999999999996,2019-10-01T09:00:18.190257102+02:00,2019-10-01T09:00:18.190257102+02:00,2019-10-01T17:29:58.552073359+02:00,30580.361816
2019-10-01 09:59:57.101758229+02:00,1569916797101758229,1,bid,0.269999999999996,84.89,84.91,84.62,3578.911501127,0,3578.911501127,quantile,0.95,0.269999999999996,2019-10-01T09:00:18.190257102+02:00,2019-10-01T09:00:18.190257102+02:00,2019-10-01T17:29:58.552073359+02:00,30580.361816
2019-10-01 10:00:05.250672076+02:00,1569916805250672076,1,bid,0.8299999999999983,84.88,84.9,84.05,3587.060414974,0,3587.060414974,quantile,0.95,0.269999999999996,2019-10-01T09:00:18.190257102+02:00,2019-10-01T09:00:18.190257102+02:00,2019-10-01T17:29:58.552073359+02:00,30580.361816
2019-10-01 10:00:07.109115142+02:00,1569916807109115142,1,bid,0.269999999999996,84.88,84.9,84.61,3588.91885804,0,3588.91885804,quantile,0.95,0.269999999999996,2019-10-01T09:00:18.190257102+02:00,2019-10-01T09:00:18.190257102+02:00,2019-10-01T17:29:58.552073359+02:00,30580.361816
2019-10-01 10:00:24.516321817+02:00,1569916824516321817,1,bid,0.4600000000000079,84.87,84.89,84.41,3606.326064715,0,3606.326064715,quantile,0.95,0.269999999999996,2019-10-01T09:00:18.190257102+02:00,2019-10-01T09:00:18.190257102+02:00,2019-10-01T17:29:58.552073359+02:00,30580.361816
2019-10-01 10:00:27.148581979+02:00,1569916827148581979,1,bid,0.4399999999999977,84.83,84.85,84.39,3608.958324877,0,3608.958324877,quantile,0.95,0.269999999999996,2019-10-01T09:00:18.190257102+02:00,2019-10-01T09:00:18.190257102+02:00,2019-10-01T17:29:58.552073359+02:00,30580.361816
2019-10-01 10:00:44.524179535+02:00,1569916844524179535,1,bid,0.2700000000000102,84.84,84.86,84.57,3626.333922433,0,3626.333922433,quantile,0.95,0.269999999999996,2019-10-01T09:00:18.190257102+02:00,2019-10-01T09:00:18.190257102+02:00,2019-10-01T17:29:58.552073359+02:00,30580.361816
2019-10-01 10:00:49.138966474+02:00,1569916849138966474,1,bid,0.4499999999999886,84.82,84.84,84.37,3630.948709372,0,3630.948709372,quantile,0.95,0.269999999999996,2019-10-01T09:00:18.190257102+02:00,2019-10-01T09:00:18.190257102+02:00,2019-10-01T17:29:58.552073359+02:00,30580.361816
2019-10-01 10:00:49.148350234+02:00,1569916849148350234,1,bid,0.4600000000000079,84.81,84.82,84.35,3630.958093132,0,3630.958093132,quantile,0.95,0.269999999999996,2019-10-01T09:00:18.190257102+02:00,2019-10-01T09:00:18.190257102+02:00,2019-10-01T17:29:58.552073359+02:00,30580.361816
2019-10-01 10:00:50.554096898+02:00,1569916850554096898,1,bid,0.4300000000000068,84.81,84.83,84.38,3632.363839796,0,3632.363839796,quantile,0.95,0.269999999999996,2019-10-01T09:00:18.190257102+02:00,2019-10-01T09:00:18.190257102+02:00,2019-10-01T17:29:58.552073359+02:00,30580.361816
2019-10-01 10:00:50.941373655+02:00,1569916850941373655,1,bid,0.4399999999999977,84.8,84.83,84.36,3632.751116553,0,3632.751116553,quantile,0.95,0.269999999999996,2019-10-01T09:00:18.190257102+02:00,2019-10-01T09:00:18.190257102+02:00,2019-10-01T17:29:58.552073359+02:00,30580.361816
2019-10-01 10:00:51.006208435+02:00,1569916851006208435,1,bid,0.4399999999999977,84.78,84.83,84.34,3632.815951333,0,3632.815951333,quantile,0.95,0.269999999999996,2019-10-01T09:00:18.190257102+02:00,2019-10-01T09:00:18.190257102+02:00,2019-10-01T17:29:58.552073359+02:00,30580.361816
2019-10-01 10:00:51.016130555+02:00,1569916851016130555,1,bid,0.269999999999996,84.77,84.81,84.5,3632.825873453,0,3632.825873453,quantile,0.95,0.269999999999996,2019-10-01T09:00:18.190257102+02:00,2019-10-01T09:00:18.190257102+02:00,2019-10-01T17:29:58.552073359+02:00,30580.361816
2019-10-01 10:01:00.046643497+02:00,1569916860046643497,1,bid,0.4399999999999977,84.77,84.79,84.33,3641.856386395,0,3641.856386395,quantile,0.95,0.269999999999996,2019-10-01T09:00:18.190257102+02:00,2019-10-01T09:00:18.190257102+02:00,2019-10-01T17:29:58.552073359+02:00,30580.361816
2019-10-01 10:01:01.049962152+02:00,1569916861049962152,1,bid,0.269999999999996,84.78,84.79,84.51,3642.85970505,0,3642.85970505,quantile,0.95,0.269999999999996,2019-10-01T09:00:18.190257102+02:00,2019-10-01T09:00:18.190257102+02:00,2019-10-01T17:29:58.552073359+02:00,30580.361816
2019-10-01 10:01:08.101093172+02:00,1569916868101093172,1,bid,0.4399999999999977,84.75,84.77,84.31,3649.91083607,0,3649.91083607,quantile,0.95,0.269999999999996,2019-10-01T09:00:18.190257102+02:00,2019-10-01T09:00:18.190257102+02:00,2019-10-01T17:29:58.552073359+02:00,30580.361816
2019-10-01 10:01:14.607219266+02:00,1569916874607219266,1,bid,0.4399999999999977,84.73,84.76,84.29,3656.416962164,0,3656.416962164,quantile,0.95,0.269999999999996,2019-10-01T09:00:18.190257102+02:00,2019-10-01T09:00:18.190257102+02:00,2019-10-01T17:29:58.552073359+02:00,30580.361816
2019-10-01 10:01:17.745269643+02:00,1569916877745269643,1,bid,0.4399999999999977,84.71,84.73,84.27,3659.555012541,0,3659.555012541,quantile,0.95,0.269999999999996,2019-10-01T09:00:18.190257102+02:00,2019-10-01T09:00:18.190257102+02:00,2019-10-01T17:29:58.552073359+02:00,30580.361816
2019-10-01 10:01:32.594529415+02:00,1569916892594529415,1,bid,0.4500000000000028,84.7,84.72,84.25,3674.404272313,0,3674.404272313,quantile,0.95,0.269999999999996,2019-10-01T09:00:18.190257102+02:00,2019-10-01T09:00:18.190257102+02:00,2019-10-01T17:29:58.552073359+02:00,30580.361816
2019-10-01 10:01:51.101376620+02:00,1569916911101376620,1,bid,0.269999999999996,84.69,84.71,84.42,3692.911119518,0,3692.911119518,quantile,0.95,0.269999999999996,2019-10-01T09:00:18.190257102+02:00,2019-10-01T09:00:18.190257102+02:00,2019-10-01T17:29:58.552073359+02:00,30580.361816
2019-10-01 10:02:00.385885967+02:00,1569916920385885967,1,bid,0.5999999999999943,84.69,84.71,84.09,3702.195628865,0,3702.195628865,quantile,0.95,0.269999999999996,2019-10-01T09:00:18.190257102+02:00,2019-10-01T09:00:18.190257102+02:00,2019-10-01T17:29:58.552073359+02:00,30580.361816
2019-10-01 10:02:02.081979876+02:00,1569916922081979876,1,bid,0.4500000000000028,84.68,84.71,84.23,3703.891722774,0,3703.891722774,quantile,0.95,0.269999999999996,2019-10-01T09:00:18.190257102+02:00,2019-10-01T09:00:18.190257102+02:00,2019-10-01T17:29:58.552073359+02:00,30580.361816
2019-10-01 10:02:07.295068487+02:00,1569916927295068487,1,bid,0.8200000000000074,84.67,84.7,83.85,3709.104811385,0,3709.104811385,quantile,0.95,0.269999999999996,2019-10-01T09:00:18.190257102+02:00,2019-10-01T09:00:18.190257102+02:00,2019-10-01T17:29:58.552073359+02:00,30580.361816
2019-10-01 10:02:17.180042688+02:00,1569916937180042688,1,bid,0.4500000000000028,84.66,84.68,84.21,3718.989785586,0,3718.989785586,quantile,0.95,0.269999999999996,2019-10-01T09:00:18.190257102+02:00,2019-10-01T09:00:18.190257102+02:00,2019-10-01T17:29:58.552073359+02:00,30580.361816
2019-10-01 10:02:17.659940768+02:00,1569916937659940768,1,bid,0.4399999999999977,84.63,84.66,84.19,3719.469683666,0,3719.469683666,quantile,0.95,0.269999999999996,2019-10-01T09:00:18.190257102+02:00,2019-10-01T09:00:18.190257102+02:00,2019-10-01T17:29:58.552073359+02:00,30580.361816
2019-10-01 10:02:19.916955999+02:00,1569916939916955999,1,bid,0.4500000000000028,84.62,84.65,84.17,3721.726698897,0,3721.726698897,quantile,0.95,0.269999999999996,2019-10-01T09:00:18.190257102+02:00,2019-10-01T09:00:18.190257102+02:00,2019-10-01T17:29:58.552073359+02:00,30580.361816
2019-10-01 10:02:20.051961054+02:00,1569916940051961054,1,bid,0.269999999999996,84.6,84.65,84.33,3721.861703952,0,3721.861703952,quantile,0.95,0.269999999999996,2019-10-01T09:00:18.190257102+02:00,2019-10-01T09:00:18.190257102+02:00,2019-10-01T17:29:58.552073359+02:00,30580.361816
2019-10-01 10:02:20.052829547+02:00,1569916940052829547,1,bid,0.4599999999999937,84.61,84.63,84.15,3721.862572445,0,3721.862572445,quantile,0.95,0.269999999999996,2019-10-01T09:00:18.190257102+02:00,2019-10-01T09:00:18.190257102+02:00,2019-10-01T17:29:58.552073359+02:00,30580.361816
2019-10-01 10:02:20.587612475+02:00,1569916940587612475,1,bid,0.4200000000000017,84.61,84.64,84.19,3722.397355373,0,3722.397355373,quantile,0.95,0.269999999999996,2019-10-01T09:00:18.190257102+02:00,2019-10-01T09:00:18.190257102+02:00,2019-10-01T17:29:58.552073359+02:00,30580.361816
2019-10-01 10:02:21.183769649+02:00,1569916941183769649,1,bid,0.4500000000000028,84.62,84.65,84.17,3722.993512547,0,3722.993512547,quantile,0.95,0.269999999999996,2019-10-01T09:00:18.190257102+02:00,2019-10-01T09:00:18.190257102+02:00,2019-10-01T17:29:58.552073359+02:00,30580.361816
2019-10-01 10:02:21.185015186+02:00,1569916941185015186,1,bid,0.4699999999999988,84.62,84.63,84.15,3722.994758084,0,3722.994758084,quantile,0.95,0.269999999999996,2019-10-01T09:00:18.190257102+02:00,2019-10-01T09:00:18.190257102+02:00,2019-10-01T17:29:58.552073359+02:00,30580.361816
2019-10-01 10:02:21.567846787+02:00,1569916941567846787,1,bid,0.4399999999999977,84.62,84.65,84.18,3723.377589685,0,3723.377589685,quantile,0.95,0.269999999999996,2019-10-01T09:00:18.190257102+02:00,2019-10-01T09:00:18.190257102+02:00,2019-10-01T17:29:58.552073359+02:00,30580.361816
2019-10-01 10:02:30.594788736+02:00,1569916950594788736,1,bid,0.269999999999996,84.64,84.66,84.37,3732.404531634,0,3732.404531634,quantile,0.95,0.269999999999996,2019-10-01T09:00:18.190257102+02:00,2019-10-01T09:00:18.190257102+02:00,2019-10-01T17:29:58.552073359+02:00,30580.361816
2019-10-01 10:02:39.593992123+02:00,1569916959593992123,1,bid,0.4500000000000028,84.66,84.68,84.21,3741.403735021,0,3741.403735021,quantile,0.95,0.269999999999996,2019-10-01T09:00:18.190257102+02:00,2019-10-01T09:00:18.190257102+02:00,2019-10-01T17:29:58.552073359+02:00,30580.361816
2019-10-01 10:02:53.050781254+02:00,1569916973050781254,1,bid,0.269999999999996,84.63,84.67,84.36,3754.860524152,0,3754.860524152,quantile,0.95,0.269999999999996,2019-10-01T09:00:18.190257102+02:00,2019-10-01T09:00:18.190257102+02:00,2019-10-01T17:29:58.552073359+02:00,30580.361816
2019-10-01 10:02:53.050942881+02:00,1569916973050942881,1,bid,0.4499999999999886,84.63,84.66,84.18,3754.860685779,0,3754.860685779,quantile,0.95,0.269999999999996,2019-10-01T09:00:18.190257102+02:00,2019-10-01T09:00:18.190257102+02:00,2019-10-01T17:29:58.552073359+02:00,30580.361816
2019-10-01 10:03:03.546530097+02:00,1569916983546530097,1,bid,0.4400000000000119,84.65,84.68,84.21,3765.356272995,0,3765.356272995,quantile,0.95,0.269999999999996,2019-10-01T09:00:18.190257102+02:00,2019-10-01T09:00:18.190257102+02:00,2019-10-01T17:29:58.552073359+02:00,30580.361816
2019-10-01 10:03:23.482021656+02:00,1569917003482021656,1,bid,0.4399999999999977,84.67,84.7,84.23,3785.291764554,0,3785.291764554,quantile,0.95,0.269999999999996,2019-10-01T09:00:18.190257102+02:00,2019-10-01T09:00:18.190257102+02:00,2019-10-01T17:29:58.552073359+02:00,30580.361816
2019-10-01 10:03:26.273864715+02:00,1569917006273864715,1,bid,0.4500000000000028,84.66,84.68,84.21,3788.083607613,0,3788.083607613,quantile,0.95,0.269999999999996,2019-10-01T09:00:18.190257102+02:00,2019-10-01T09:00:18.190257102+02:00,2019-10-01T17:29:58.552073359+02:00,30580.361816
2019-10-01 10:03:32.704962126+02:00,1569917012704962126,1,bid,0.4400000000000119,84.68,84.7,84.24,3794.514705024,0,3794.514705024,quantile,0.95,0.269999999999996,2019-10-01T09:00:18.190257102+02:00,2019-10-01T09:00:18.190257102+02:00,2019-10-01T17:29:58.552073359+02:00,30580.361816
2019-10-01 10:03:33.551934033+02:00,1569917013551934033,1,bid,0.2700000000000102,84.68,84.7,84.41,3795.361676931,0,3795.361676931,quantile,0.95,0.269999999999996,2019-10-01T09:00:18.190257102+02:00,2019-10-01T09:00:18.190257102+02:00,2019-10-01T17:29:58.552073359+02:00,30580.361816
2019-10-01 10:03:36.253288489+02:00,1569917016253288489,1,bid,0.4600000000000079,84.67,84.69,84.21,3798.063031387,0,3798.063031387,quantile,0.95,0.269999999999996,2019-10-01T09:00:18.190257102+02:00,2019-10-01T09:00:18.190257102+02:00,2019-10-01T17:29:58.552073359+02:00,30580.361816
2019-10-01 10:03:36.359573356+02:00,1569917016359573356,1,bid,0.4500000000000028,84.64,84.67,84.19,3798.169316254,0,3798.169316254,quantile,0.95,0.269999999999996,2019-10-01T09:00:18.190257102+02:00,2019-10-01T09:00:18.190257102+02:00,2019-10-01T17:29:58.552073359+02:00,30580.361816
2019-10-01 10:04:23.601652765+02:00,1569917063601652765,1,bid,0.269999999999996,84.63,84.66,84.36,3845.411395663,0,3845.411395663,quantile,0.95,0.269999999999996,2019-10-01T09:00:18.190257102+02:00,2019-10-01T09:00:18.190257102+02:00,2019-10-01T17:29:58.552073359+02:00,30580.361816
2019-10-01 10:04:59.557965567+02:00,1569917099557965567,1,bid,0.4300000000000068,84.65,84.67,84.22,3881.367708465,0,3881.367708465,quantile,0.95,0.269999999999996,2019-10-01T09:00:18.190257102+02:00,2019-10-01T09:00:18.190257102+02:00,2019-10-01T17:29:58.552073359+02:00,30580.361816
2019-10-01 10:05:01.055288692+02:00,1569917101055288692,1,bid,0.4499999999999886,84.63,84.65,84.18,3882.86503159,0,3882.86503159,quantile,0.95,0.269999999999996,2019-10-01T09:00:18.190257102+02:00,2019-10-01T09:00:18.190257102+02:00,2019-10-01T17:29:58.552073359+02:00,30580.361816
2019-10-01 10:05:11.568239976+02:00,1569917111568239976,1,bid,0.4599999999999937,84.61,84.64,84.15,3893.377982874,0,3893.377982874,quantile,0.95,0.269999999999996,2019-10-01T09:00:18.190257102+02:00,2019-10-01T09:00:18.190257102+02:00,2019-10-01T17:29:58.552073359+02:00,30580.361816
2019-10-01 10:05:15.660085821+02:00,1569917115660085821,1,bid,0.4099999999999966,84.6,84.64,84.19,3897.469828719,0,3897.469828719,quantile,0.95,0.269999999999996,2019-10-01T09:00:18.190257102+02:00,2019-10-01T09:00:18.190257102+02:00,2019-10-01T17:29:58.552073359+02:00,30580.361816
2019-10-01 10:05:15.661074386+02:00,1569917115661074386,1,bid,0.4399999999999977,84.61,84.63,84.17,3897.470817284,0,3897.470817284,quantile,0.95,0.269999999999996,2019-10-01T09:00:18.190257102+02:00,2019-10-01T09:00:18.190257102+02:00,2019-10-01T17:29:58.552073359+02:00,30580.361816
2019-10-01 10:05:29.714680709+02:00,1569917129714680709,1,bid,0.4499999999999886,84.6,84.63,84.15,3911.524423607,0,3911.524423607,quantile,0.95,0.269999999999996,2019-10-01T09:00:18.190257102+02:00,2019-10-01T09:00:18.190257102+02:00,2019-10-01T17:29:58.552073359+02:00,30580.361816
2019-10-01 10:05:29.715762298+02:00,1569917129715762298,1,bid,0.4600000000000079,84.59,84.6,84.13,3911.525505196,0,3911.525505196,quantile,0.95,0.269999999999996,2019-10-01T09:00:18.190257102+02:00,2019-10-01T09:00:18.190257102+02:00,2019-10-01T17:29:58.552073359+02:00,30580.361816
2019-10-01 10:05:29.716099602+02:00,1569917129716099602,1,bid,0.5999999999999943,84.58,84.6,83.98,3911.5258425,0,3911.5258425,quantile,0.95,0.269999999999996,2019-10-01T09:00:18.190257102+02:00,2019-10-01T09:00:18.190257102+02:00,2019-10-01T17:29:58.552073359+02:00,30580.361816
2019-10-01 10:05:29.886382346+02:00,1569917129886382346,1,bid,0.4200000000000017,84.59,84.62,84.17,3911.696125244,0,3911.696125244,quantile,0.95,0.269999999999996,2019-10-01T09:00:18.190257102+02:00,2019-10-01T09:00:18.190257102+02:00,2019-10-01T17:29:58.552073359+02:00,30580.361816
2019-10-01 10:05:35.939406677+02:00,1569917135939406677,1,bid,0.4399999999999977,84.6,84.62,84.16,3917.749149575,0,3917.749149575,quantile,0.95,0.269999999999996,2019-10-01T09:00:18.190257102+02:00,2019-10-01T09:00:18.190257102+02:00,2019-10-01T17:29:58.552073359+02:00,30580.361816
2019-10-01 10:05:45.091403981+02:00,1569917145091403981,1,bid,0.4500000000000028,84.59,84.6,84.14,3926.901146879,0,3926.901146879,quantile,0.95,0.269999999999996,2019-10-01T09:00:18.190257102+02:00,2019-10-01T09:00:18.190257102+02:00,2019-10-01T17:29:58.552073359+02:00,30580.361816
2019-10-01 10:05:46.886384868+02:00,1569917146886384868,1,bid,0.4200000000000017,84.58,84.59,84.16,3928.696127766,0,3928.696127766,quantile,0.95,0.269999999999996,2019-10-01T09:00:18.190257102+02:00,2019-10-01T09:00:18.190257102+02:00,2019-10-01T17:29:58.552073359+02:00,30580.361816
2019-10-01 10:05:47.503377910+02:00,1569917147503377910,1,bid,0.4499999999999886,84.57,84.58,84.12,3929.313120808,0,3929.313120808,quantile,0.95,0.269999999999996,2019-10-01T09:00:18.190257102+02:00,2019-10-01T09:00:18.190257102+02:00,2019-10-01T17:29:58.552073359+02:00,30580.361816
2019-10-01 10:05:47.886383116+02:00,1569917147886383116,1,bid,0.4199999999999875,84.57,84.58,84.15,3929.696126014,0,3929.696126014,quantile,0.95,0.269999999999996,2019-10-01T09:00:18.190257102+02:00,2019-10-01T09:00:18.190257102+02:00,2019-10-01T17:29:58.552073359+02:00,30580.361816
2019-10-01 10:05:48.631285589+02:00,1569917148631285589,1,bid,0.8400000000000034,84.56,84.57,83.72,3930.441028487,0,3930.441028487,quantile,0.95,0.269999999999996,2019-10-01T09:00:18.190257102+02:00,2019-10-01T09:00:18.190257102+02:00,2019-10-01T17:29:58.552073359+02:00,30580.361816
2019-10-01 10:05:48.886383300+02:00,1569917148886383300,1,bid,0.4200000000000017,84.56,84.57,84.14,3930.696126198,0,3930.696126198,quantile,0.95,0.269999999999996,2019-10-01T09:00:18.190257102+02:00,2019-10-01T09:00:18.190257102+02:00,2019-10-01T17:29:58.552073359+02:00,30580.361816
2019-10-01 10:05:54.061065967+02:00,1569917154061065967,1,bid,0.4399999999999977,84.59,84.62,84.15,3935.870808865,0,3935.870808865,quantile,0.95,0.269999999999996,2019-10-01T09:00:18.190257102+02:00,2019-10-01T09:00:18.190257102+02:00,2019-10-01T17:29:58.552073359+02:00,30580.361816
2019-10-01 10:06:03.472203604+02:00,1569917163472203604,1,bid,0.4500000000000028,84.58,84.61,84.13,3945.281946502,0,3945.281946502,quantile,0.95,0.269999999999996,2019-10-01T09:00:18.190257102+02:00,2019-10-01T09:00:18.190257102+02:00,2019-10-01T17:29:58.552073359+02:00,30580.361816
2019-10-01 10:06:19.587040347+02:00,1569917179587040347,1,bid,0.269999999999996,84.58,84.59,84.31,3961.396783245,0,3961.396783245,quantile,0.95,0.269999999999996,2019-10-01T09:00:18.190257102+02:00,2019-10-01T09:00:18.190257102+02:00,2019-10-01T17:29:58.552073359+02:00,30580.361816
2019-10-01 10:06:29.601478315+02:00,1569917189601478315,1,bid,0.269999999999996,84.57,84.59,84.3,3971.411221213,0,3971.411221213,quantile,0.95,0.269999999999996,2019-10-01T09:00:18.190257102+02:00,2019-10-01T09:00:18.190257102+02:00,2019-10-01T17:29:58.552073359+02:00,30580.361816
2019-10-01 10:06:52.574074101+02:00,1569917212574074101,1,bid,0.2700000000000102,84.59,84.61,84.32,3994.383816999,0,3994.383816999,quantile,0.95,0.269999999999996,2019-10-01T09:00:18.190257102+02:00,2019-10-01T09:00:18.190257102+02:00,2019-10-01T17:29:58.552073359+02:00,30580.361816
2019-10-01 10:07:22.166454188+02:00,1569917242166454188,1,bid,0.4400000000000119,84.54,84.58,84.1,4023.976197086,0,4023.976197086,quantile,0.95,0.269999999999996,2019-10-01T09:00:18.190257102+02:00,2019-10-01T09:00:18.190257102+02:00,2019-10-01T17:29:58.552073359+02:00,30580.361816
2019-10-01 10:07:22.248405346+02:00,1569917242248405346,1,bid,0.4399999999999977,84.57,84.6,84.13,4024.058148244,0,4024.058148244,quantile,0.95,0.269999999999996,2019-10-01T09:00:18.190257102+02:00,2019-10-01T09:00:18.190257102+02:00,2019-10-01T17:29:58.552073359+02:00,30580.361816
2019-10-01 10:07:33.760044445+02:00,1569917253760044445,1,bid,0.4600000000000079,84.56,84.58,84.1,4035.569787343,0,4035.569787343,quantile,0.95,0.269999999999996,2019-10-01T09:00:18.190257102+02:00,2019-10-01T09:00:18.190257102+02:00,2019-10-01T17:29:58.552073359+02:00,30580.361816
2019-10-01 10:07:33.886393609+02:00,1569917253886393609,1,bid,0.4200000000000017,84.55,84.57,84.13,4035.696136507,0,4035.696136507,quantile,0.95,0.269999999999996,2019-10-01T09:00:18.190257102+02:00,2019-10-01T09:00:18.190257102+02:00,2019-10-01T17:29:58.552073359+02:00,30580.361816
2019-10-01 10:07:34.886391428+02:00,1569917254886391428,1,bid,0.4200000000000017,84.54,84.57,84.12,4036.696134326,0,4036.696134326,quantile,0.95,0.269999999999996,2019-10-01T09:00:18.190257102+02:00,2019-10-01T09:00:18.190257102+02:00,2019-10-01T17:29:58.552073359+02:00,30580.361816
2019-10-01 10:07:48.886395125+02:00,1569917268886395125,1,bid,0.4200000000000017,84.53,84.55,84.11,4050.696138023,0,4050.696138023,quantile,0.95,0.269999999999996,2019-10-01T09:00:18.190257102+02:00,2019-10-01T09:00:18.190257102+02:00,2019-10-01T17:29:58.552073359+02:00,30580.361816
2019-10-01 10:07:49.915068803+02:00,1569917269915068803,1,bid,0.4500000000000028,84.52,84.54,84.07,4051.724811701,0,4051.724811701,quantile,0.95,0.269999999999996,2019-10-01T09:00:18.190257102+02:00,2019-10-01T09:00:18.190257102+02:00,2019-10-01T17:29:58.552073359+02:00,30580.361816
2019-10-01 10:07:50.005361916+02:00,1569917270005361916,1,bid,0.4400000000000119,84.54,84.55,84.1,4051.815104814,0,4051.815104814,quantile,0.95,0.269999999999996,2019-10-01T09:00:18.190257102+02:00,2019-10-01T09:00:18.190257102+02:00,2019-10-01T17:29:58.552073359+02:00,30580.361816
2019-10-01 10:07:52.191254312+02:00,1569917272191254312,1,bid,0.269999999999996,84.55,84.57,84.28,4054.00099721,0,4054.00099721,quantile,0.95,0.269999999999996,2019-10-01T09:00:18.190257102+02:00,2019-10-01T09:00:18.190257102+02:00,2019-10-01T17:29:58.552073359+02:00,30580.361816
2019-10-01 10:08:00.018145417+02:00,1569917280018145417,1,bid,0.4500000000000028,84.52,84.54,84.07,4061.827888315,0,4061.827888315,quantile,0.95,0.269999999999996,2019-10-01T09:00:18.190257102+02:00,2019-10-01T09:00:18.190257102+02:00,2019-10-01T17:29:58.552073359+02:00,30580.361816
2019-10-01 10:08:00.886396301+02:00,1569917280886396301,1,bid,0.4100000000000108,84.51,84.54,84.1,4062.696139199,0,4062.696139199,quantile,0.95,0.269999999999996,2019-10-01T09:00:18.190257102+02:00,2019-10-01T09:00:18.190257102+02:00,2019-10-01T17:29:58.552073359+02:00,30580.361816
2019-10-01 10:08:01.886399529+02:00,1569917281886399529,1,bid,0.4200000000000017,84.51,84.54,84.09,4063.696142427,0,4063.696142427,quantile,0.95,0.269999999999996,2019-10-01T09:00:18.190257102+02:00,2019-10-01T09:00:18.190257102+02:00,2019-10-01T17:29:58.552073359+02:00,30580.361816
2019-10-01 10:08:06.378765432+02:00,1569917286378765432,1,bid,0.4599999999999937,84.49,84.52,84.03,4068.18850833,0,4068.18850833,quantile,0.95,0.269999999999996,2019-10-01T09:00:18.190257102+02:00,2019-10-01T09:00:18.190257102+02:00,2019-10-01T17:29:58.552073359+02:00,30580.361816
2019-10-01 10:08:06.381373320+02:00,1569917286381373320,1,bid,0.5999999999999943,84.47,84.5,83.87,4068.191116218,0,4068.191116218,quantile,0.95,0.269999999999996,2019-10-01T09:00:18.190257102+02:00,2019-10-01T09:00:18.190257102+02:00,2019-10-01T17:29:58.552073359+02:00,30580.361816
2019-10-01 10:08:06.886397070+02:00,1569917286886397070,1,bid,0.4099999999999966,84.49,84.51,84.08,4068.696139968,0,4068.696139968,quantile,0.95,0.269999999999996,2019-10-01T09:00:18.190257102+02:00,2019-10-01T09:00:18.190257102+02:00,2019-10-01T17:29:58.552073359+02:00,30580.361816
2019-10-01 10:08:07.886400870+02:00,1569917287886400870,1,bid,0.4200000000000017,84.49,84.51,84.07,4069.696143768,0,4069.696143768,quantile,0.95,0.269999999999996,2019-10-01T09:00:18.190257102+02:00,2019-10-01T09:00:18.190257102+02:00,2019-10-01T17:29:58.552073359+02:00,30580.361816
2019-10-01 10:08:10.886399763+02:00,1569917290886399763,1,bid,0.4099999999999966,84.47,84.5,84.06,4072.696142661,0,4072.696142661,quantile,0.95,0.269999999999996,2019-10-01T09:00:18.190257102+02:00,2019-10-01T09:00:18.190257102+02:00,2019-10-01T17:29:58.552073359+02:00,30580.361816
2019-10-01 10:08:12.501858873+02:00,1569917292501858873,1,bid,0.4500000000000028,84.51,84.54,84.06,4074.311601771,0,4074.311601771,quantile,0.95,0.269999999999996,2019-10-01T09:00:18.190257102+02:00,2019-10-01T09:00:18.190257102+02:00,2019-10-01T17:29:58.552073359+02:00,30580.361816
2019-10-01 10:08:29.670533802+02:00,1569917309670533802,1,bid,0.4399999999999977,84.48,84.5,84.04,4091.4802767,0,4091.4802767,quantile,0.95,0.269999999999996,2019-10-01T09:00:18.190257102+02:00,2019-10-01T09:00:18.190257102+02:00,2019-10-01T17:29:58.552073359+02:00,30580.361816
2019-10-01 10:08:42.204496503+02:00,1569917322204496503,1,bid,0.269999999999996,84.49,84.5,84.22,4104.014239401,0,4104.014239401,quantile,0.95,0.269999999999996,2019-10-01T09:00:18.190257102+02:00,2019-10-01T09:00:18.190257102+02:00,2019-10-01T17:29:58.552073359+02:00,30580.361816
2019-10-01 10:08:59.886402529+02:00,1569917339886402529,1,bid,0.4099999999999966,84.46,84.48,84.05,4121.696145427,0,4121.696145427,quantile,0.95,0.269999999999996,2019-10-01T09:00:18.190257102+02:00,2019-10-01T09:00:18.190257102+02:00,2019-10-01T17:29:58.552073359+02:00,30580.361816
2019-10-01 10:09:01.208014868+02:00,1569917341208014868,1,bid,0.4499999999999886,84.46,84.48,84.01,4123.017757766,0,4123.017757766,quantile,0.95,0.269999999999996,2019-10-01T09:00:18.190257102+02:00,2019-10-01T09:00:18.190257102+02:00,2019-10-01T17:29:58.552073359+02:00,30580.361816
2019-10-01 10:09:01.886399266+02:00,1569917341886399266,1,bid,0.4199999999999875,84.46,84.48,84.04,4123.696142164,0,4123.696142164,quantile,0.95,0.269999999999996,2019-10-01T09:00:18.190257102+02:00,2019-10-01T09:00:18.190257102+02:00,2019-10-01T17:29:58.552073359+02:00,30580.361816
2019-10-01 10:09:02.595230294+02:00,1569917342595230294,1,bid,0.4599999999999937,84.44,84.46,83.98,4124.404973192,0,4124.404973192,quantile,0.95,0.269999999999996,2019-10-01T09:00:18.190257102+02:00,2019-10-01T09:00:18.190257102+02:00,2019-10-01T17:29:58.552073359+02:00,30580.361816
2019-10-01 10:09:02.886405610+02:00,1569917342886405610,1,bid,0.4099999999999966,84.44,84.46,84.03,4124.696148508,0,4124.696148508,quantile,0.95,0.269999999999996,2019-10-01T09:00:18.190257102+02:00,2019-10-01T09:00:18.190257102+02:00,2019-10-01T17:29:58.552073359+02:00,30580.361816
2019-10-01 10:09:08.717153+02:00,1569917348717153000,1,bid,0.4500000000000028,84.47,84.5,84.02,4130.526895898,0,4130.526895898,quantile,0.95,0.269999999999996,2019-10-01T09:00:18.190257102+02:00,2019-10-01T09:00:18.190257102+02:00,2019-10-01T17:29:58.552073359+02:00,30580.361816
2019-10-01 10:09:24.045004282+02:00,1569917364045004282,1,bid,0.4399999999999977,84.44,84.48,84.0,4145.85474718,0,4145.85474718,quantile,0.95,0.269999999999996,2019-10-01T09:00:18.190257102+02:00,2019-10-01T09:00:18.190257102+02:00,2019-10-01T17:29:58.552073359+02:00,30580.361816
2019-10-01 10:09:31.029612969+02:00,1569917371029612969,1,bid,0.4399999999999977,84.47,84.49,84.03,4152.839355867,0,4152.839355867,quantile,0.95,0.269999999999996,2019-10-01T09:00:18.190257102+02:00,2019-10-01T09:00:18.190257102+02:00,2019-10-01T17:29:58.552073359+02:00,30580.361816
2019-10-01 10:09:40.218404875+02:00,1569917380218404875,1,bid,0.4399999999999977,84.5,84.52,84.06,4162.028147773,0,4162.028147773,quantile,0.95,0.269999999999996,2019-10-01T09:00:18.190257102+02:00,2019-10-01T09:00:18.190257102+02:00,2019-10-01T17:29:58.552073359+02:00,30580.361816
2019-10-01 10:09:58.851272771+02:00,1569917398851272771,1,bid,0.4399999999999977,84.46,84.49,84.02,4180.661015669,0,4180.661015669,quantile,0.95,0.269999999999996,2019-10-01T09:00:18.190257102+02:00,2019-10-01T09:00:18.190257102+02:00,2019-10-01T17:29:58.552073359+02:00,30580.361816
2019-10-01 10:10:18.851546558+02:00,1569917418851546558,1,bid,0.269999999999996,84.46,84.49,84.19,4200.661289456,0,4200.661289456,quantile,0.95,0.269999999999996,2019-10-01T09:00:18.190257102+02:00,2019-10-01T09:00:18.190257102+02:00,2019-10-01T17:29:58.552073359+02:00,30580.361816
2019-10-01 10:10:19.006046574+02:00,1569917419006046574,1,bid,0.4500000000000028,84.45,84.47,84.0,4200.815789472,0,4200.815789472,quantile,0.95,0.269999999999996,2019-10-01T09:00:18.190257102+02:00,2019-10-01T09:00:18.190257102+02:00,2019-10-01T17:29:58.552073359+02:00,30580.361816
2019-10-01 10:10:24.855917457+02:00,1569917424855917457,1,bid,0.4299999999999926,84.46,84.48,84.03,4206.665660355,0,4206.665660355,quantile,0.95,0.269999999999996,2019-10-01T09:00:18.190257102+02:00,2019-10-01T09:00:18.190257102+02:00,2019-10-01T17:29:58.552073359+02:00,30580.361816
2019-10-01 10:10:55.515971745+02:00,1569917455515971745,1,bid,0.4500000000000028,84.51,84.52,84.06,4237.325714643,0,4237.325714643,quantile,0.95,0.269999999999996,2019-10-01T09:00:18.190257102+02:00,2019-10-01T09:00:18.190257102+02:00,2019-10-01T17:29:58.552073359+02:00,30580.361816
2019-10-01 10:10:57.788537149+02:00,1569917457788537149,1,bid,0.269999999999996,84.5,84.51,84.23,4239.598280047,0,4239.598280047,quantile,0.95,0.269999999999996,2019-10-01T09:00:18.190257102+02:00,2019-10-01T09:00:18.190257102+02:00,2019-10-01T17:29:58.552073359+02:00,30580.361816
2019-10-01 10:10:58.469510205+02:00,1569917458469510205,1,bid,0.4499999999999886,84.49,84.51,84.04,4240.279253103,0,4240.279253103,quantile,0.95,0.269999999999996,2019-10-01T09:00:18.190257102+02:00,2019-10-01T09:00:18.190257102+02:00,2019-10-01T17:29:58.552073359+02:00,30580.361816
2019-10-01 10:10:58.475045681+02:00,1569917458475045681,1,bid,0.4600000000000079,84.48,84.5,84.02,4240.284788579,0,4240.284788579,quantile,0.95,0.269999999999996,2019-10-01T09:00:18.190257102+02:00,2019-10-01T09:00:18.190257102+02:00,2019-10-01T17:29:58.552073359+02:00,30580.361816
2019-10-01 10:11:00.028324600+02:00,1569917460028324600,1,bid,0.4399999999999977,84.5,84.51,84.06,4241.838067498,0,4241.838067498,quantile,0.95,0.269999999999996,2019-10-01T09:00:18.190257102+02:00,2019-10-01T09:00:18.190257102+02:00,2019-10-01T17:29:58.552073359+02:00,30580.361816
2019-10-01 10:11:00.127414925+02:00,1569917460127414925,1,bid,0.4599999999999937,84.5,84.51,84.04,4241.937157823,0,4241.937157823,quantile,0.95,0.269999999999996,2019-10-01T09:00:18.190257102+02:00,2019-10-01T09:00:18.190257102+02:00,2019-10-01T17:29:58.552073359+02:00,30580.361816
2019-10-01 10:11:08.667121156+02:00,1569917468667121156,1,bid,0.4400000000000119,84.51,84.53,84.07,4250.476864054,0,4250.476864054,quantile,0.95,0.269999999999996,2019-10-01T09:00:18.190257102+02:00,2019-10-01T09:00:18.190257102+02:00,2019-10-01T17:29:58.552073359+02:00,30580.361816
2019-10-01 10:11:14.629736938+02:00,1569917474629736938,1,bid,0.4400000000000119,84.54,84.55,84.1,4256.439479836,0,4256.439479836,quantile,0.95,0.269999999999996,2019-10-01T09:00:18.190257102+02:00,2019-10-01T09:00:18.190257102+02:00,2019-10-01T17:29:58.552073359+02:00,30580.361816
2019-10-01 10:11:16.250742882+02:00,1569917476250742882,1,bid,0.4500000000000028,84.53,84.55,84.08,4258.06048578,0,4258.06048578,quantile,0.95,0.269999999999996,2019-10-01T09:00:18.190257102+02:00,2019-10-01T09:00:18.190257102+02:00,2019-10-01T17:29:58.552073359+02:00,30580.361816
2019-10-01 10:11:27.015674347+02:00,1569917487015674347,1,bid,0.4399999999999977,84.55,84.57,84.11,4268.825417245,0,4268.825417245,quantile,0.95,0.269999999999996,2019-10-01T09:00:18.190257102+02:00,2019-10-01T09:00:18.190257102+02:00,2019-10-01T17:29:58.552073359+02:00,30580.361816
2019-10-01 10:11:48.671803384+02:00,1569917508671803384,1,bid,0.269999999999996,84.57,84.6,84.3,4290.481546282,0,4290.481546282,quantile,0.95,0.269999999999996,2019-10-01T09:00:18.190257102+02:00,2019-10-01T09:00:18.190257102+02:00,2019-10-01T17:29:58.552073359+02:00,30580.361816
2019-10-01 10:11:58.552578943+02:00,1569917518552578943,1,bid,0.4500000000000028,84.54,84.56,84.09,4300.362321841,0,4300.362321841,quantile,0.95,0.269999999999996,2019-10-01T09:00:18.190257102+02:00,2019-10-01T09:00:18.190257102+02:00,2019-10-01T17:29:58.552073359+02:00,30580.361816
2019-10-01 10:12:02.842846490+02:00,1569917522842846490,1,bid,0.4499999999999886,84.57,84.59,84.12,4304.652589388,0,4304.652589388,quantile,0.95,0.269999999999996,2019-10-01T09:00:18.190257102+02:00,2019-10-01T09:00:18.190257102+02:00,2019-10-01T17:29:58.552073359+02:00,30580.361816
2019-10-01 10:12:09.283543115+02:00,1569917529283543115,1,bid,0.5899999999999892,84.57,84.59,83.98,4311.093286013,0,4311.093286013,quantile,0.95,0.269999999999996,2019-10-01T09:00:18.190257102+02:00,2019-10-01T09:00:18.190257102+02:00,2019-10-01T17:29:58.552073359+02:00,30580.361816
2019-10-01 10:12:11.074226785+02:00,1569917531074226785,1,bid,0.4399999999999977,84.59,84.6,84.15,4312.883969683,0,4312.883969683,quantile,0.95,0.269999999999996,2019-10-01T09:00:18.190257102+02:00,2019-10-01T09:00:18.190257102+02:00,2019-10-01T17:29:58.552073359+02:00,30580.361816
2019-10-01 10:12:28.705770094+02:00,1569917548705770094,1,bid,0.2700000000000102,84.59,84.61,84.32,4330.515512992,0,4330.515512992,quantile,0.95,0.269999999999996,2019-10-01T09:00:18.190257102+02:00,2019-10-01T09:00:18.190257102+02:00,2019-10-01T17:29:58.552073359+02:00,30580.361816
2019-10-01 10:12:48.169741293+02:00,1569917568169741293,1,bid,0.269999999999996,84.58,84.61,84.31,4349.979484191,0,4349.979484191,quantile,0.95,0.269999999999996,2019-10-01T09:00:18.190257102+02:00,2019-10-01T09:00:18.190257102+02:00,2019-10-01T17:29:58.552073359+02:00,30580.361816
2019-10-01 10:13:21.152458720+02:00,1569917601152458720,1,bid,0.269999999999996,84.6,84.63,84.33,4382.962201618,0,4382.962201618,quantile,0.95,0.269999999999996,2019-10-01T09:00:18.190257102+02:00,2019-10-01T09:00:18.190257102+02:00,2019-10-01T17:29:58.552073359+02:00,30580.361816
2019-10-01 10:13:49.746098974+02:00,1569917629746098974,1,bid,0.4499999999999886,84.63,84.64,84.18,4411.555841872,0,4411.555841872,quantile,0.95,0.269999999999996,2019-10-01T09:00:18.190257102+02:00,2019-10-01T09:00:18.190257102+02:00,2019-10-01T17:29:58.552073359+02:00,30580.361816
2019-10-01 10:13:57.918113897+02:00,1569917637918113897,1,bid,0.269999999999996,84.63,84.65,84.36,4419.727856795,0,4419.727856795,quantile,0.95,0.269999999999996,2019-10-01T09:00:18.190257102+02:00,2019-10-01T09:00:18.190257102+02:00,2019-10-01T17:29:58.552073359+02:00,30580.361816
2019-10-01 10:13:58.807294673+02:00,1569917638807294673,1,bid,1.7299999999999898,84.63,84.65,82.9,4420.617037571,0,4420.617037571,quantile,0.95,0.269999999999996,2019-10-01T09:00:18.190257102+02:00,2019-10-01T09:00:18.190257102+02:00,2019-10-01T17:29:58.552073359+02:00,30580.361816
2019-10-01 10:14:03.428375298+02:00,1569917643428375298,1,bid,0.4500000000000028,84.61,84.63,84.16,4425.238118196,0,4425.238118196,quantile,0.95,0.269999999999996,2019-10-01T09:00:18.190257102+02:00,2019-10-01T09:00:18.190257102+02:00,2019-10-01T17:29:58.552073359+02:00,30580.361816
2019-10-01 10:14:17.926706655+02:00,1569917657926706655,1,bid,0.269999999999996,84.6,84.63,84.33,4439.736449553,0,4439.736449553,quantile,0.95,0.269999999999996,2019-10-01T09:00:18.190257102+02:00,2019-10-01T09:00:18.190257102+02:00,2019-10-01T17:29:58.552073359+02:00,30580.361816
2019-10-01 10:15:04.079171091+02:00,1569917704079171091,1,bid,0.4600000000000079,84.59,84.61,84.13,4485.888913989,0,4485.888913989,quantile,0.95,0.269999999999996,2019-10-01T09:00:18.190257102+02:00,2019-10-01T09:00:18.190257102+02:00,2019-10-01T17:29:58.552073359+02:00,30580.361816
2019-10-01 10:15:21.824196860+02:00,1569917721824196860,1,bid,0.4599999999999937,84.57,84.59,84.11,4503.633939758,0,4503.633939758,quantile,0.95,0.269999999999996,2019-10-01T09:00:18.190257102+02:00,2019-10-01T09:00:18.190257102+02:00,2019-10-01T17:29:58.552073359+02:00,30580.361816
2019-10-01 10:15:22.121809425+02:00,1569917722121809425,1,bid,0.4399999999999977,84.58,84.6,84.14,4503.931552323,0,4503.931552323,quantile,0.95,0.269999999999996,2019-10-01T09:00:18.190257102+02:00,2019-10-01T09:00:18.190257102+02:00,2019-10-01T17:29:58.552073359+02:00,30580.361816
2019-10-01 10:15:22.221687072+02:00,1569917722221687072,1,bid,0.4599999999999937,84.58,84.6,84.12,4504.03142997,0,4504.03142997,quantile,0.95,0.269999999999996,2019-10-01T09:00:18.190257102+02:00,2019-10-01T09:00:18.190257102+02:00,2019-10-01T17:29:58.552073359+02:00,30580.361816
2019-10-01 10:15:24.087712596+02:00,1569917724087712596,1,bid,0.269999999999996,84.58,84.6,84.31,4505.897455494,0,4505.897455494,quantile,0.95,0.269999999999996,2019-10-01T09:00:18.190257102+02:00,2019-10-01T09:00:18.190257102+02:00,2019-10-01T17:29:58.552073359+02:00,30580.361816
2019-10-01 10:15:42.553682706+02:00,1569917742553682706,1,bid,0.4299999999999926,84.58,84.6,84.15,4524.363425604,0,4524.363425604,quantile,0.95,0.269999999999996,2019-10-01T09:00:18.190257102+02:00,2019-10-01T09:00:18.190257102+02:00,2019-10-01T17:29:58.552073359+02:00,30580.361816
2019-10-01 10:15:56.024355534+02:00,1569917756024355534,1,bid,0.4500000000000028,84.58,84.6,84.13,4537.834098432,0,4537.834098432,quantile,0.95,0.269999999999996,2019-10-01T09:00:18.190257102+02:00,2019-10-01T09:00:18.190257102+02:00,2019-10-01T17:29:58.552073359+02:00,30580.361816
2019-10-01 10:16:11.915866167+02:00,1569917771915866167,1,bid,0.4399999999999977,84.6,84.62,84.16,4553.725609065,0,4553.725609065,quantile,0.95,0.269999999999996,2019-10-01T09:00:18.190257102+02:00,2019-10-01T09:00:18.190257102+02:00,2019-10-01T17:29:58.552073359+02:00,30580.361816
2019-10-01 10:16:11.919175115+02:00,1569917771919175115,1,bid,0.4500000000000028,84.59,84.61,84.14,4553.728918013,0,4553.728918013,quantile,0.95,0.269999999999996,2019-10-01T09:00:18.190257102+02:00,2019-10-01T09:00:18.190257102+02:00,2019-10-01T17:29:58.552073359+02:00,30580.361816
2019-10-01 10:16:39.676356305+02:00,1569917799676356305,1,bid,0.4399999999999977,84.61,84.62,84.17,4581.486099203,0,4581.486099203,quantile,0.95,0.269999999999996,2019-10-01T09:00:18.190257102+02:00,2019-10-01T09:00:18.190257102+02:00,2019-10-01T17:29:58.552073359+02:00,30580.361816
2019-10-01 10:16:49.701888404+02:00,1569917809701888404,1,bid,0.269999999999996,84.61,84.63,84.34,4591.511631302,0,4591.511631302,quantile,0.95,0.269999999999996,2019-10-01T09:00:18.190257102+02:00,2019-10-01T09:00:18.190257102+02:00,2019-10-01T17:29:58.552073359+02:00,30580.361816
2019-10-01 10:17:12.022426661+02:00,1569917832022426661,1,bid,0.4499999999999886,84.6,84.61,84.15,4613.832169559,0,4613.832169559,quantile,0.95,0.269999999999996,2019-10-01T09:00:18.190257102+02:00,2019-10-01T09:00:18.190257102+02:00,2019-10-01T17:29:58.552073359+02:00,30580.361816
2019-10-01 10:17:20.506639507+02:00,1569917840506639507,1,bid,0.4399999999999977,84.62,84.64,84.18,4622.316382405,0,4622.316382405,quantile,0.95,0.269999999999996,2019-10-01T09:00:18.190257102+02:00,2019-10-01T09:00:18.190257102+02:00,2019-10-01T17:29:58.552073359+02:00,30580.361816
2019-10-01 10:17:24.721569313+02:00,1569917844721569313,1,bid,0.4399999999999977,84.6,84.62,84.16,4626.531312211,0,4626.531312211,quantile,0.95,0.269999999999996,2019-10-01T09:00:18.190257102+02:00,2019-10-01T09:00:18.190257102+02:00,2019-10-01T17:29:58.552073359+02:00,30580.361816
2019-10-01 10:17:25.343933998+02:00,1569917845343933998,1,bid,0.4300000000000068,84.62,84.64,84.19,4627.153676896,0,4627.153676896,quantile,0.95,0.269999999999996,2019-10-01T09:00:18.190257102+02:00,2019-10-01T09:00:18.190257102+02:00,2019-10-01T17:29:58.552073359+02:00,30580.361816
2019-10-01 10:17:29.869262361+02:00,1569917849869262361,1,bid,12.650000000000006,84.65,84.67,72.0,4631.679005259,0,4631.679005259,quantile,0.95,0.269999999999996,2019-10-01T09:00:18.190257102+02:00,2019-10-01T09:00:18.190257102+02:00,2019-10-01T17:29:58.552073359+02:00,30580.361816
2019-10-01 10:17:42.029512850+02:00,1569917862029512850,1,bid,0.2700000000000102,84.65,84.67,84.38,4643.839255748,0,4643.839255748,quantile,0.95,0.269999999999996,2019-10-01T09:00:18.190257102+02:00,2019-10-01T09:00:18.190257102+02:00,2019-10-01T17:29:58.552073359+02:00,30580.361816
2019-10-01 10:18:02.040646+02:00,1569917882040646000,1,bid,0.269999999999996,84.64,84.67,84.37,4663.850388898,0,4663.850388898,quantile,0.95,0.269999999999996,2019-10-01T09:00:18.190257102+02:00,2019-10-01T09:00:18.190257102+02:00,2019-10-01T17:29:58.552073359+02:00,30580.361816
2019-10-01 10:18:03.142089162+02:00,1569917883142089162,1,bid,0.4399999999999977,84.66,84.68,84.22,4664.95183206,0,4664.95183206,quantile,0.95,0.269999999999996,2019-10-01T09:00:18.190257102+02:00,2019-10-01T09:00:18.190257102+02:00,2019-10-01T17:29:58.552073359+02:00,30580.361816
2019-10-01 10:18:22.043661250+02:00,1569917902043661250,1,bid,0.269999999999996,84.66,84.69,84.39,4683.853404148,0,4683.853404148,quantile,0.95,0.269999999999996,2019-10-01T09:00:18.190257102+02:00,2019-10-01T09:00:18.190257102+02:00,2019-10-01T17:29:58.552073359+02:00,30580.361816
2019-10-01 10:18:43.211743920+02:00,1569917923211743920,1,bid,0.4500000000000028,84.65,84.67,84.2,4705.021486818,0,4705.021486818,quantile,0.95,0.269999999999996,2019-10-01T09:00:18.190257102+02:00,2019-10-01T09:00:18.190257102+02:00,2019-10-01T17:29:58.552073359+02:00,30580.361816
2019-10-01 10:18:53.208480068+02:00,1569917933208480068,1,bid,0.2700000000000102,84.65,84.67,84.38,4715.018222966,0,4715.018222966,quantile,0.95,0.269999999999996,2019-10-01T09:00:18.190257102+02:00,2019-10-01T09:00:18.190257102+02:00,2019-10-01T17:29:58.552073359+02:00,30580.361816
2019-10-01 10:19:55.210937167+02:00,1569917995210937167,1,bid,0.269999999999996,84.64,84.67,84.37,4777.020680065,0,4777.020680065,quantile,0.95,0.269999999999996,2019-10-01T09:00:18.190257102+02:00,2019-10-01T09:00:18.190257102+02:00,2019-10-01T17:29:58.552073359+02:00,30580.361816
2019-10-01 10:20:12.732020029+02:00,1569918012732020029,1,bid,0.4499999999999886,84.63,84.65,84.18,4794.541762927,0,4794.541762927,quantile,0.95,0.269999999999996,2019-10-01T09:00:18.190257102+02:00,2019-10-01T09:00:18.190257102+02:00,2019-10-01T17:29:58.552073359+02:00,30580.361816
2019-10-01 10:20:19.357482854+02:00,1569918019357482854,1,bid,0.4400000000000119,84.65,84.67,84.21,4801.167225752,0,4801.167225752,quantile,0.95,0.269999999999996,2019-10-01T09:00:18.190257102+02:00,2019-10-01T09:00:18.190257102+02:00,2019-10-01T17:29:58.552073359+02:00,30580.361816
2019-10-01 10:20:32.736403451+02:00,1569918032736403451,1,bid,0.269999999999996,84.67,84.69,84.4,4814.546146349,0,4814.546146349,quantile,0.95,0.269999999999996,2019-10-01T09:00:18.190257102+02:00,2019-10-01T09:00:18.190257102+02:00,2019-10-01T17:29:58.552073359+02:00,30580.361816
2019-10-01 10:21:06.422866995+02:00,1569918066422866995,1,bid,0.5999999999999943,84.69,84.71,84.09,4848.232609893,0,4848.232609893,quantile,0.95,0.269999999999996,2019-10-01T09:00:18.190257102+02:00,2019-10-01T09:00:18.190257102+02:00,2019-10-01T17:29:58.552073359+02:00,30580.361816
2019-10-01 10:21:06.424323988+02:00,1569918066424323988,1,bid,0.4500000000000028,84.69,84.71,84.24,4848.234066886,0,4848.234066886,quantile,0.95,0.269999999999996,2019-10-01T09:00:18.190257102+02:00,2019-10-01T09:00:18.190257102+02:00,2019-10-01T17:29:58.552073359+02:00,30580.361816
2019-10-01 10:21:10.445444173+02:00,1569918070445444173,1,bid,0.4599999999999937,84.72,84.74,84.26,4852.255187071,0,4852.255187071,quantile,0.95,0.269999999999996,2019-10-01T09:00:18.190257102+02:00,2019-10-01T09:00:18.190257102+02:00,2019-10-01T17:29:58.552073359+02:00,30580.361816
2019-10-01 10:21:34.137314930+02:00,1569918094137314930,1,bid,0.4500000000000028,84.69,84.71,84.24,4875.947057828,0,4875.947057828,quantile,0.95,0.269999999999996,2019-10-01T09:00:18.190257102+02:00,2019-10-01T09:00:18.190257102+02:00,2019-10-01T17:29:58.552073359+02:00,30580.361816
2019-10-01 10:21:47.187333394+02:00,1569918107187333394,1,bid,0.4500000000000028,84.67,84.71,84.22,4888.997076292,0,4888.997076292,quantile,0.95,0.269999999999996,2019-10-01T09:00:18.190257102+02:00,2019-10-01T09:00:18.190257102+02:00,2019-10-01T17:29:58.552073359+02:00,30580.361816
2019-10-01 10:22:10.031909514+02:00,1569918130031909514,1,bid,0.4500000000000028,84.65,84.67,84.2,4911.841652412,0,4911.841652412,quantile,0.95,0.269999999999996,2019-10-01T09:00:18.190257102+02:00,2019-10-01T09:00:18.190257102+02:00,2019-10-01T17:29:58.552073359+02:00,30580.361816
2019-10-01 10:22:16.452273138+02:00,1569918136452273138,1,bid,0.269999999999996,84.66,84.68,84.39,4918.262016036,0,4918.262016036,quantile,0.95,0.269999999999996,2019-10-01T09:00:18.190257102+02:00,2019-10-01T09:00:18.190257102+02:00,2019-10-01T17:29:58.552073359+02:00,30580.361816
2019-10-01 10:22:38.261870966+02:00,1569918158261870966,1,bid,0.2700000000000102,84.65,84.67,84.38,4940.071613864,0,4940.071613864,quantile,0.95,0.269999999999996,2019-10-01T09:00:18.190257102+02:00,2019-10-01T09:00:18.190257102+02:00,2019-10-01T17:29:58.552073359+02:00,30580.361816
2019-10-01 10:23:11.540989483+02:00,1569918191540989483,1,bid,0.4399999999999977,84.67,84.68,84.23,4973.350732381,0,4973.350732381,quantile,0.95,0.269999999999996,2019-10-01T09:00:18.190257102+02:00,2019-10-01T09:00:18.190257102+02:00,2019-10-01T17:29:58.552073359+02:00,30580.361816
2019-10-01 10:23:21.367449381+02:00,1569918201367449381,1,bid,0.4399999999999977,84.7,84.71,84.26,4983.177192279,0,4983.177192279,quantile,0.95,0.269999999999996,2019-10-01T09:00:18.190257102+02:00,2019-10-01T09:00:18.190257102+02:00,2019-10-01T17:29:58.552073359+02:00,30580.361816
2019-10-01 10:23:31.501563486+02:00,1569918211501563486,1,bid,0.269999999999996,84.72,84.74,84.45,4993.311306384,0,4993.311306384,quantile,0.95,0.269999999999996,2019-10-01T09:00:18.190257102+02:00,2019-10-01T09:00:18.190257102+02:00,2019-10-01T17:29:58.552073359+02:00,30580.361816
2019-10-01 10:23:42.070005115+02:00,1569918222070005115,1,bid,0.4399999999999977,84.73,84.74,84.29,5003.879748013,0,5003.879748013,quantile,0.95,0.269999999999996,2019-10-01T09:00:18.190257102+02:00,2019-10-01T09:00:18.190257102+02:00,2019-10-01T17:29:58.552073359+02:00,30580.361816
2019-10-01 10:24:42.236151286+02:00,1569918282236151286,1,bid,0.4500000000000028,84.72,84.73,84.27,5064.045894184,0,5064.045894184,quantile,0.95,0.269999999999996,2019-10-01T09:00:18.190257102+02:00,2019-10-01T09:00:18.190257102+02:00,2019-10-01T17:29:58.552073359+02:00,30580.361816
2019-10-01 10:24:42.269191806+02:00,1569918282269191806,1,bid,0.4500000000000028,84.7,84.73,84.25,5064.078934704,0,5064.078934704,quantile,0.95,0.269999999999996,2019-10-01T09:00:18.190257102+02:00,2019-10-01T09:00:18.190257102+02:00,2019-10-01T17:29:58.552073359+02:00,30580.361816
2019-10-01 10:25:02.237231476+02:00,1569918302237231476,1,bid,0.269999999999996,84.7,84.73,84.43,5084.046974374,0,5084.046974374,quantile,0.95,0.269999999999996,2019-10-01T09:00:18.190257102+02:00,2019-10-01T09:00:18.190257102+02:00,2019-10-01T17:29:58.552073359+02:00,30580.361816
2019-10-01 10:25:03.740405543+02:00,1569918303740405543,1,bid,0.4599999999999937,84.69,84.71,84.23,5085.550148441,0,5085.550148441,quantile,0.95,0.269999999999996,2019-10-01T09:00:18.190257102+02:00,2019-10-01T09:00:18.190257102+02:00,2019-10-01T17:29:58.552073359+02:00,30580.361816
2019-10-01 10:25:22.281415056+02:00,1569918322281415056,1,bid,0.2700000000000102,84.68,84.71,84.41,5104.091157954,0,5104.091157954,quantile,0.95,0.269999999999996,2019-10-01T09:00:18.190257102+02:00,2019-10-01T09:00:18.190257102+02:00,2019-10-01T17:29:58.552073359+02:00,30580.361816
2019-10-01 10:25:36.976684509+02:00,1569918336976684509,1,bid,0.4500000000000028,84.66,84.67,84.21,5118.786427407,0,5118.786427407,quantile,0.95,0.269999999999996,2019-10-01T09:00:18.190257102+02:00,2019-10-01T09:00:18.190257102+02:00,2019-10-01T17:29:58.552073359+02:00,30580.361816
2019-10-01 10:25:46.264054384+02:00,1569918346264054384,1,bid,0.4400000000000119,84.68,84.69,84.24,5128.073797282,0,5128.073797282,quantile,0.95,0.269999999999996,2019-10-01T09:00:18.190257102+02:00,2019-10-01T09:00:18.190257102+02:00,2019-10-01T17:29:58.552073359+02:00,30580.361816
2019-10-01 10:26:01.270282546+02:00,1569918361270282546,1,bid,0.269999999999996,84.67,84.69,84.4,5143.080025444,0,5143.080025444,quantile,0.95,0.269999999999996,2019-10-01T09:00:18.190257102+02:00,2019-10-01T09:00:18.190257102+02:00,2019-10-01T17:29:58.552073359+02:00,30580.361816
2019-10-01 10:26:08.884905809+02:00,1569918368884905809,1,bid,0.4600000000000079,84.67,84.69,84.21,5150.694648707,0,5150.694648707,quantile,0.95,0.269999999999996,2019-10-01T09:00:18.190257102+02:00,2019-10-01T09:00:18.190257102+02:00,2019-10-01T17:29:58.552073359+02:00,30580.361816
2019-10-01 10:26:29.026196632+02:00,1569918389026196632,1,bid,0.4500000000000028,84.69,84.71,84.24,5170.83593953,0,5170.83593953,quantile,0.95,0.269999999999996,2019-10-01T09:00:18.190257102+02:00,2019-10-01T09:00:18.190257102+02:00,2019-10-01T17:29:58.552073359+02:00,30580.361816
2019-10-01 10:26:39.029368498+02:00,1569918399029368498,1,bid,0.269999999999996,84.7,84.72,84.43,5180.839111396,0,5180.839111396,quantile,0.95,0.269999999999996,2019-10-01T09:00:18.190257102+02:00,2019-10-01T09:00:18.190257102+02:00,2019-10-01T17:29:58.552073359+02:00,30580.361816
2019-10-01 10:26:50.094153583+02:00,1569918410094153583,1,bid,8.600000000000009,84.7,84.72,76.1,5191.903896481,0,5191.903896481,quantile,0.95,0.269999999999996,2019-10-01T09:00:18.190257102+02:00,2019-10-01T09:00:18.190257102+02:00,2019-10-01T17:29:58.552073359+02:00,30580.361816
2019-10-01 10:26:50.525050010+02:00,1569918410525050010,1,bid,12.600000000000009,84.7,84.72,72.1,5192.334792908,0,5192.334792908,quantile,0.95,0.269999999999996,2019-10-01T09:00:18.190257102+02:00,2019-10-01T09:00:18.190257102+02:00,2019-10-01T17:29:58.552073359+02:00,30580.361816
2019-10-01 10:27:06.905084245+02:00,1569918426905084245,1,bid,0.269999999999996,84.69,84.71,84.42,5208.714827143,0,5208.714827143,quantile,0.95,0.269999999999996,2019-10-01T09:00:18.190257102+02:00,2019-10-01T09:00:18.190257102+02:00,2019-10-01T17:29:58.552073359+02:00,30580.361816
2019-10-01 10:27:09.804345415+02:00,1569918429804345415,1,bid,0.4500000000000028,84.67,84.69,84.22,5211.614088313,0,5211.614088313,quantile,0.95,0.269999999999996,2019-10-01T09:00:18.190257102+02:00,2019-10-01T09:00:18.190257102+02:00,2019-10-01T17:29:58.552073359+02:00,30580.361816
2019-10-01 10:27:13.059666931+02:00,1569918433059666931,1,bid,0.4399999999999977,84.69,84.71,84.25,5214.869409829,0,5214.869409829,quantile,0.95,0.269999999999996,2019-10-01T09:00:18.190257102+02:00,2019-10-01T09:00:18.190257102+02:00,2019-10-01T17:29:58.552073359+02:00,30580.361816
2019-10-01 10:27:25.573211223+02:00,1569918445573211223,1,bid,12.680000000000009,84.68,84.7,72.0,5227.382954121,0,5227.382954121,quantile,0.95,0.269999999999996,2019-10-01T09:00:18.190257102+02:00,2019-10-01T09:00:18.190257102+02:00,2019-10-01T17:29:58.552073359+02:00,30580.361816
2019-10-01 10:27:31.360281514+02:00,1569918451360281514,1,bid,0.2700000000000102,84.68,84.7,84.41,5233.170024412,0,5233.170024412,quantile,0.95,0.269999999999996,2019-10-01T09:00:18.190257102+02:00,2019-10-01T09:00:18.190257102+02:00,2019-10-01T17:29:58.552073359+02:00,30580.361816
2019-10-01 10:27:42.955587895+02:00,1569918462955587895,1,bid,0.4500000000000028,84.66,84.68,84.21,5244.765330793,0,5244.765330793,quantile,0.95,0.269999999999996,2019-10-01T09:00:18.190257102+02:00,2019-10-01T09:00:18.190257102+02:00,2019-10-01T17:29:58.552073359+02:00,30580.361816
2019-10-01 10:27:51.303101693+02:00,1569918471303101693,1,bid,0.4400000000000119,84.68,84.7,84.24,5253.112844591,0,5253.112844591,quantile,0.95,0.269999999999996,2019-10-01T09:00:18.190257102+02:00,2019-10-01T09:00:18.190257102+02:00,2019-10-01T17:29:58.552073359+02:00,30580.361816
2019-10-01 10:27:53.532804830+02:00,1569918473532804830,1,bid,4.689999999999998,84.69,84.71,80.0,5255.342547728,0,5255.342547728,quantile,0.95,0.269999999999996,2019-10-01T09:00:18.190257102+02:00,2019-10-01T09:00:18.190257102+02:00,2019-10-01T17:29:58.552073359+02:00,30580.361816
2019-10-01 10:29:22.062446478+02:00,1569918562062446478,1,bid,0.4500000000000028,84.67,84.7,84.22,5343.872189376,0,5343.872189376,quantile,0.95,0.269999999999996,2019-10-01T09:00:18.190257102+02:00,2019-10-01T09:00:18.190257102+02:00,2019-10-01T17:29:58.552073359+02:00,30580.361816
2019-10-01 10:29:39.310617267+02:00,1569918579310617267,1,bid,0.269999999999996,84.66,84.68,84.39,5361.120360165,0,5361.120360165,quantile,0.95,0.269999999999996,2019-10-01T09:00:18.190257102+02:00,2019-10-01T09:00:18.190257102+02:00,2019-10-01T17:29:58.552073359+02:00,30580.361816
2019-10-01 10:30:02.993103155+02:00,1569918602993103155,1,bid,0.4500000000000028,84.65,84.67,84.2,5384.802846053,0,5384.802846053,quantile,0.95,0.269999999999996,2019-10-01T09:00:18.190257102+02:00,2019-10-01T09:00:18.190257102+02:00,2019-10-01T17:29:58.552073359+02:00,30580.361816
2019-10-01 10:30:07.386279739+02:00,1569918607386279739,1,bid,0.4499999999999886,84.63,84.64,84.18,5389.196022637,0,5389.196022637,quantile,0.95,0.269999999999996,2019-10-01T09:00:18.190257102+02:00,2019-10-01T09:00:18.190257102+02:00,2019-10-01T17:29:58.552073359+02:00,30580.361816
2019-10-01 10:30:23.000932900+02:00,1569918623000932900,1,bid,0.2700000000000102,84.62,84.64,84.35,5404.810675798,0,5404.810675798,quantile,0.95,0.269999999999996,2019-10-01T09:00:18.190257102+02:00,2019-10-01T09:00:18.190257102+02:00,2019-10-01T17:29:58.552073359+02:00,30580.361816
2019-10-01 10:30:53.706832414+02:00,1569918653706832414,1,bid,0.269999999999996,84.61,84.65,84.34,5435.516575312,0,5435.516575312,quantile,0.95,0.269999999999996,2019-10-01T09:00:18.190257102+02:00,2019-10-01T09:00:18.190257102+02:00,2019-10-01T17:29:58.552073359+02:00,30580.361816
2019-10-01 10:31:28.097335737+02:00,1569918688097335737,1,bid,0.4500000000000028,84.59,84.6,84.14,5469.907078635,0,5469.907078635,quantile,0.95,0.269999999999996,2019-10-01T09:00:18.190257102+02:00,2019-10-01T09:00:18.190257102+02:00,2019-10-01T17:29:58.552073359+02:00,30580.361816
2019-10-01 10:31:48.102919862+02:00,1569918708102919862,1,bid,0.269999999999996,84.57,84.59,84.3,5489.91266276,0,5489.91266276,quantile,0.95,0.269999999999996,2019-10-01T09:00:18.190257102+02:00,2019-10-01T09:00:18.190257102+02:00,2019-10-01T17:29:58.552073359+02:00,30580.361816
2019-10-01 10:31:50.982329746+02:00,1569918710982329746,1,bid,0.4399999999999977,84.56,84.58,84.12,5492.792072644,0,5492.792072644,quantile,0.95,0.269999999999996,2019-10-01T09:00:18.190257102+02:00,2019-10-01T09:00:18.190257102+02:00,2019-10-01T17:29:58.552073359+02:00,30580.361816
2019-10-01 10:32:00.594258648+02:00,1569918720594258648,1,bid,0.5999999999999943,84.57,84.59,83.97,5502.404001546,0,5502.404001546,quantile,0.95,0.269999999999996,2019-10-01T09:00:18.190257102+02:00,2019-10-01T09:00:18.190257102+02:00,2019-10-01T17:29:58.552073359+02:00,30580.361816
2019-10-01 10:32:07.735459581+02:00,1569918727735459581,1,bid,0.8199999999999932,84.57,84.59,83.75,5509.545202479,0,5509.545202479,quantile,0.95,0.269999999999996,2019-10-01T09:00:18.190257102+02:00,2019-10-01T09:00:18.190257102+02:00,2019-10-01T17:29:58.552073359+02:00,30580.361816
2019-10-01 10:32:20.537721917+02:00,1569918740537721917,1,bid,0.4599999999999937,84.55,84.56,84.09,5522.347464815,0,5522.347464815,quantile,0.95,0.269999999999996,2019-10-01T09:00:18.190257102+02:00,2019-10-01T09:00:18.190257102+02:00,2019-10-01T17:29:58.552073359+02:00,30580.361816
2019-10-01 10:32:33.798807872+02:00,1569918753798807872,1,bid,0.4500000000000028,84.58,84.6,84.13,5535.60855077,0,5535.60855077,quantile,0.95,0.269999999999996,2019-10-01T09:00:18.190257102+02:00,2019-10-01T09:00:18.190257102+02:00,2019-10-01T17:29:58.552073359+02:00,30580.361816
2019-10-01 10:32:44.089044217+02:00,1569918764089044217,1,bid,0.4500000000000028,84.56,84.57,84.11,5545.898787115,0,5545.898787115,quantile,0.95,0.269999999999996,2019-10-01T09:00:18.190257102+02:00,2019-10-01T09:00:18.190257102+02:00,2019-10-01T17:29:58.552073359+02:00,30580.361816
2019-10-01 10:32:44.332791800+02:00,1569918764332791800,1,bid,0.4599999999999937,84.55,84.57,84.09,5546.142534698,0,5546.142534698,quantile,0.95,0.269999999999996,2019-10-01T09:00:18.190257102+02:00,2019-10-01T09:00:18.190257102+02:00,2019-10-01T17:29:58.552073359+02:00,30580.361816
2019-10-01 10:33:10.051556626+02:00,1569918790051556626,1,bid,7.3799999999999955,84.53,84.56,77.15,5571.861299524,0,5571.861299524,quantile,0.95,0.269999999999996,2019-10-01T09:00:18.190257102+02:00,2019-10-01T09:00:18.190257102+02:00,2019-10-01T17:29:58.552073359+02:00,30580.361816
2019-10-01 10:33:11.609723911+02:00,1569918791609723911,1,bid,0.4600000000000079,84.53,84.56,84.07,5573.419466809,0,5573.419466809,quantile,0.95,0.269999999999996,2019-10-01T09:00:18.190257102+02:00,2019-10-01T09:00:18.190257102+02:00,2019-10-01T17:29:58.552073359+02:00,30580.361816
2019-10-01 10:33:11.610712329+02:00,1569918791610712329,1,bid,0.4300000000000068,84.53,84.54,84.1,5573.420455227,0,5573.420455227,quantile,0.95,0.269999999999996,2019-10-01T09:00:18.190257102+02:00,2019-10-01T09:00:18.190257102+02:00,2019-10-01T17:29:58.552073359+02:00,30580.361816
2019-10-01 10:33:11.612036873+02:00,1569918791612036873,1,bid,0.4500000000000028,84.53,84.54,84.08,5573.421779771,0,5573.421779771,quantile,0.95,0.269999999999996,2019-10-01T09:00:18.190257102+02:00,2019-10-01T09:00:18.190257102+02:00,2019-10-01T17:29:58.552073359+02:00,30580.361816
2019-10-01 10:33:12.468036432+02:00,1569918792468036432,1,bid,0.4599999999999937,84.52,84.54,84.06,5574.27777933,0,5574.27777933,quantile,0.95,0.269999999999996,2019-10-01T09:00:18.190257102+02:00,2019-10-01T09:00:18.190257102+02:00,2019-10-01T17:29:58.552073359+02:00,30580.361816
2019-10-01 10:33:16.557603938+02:00,1569918796557603938,1,bid,0.4299999999999926,84.52,84.54,84.09,5578.367346836,0,5578.367346836,quantile,0.95,0.269999999999996,2019-10-01T09:00:18.190257102+02:00,2019-10-01T09:00:18.190257102+02:00,2019-10-01T17:29:58.552073359+02:00,30580.361816
2019-10-01 10:33:22.282310097+02:00,1569918802282310097,1,bid,0.269999999999996,84.53,84.54,84.26,5584.092052995,0,5584.092052995,quantile,0.95,0.269999999999996,2019-10-01T09:00:18.190257102+02:00,2019-10-01T09:00:18.190257102+02:00,2019-10-01T17:29:58.552073359+02:00,30580.361816
2019-10-01 10:33:49.041985369+02:00,1569918829041985369,1,bid,0.269999999999996,84.55,84.56,84.28,5610.851728267,0,5610.851728267,quantile,0.95,0.269999999999996,2019-10-01T09:00:18.190257102+02:00,2019-10-01T09:00:18.190257102+02:00,2019-10-01T17:29:58.552073359+02:00,30580.361816
2019-10-01 10:34:06.078924882+02:00,1569918846078924882,1,bid,0.2700000000000102,84.54,84.57,84.27,5627.88866778,0,5627.88866778,quantile,0.95,0.269999999999996,2019-10-01T09:00:18.190257102+02:00,2019-10-01T09:00:18.190257102+02:00,2019-10-01T17:29:58.552073359+02:00,30580.361816
2019-10-01 10:34:26.100511879+02:00,1569918866100511879,1,bid,0.269999999999996,84.53,84.56,84.26,5647.910254777,0,5647.910254777,quantile,0.95,0.269999999999996,2019-10-01T09:00:18.190257102+02:00,2019-10-01T09:00:18.190257102+02:00,2019-10-01T17:29:58.552073359+02:00,30580.361816
2019-10-01 10:35:59.605159058+02:00,1569918959605159058,1,bid,0.4500000000000028,84.52,84.54,84.07,5741.414901956,0,5741.414901956,quantile,0.95,0.269999999999996,2019-10-01T09:00:18.190257102+02:00,2019-10-01T09:00:18.190257102+02:00,2019-10-01T17:29:58.552073359+02:00,30580.361816
2019-10-01 10:36:13.027943991+02:00,1569918973027943991,1,bid,0.4300000000000068,84.53,84.55,84.1,5754.837686889,0,5754.837686889,quantile,0.95,0.269999999999996,2019-10-01T09:00:18.190257102+02:00,2019-10-01T09:00:18.190257102+02:00,2019-10-01T17:29:58.552073359+02:00,30580.361816
2019-10-01 10:36:38.374665239+02:00,1569918998374665239,1,bid,0.4399999999999977,84.57,84.58,84.13,5780.184408137,0,5780.184408137,quantile,0.95,0.269999999999996,2019-10-01T09:00:18.190257102+02:00,2019-10-01T09:00:18.190257102+02:00,2019-10-01T17:29:58.552073359+02:00,30580.361816
2019-10-01 10:36:38.391324305+02:00,1569918998391324305,1,bid,0.4500000000000028,84.56,84.59,84.11,5780.201067203,0,5780.201067203,quantile,0.95,0.269999999999996,2019-10-01T09:00:18.190257102+02:00,2019-10-01T09:00:18.190257102+02:00,2019-10-01T17:29:58.552073359+02:00,30580.361816
2019-10-01 10:36:44.565529114+02:00,1569919004565529114,1,bid,0.4299999999999926,84.57,84.6,84.14,5786.375272012,0,5786.375272012,quantile,0.95,0.269999999999996,2019-10-01T09:00:18.190257102+02:00,2019-10-01T09:00:18.190257102+02:00,2019-10-01T17:29:58.552073359+02:00,30580.361816
2019-10-01 10:37:02.533944511+02:00,1569919022533944511,1,bid,0.269999999999996,84.58,84.6,84.31,5804.343687409,0,5804.343687409,quantile,0.95,0.269999999999996,2019-10-01T09:00:18.190257102+02:00,2019-10-01T09:00:18.190257102+02:00,2019-10-01T17:29:58.552073359+02:00,30580.361816
2019-10-01 10:37:33.305969157+02:00,1569919053305969157,1,bid,0.4599999999999937,84.63,84.64,84.17,5835.115712055,0,5835.115712055,quantile,0.95,0.269999999999996,2019-10-01T09:00:18.190257102+02:00,2019-10-01T09:00:18.190257102+02:00,2019-10-01T17:29:58.552073359+02:00,30580.361816
2019-10-01 10:37:37.370824130+02:00,1569919057370824130,1,bid,0.4299999999999926,84.63,84.65,84.2,5839.180567028,0,5839.180567028,quantile,0.95,0.269999999999996,2019-10-01T09:00:18.190257102+02:00,2019-10-01T09:00:18.190257102+02:00,2019-10-01T17:29:58.552073359+02:00,30580.361816
2019-10-01 10:37:38.093886206+02:00,1569919058093886206,1,bid,0.4499999999999886,84.63,84.64,84.18,5839.903629104,0,5839.903629104,quantile,0.95,0.269999999999996,2019-10-01T09:00:18.190257102+02:00,2019-10-01T09:00:18.190257102+02:00,2019-10-01T17:29:58.552073359+02:00,30580.361816
2019-10-01 10:37:53.328994424+02:00,1569919073328994424,1,bid,0.269999999999996,84.63,84.64,84.36,5855.138737322,0,5855.138737322,quantile,0.95,0.269999999999996,2019-10-01T09:00:18.190257102+02:00,2019-10-01T09:00:18.190257102+02:00,2019-10-01T17:29:58.552073359+02:00,30580.361816
2019-10-01 10:38:04.026387517+02:00,1569919084026387517,1,bid,0.2700000000000102,84.62,84.64,84.35,5865.836130415,0,5865.836130415,quantile,0.95,0.269999999999996,2019-10-01T09:00:18.190257102+02:00,2019-10-01T09:00:18.190257102+02:00,2019-10-01T17:29:58.552073359+02:00,30580.361816
2019-10-01 10:38:31.620597823+02:00,1569919111620597823,1,bid,0.2700000000000102,84.62,84.63,84.35,5893.430340721,0,5893.430340721,quantile,0.95,0.269999999999996,2019-10-01T09:00:18.190257102+02:00,2019-10-01T09:00:18.190257102+02:00,2019-10-01T17:29:58.552073359+02:00,30580.361816
2019-10-01 10:38:45.316454946+02:00,1569919125316454946,1,bid,0.4400000000000119,84.65,84.66,84.21,5907.126197844,0,5907.126197844,quantile,0.95,0.269999999999996,2019-10-01T09:00:18.190257102+02:00,2019-10-01T09:00:18.190257102+02:00,2019-10-01T17:29:58.552073359+02:00,30580.361816
2019-10-01 10:38:45.501023538+02:00,1569919125501023538,1,bid,0.4500000000000028,84.64,84.66,84.19,5907.310766436,0,5907.310766436,quantile,0.95,0.269999999999996,2019-10-01T09:00:18.190257102+02:00,2019-10-01T09:00:18.190257102+02:00,2019-10-01T17:29:58.552073359+02:00,30580.361816
2019-10-01 10:38:50.171135153+02:00,1569919130171135153,1,bid,0.4399999999999977,84.66,84.67,84.22,5911.980878051,0,5911.980878051,quantile,0.95,0.269999999999996,2019-10-01T09:00:18.190257102+02:00,2019-10-01T09:00:18.190257102+02:00,2019-10-01T17:29:58.552073359+02:00,30580.361816
2019-10-01 10:38:55.316996047+02:00,1569919135316996047,1,bid,0.269999999999996,84.66,84.67,84.39,5917.126738945,0,5917.126738945,quantile,0.95,0.269999999999996,2019-10-01T09:00:18.190257102+02:00,2019-10-01T09:00:18.190257102+02:00,2019-10-01T17:29:58.552073359+02:00,30580.361816
2019-10-01 10:38:56.145410838+02:00,1569919136145410838,1,bid,0.4399999999999977,84.64,84.67,84.2,5917.955153736,0,5917.955153736,quantile,0.95,0.269999999999996,2019-10-01T09:00:18.190257102+02:00,2019-10-01T09:00:18.190257102+02:00,2019-10-01T17:29:58.552073359+02:00,30580.361816
2019-10-01 10:39:05.317268724+02:00,1569919145317268724,1,bid,0.2700000000000102,84.65,84.66,84.38,5927.127011622,0,5927.127011622,quantile,0.95,0.269999999999996,2019-10-01T09:00:18.190257102+02:00,2019-10-01T09:00:18.190257102+02:00,2019-10-01T17:29:58.552073359+02:00,30580.361816
2019-10-01 10:39:16.951056441+02:00,1569919156951056441,1,bid,0.4499999999999886,84.63,84.64,84.18,5938.760799339,0,5938.760799339,quantile,0.95,0.269999999999996,2019-10-01T09:00:18.190257102+02:00,2019-10-01T09:00:18.190257102+02:00,2019-10-01T17:29:58.552073359+02:00,30580.361816
2019-10-01 10:39:35.331096160+02:00,1569919175331096160,1,bid,0.269999999999996,84.63,84.65,84.36,5957.140839058,0,5957.140839058,quantile,0.95,0.269999999999996,2019-10-01T09:00:18.190257102+02:00,2019-10-01T09:00:18.190257102+02:00,2019-10-01T17:29:58.552073359+02:00,30580.361816
2019-10-01 10:39:58.794908728+02:00,1569919198794908728,1,bid,0.4400000000000119,84.65,84.67,84.21,5980.604651626,0,5980.604651626,quantile,0.95,0.269999999999996,2019-10-01T09:00:18.190257102+02:00,2019-10-01T09:00:18.190257102+02:00,2019-10-01T17:29:58.552073359+02:00,30580.361816
2019-10-01 10:40:10.534654359+02:00,1569919210534654359,1,bid,0.4300000000000068,84.67,84.69,84.24,5992.344397257,0,5992.344397257,quantile,0.95,0.269999999999996,2019-10-01T09:00:18.190257102+02:00,2019-10-01T09:00:18.190257102+02:00,2019-10-01T17:29:58.552073359+02:00,30580.361816
2019-10-01 10:40:10.534889063+02:00,1569919210534889063,1,bid,0.6000000000000085,84.68,84.69,84.08,5992.344631961,0,5992.344631961,quantile,0.95,0.269999999999996,2019-10-01T09:00:18.190257102+02:00,2019-10-01T09:00:18.190257102+02:00,2019-10-01T17:29:58.552073359+02:00,30580.361816
2019-10-01 10:40:16.670963780+02:00,1569919216670963780,1,bid,0.4399999999999977,84.66,84.67,84.22,5998.480706678,0,5998.480706678,quantile,0.95,0.269999999999996,2019-10-01T09:00:18.190257102+02:00,2019-10-01T09:00:18.190257102+02:00,2019-10-01T17:29:58.552073359+02:00,30580.361816
2019-10-01 10:40:18.802685902+02:00,1569919218802685902,1,bid,0.269999999999996,84.67,84.69,84.4,6000.6124288,0,6000.6124288,quantile,0.95,0.269999999999996,2019-10-01T09:00:18.190257102+02:00,2019-10-01T09:00:18.190257102+02:00,2019-10-01T17:29:58.552073359+02:00,30580.361816
2019-10-01 10:40:26.904555724+02:00,1569919226904555724,1,bid,0.4500000000000028,84.65,84.67,84.2,6008.714298622,0,6008.714298622,quantile,0.95,0.269999999999996,2019-10-01T09:00:18.190257102+02:00,2019-10-01T09:00:18.190257102+02:00,2019-10-01T17:29:58.552073359+02:00,30580.361816
2019-10-01 10:40:36.556619059+02:00,1569919236556619059,1,bid,0.4499999999999886,84.63,84.66,84.18,6018.366361957,0,6018.366361957,quantile,0.95,0.269999999999996,2019-10-01T09:00:18.190257102+02:00,2019-10-01T09:00:18.190257102+02:00,2019-10-01T17:29:58.552073359+02:00,30580.361816
2019-10-01 10:40:48.850917387+02:00,1569919248850917387,1,bid,0.269999999999996,84.63,84.64,84.36,6030.660660285,0,6030.660660285,quantile,0.95,0.269999999999996,2019-10-01T09:00:18.190257102+02:00,2019-10-01T09:00:18.190257102+02:00,2019-10-01T17:29:58.552073359+02:00,30580.361816
2019-10-01 10:40:57.174310075+02:00,1569919257174310075,1,bid,0.4399999999999977,84.6,84.62,84.16,6038.984052973,0,6038.984052973,quantile,0.95,0.269999999999996,2019-10-01T09:00:18.190257102+02:00,2019-10-01T09:00:18.190257102+02:00,2019-10-01T17:29:58.552073359+02:00,30580.361816
2019-10-01 10:41:38.880940614+02:00,1569919298880940614,1,bid,0.269999999999996,84.6,84.62,84.33,6080.690683512,0,6080.690683512,quantile,0.95,0.269999999999996,2019-10-01T09:00:18.190257102+02:00,2019-10-01T09:00:18.190257102+02:00,2019-10-01T17:29:58.552073359+02:00,30580.361816
2019-10-01 10:41:48.524937554+02:00,1569919308524937554,1,bid,0.4399999999999977,84.63,84.64,84.19,6090.334680452,0,6090.334680452,quantile,0.95,0.269999999999996,2019-10-01T09:00:18.190257102+02:00,2019-10-01T09:00:18.190257102+02:00,2019-10-01T17:29:58.552073359+02:00,30580.361816
2019-10-01 10:41:51.630211600+02:00,1569919311630211600,1,bid,0.4399999999999977,84.66,84.67,84.22,6093.439954498,0,6093.439954498,quantile,0.95,0.269999999999996,2019-10-01T09:00:18.190257102+02:00,2019-10-01T09:00:18.190257102+02:00,2019-10-01T17:29:58.552073359+02:00,30580.361816
2019-10-01 10:42:24.511373051+02:00,1569919344511373051,1,bid,0.4399999999999977,84.64,84.66,84.2,6126.321115949,0,6126.321115949,quantile,0.95,0.269999999999996,2019-10-01T09:00:18.190257102+02:00,2019-10-01T09:00:18.190257102+02:00,2019-10-01T17:29:58.552073359+02:00,30580.361816
2019-10-01 10:42:52.701104258+02:00,1569919372701104258,1,bid,0.4399999999999977,84.62,84.64,84.18,6154.510847156,0,6154.510847156,quantile,0.95,0.269999999999996,2019-10-01T09:00:18.190257102+02:00,2019-10-01T09:00:18.190257102+02:00,2019-10-01T17:29:58.552073359+02:00,30580.361816
2019-10-01 10:43:02.085573972+02:00,1569919382085573972,1,bid,0.269999999999996,84.63,84.64,84.36,6163.89531687,0,6163.89531687,quantile,0.95,0.269999999999996,2019-10-01T09:00:18.190257102+02:00,2019-10-01T09:00:18.190257102+02:00,2019-10-01T17:29:58.552073359+02:00,30580.361816
2019-10-01 10:43:24.327538919+02:00,1569919404327538919,1,bid,0.4600000000000079,84.62,84.64,84.16,6186.137281817,0,6186.137281817,quantile,0.95,0.269999999999996,2019-10-01T09:00:18.190257102+02:00,2019-10-01T09:00:18.190257102+02:00,2019-10-01T17:29:58.552073359+02:00,30580.361816
2019-10-01 10:43:44.230344906+02:00,1569919424230344906,1,bid,0.269999999999996,84.61,84.63,84.34,6206.040087804,0,6206.040087804,quantile,0.95,0.269999999999996,2019-10-01T09:00:18.190257102+02:00,2019-10-01T09:00:18.190257102+02:00,2019-10-01T17:29:58.552073359+02:00,30580.361816
2019-10-01 10:43:46.868047061+02:00,1569919426868047061,1,bid,0.4500000000000028,84.59,84.61,84.14,6208.677789959,0,6208.677789959,quantile,0.95,0.269999999999996,2019-10-01T09:00:18.190257102+02:00,2019-10-01T09:00:18.190257102+02:00,2019-10-01T17:29:58.552073359+02:00,30580.361816
2019-10-01 10:43:56.103876546+02:00,1569919436103876546,1,bid,0.4599999999999937,84.58,84.6,84.12,6217.913619444,0,6217.913619444,quantile,0.95,0.269999999999996,2019-10-01T09:00:18.190257102+02:00,2019-10-01T09:00:18.190257102+02:00,2019-10-01T17:29:58.552073359+02:00,30580.361816
2019-10-01 10:43:56.115421435+02:00,1569919436115421435,1,bid,0.5999999999999943,84.57,84.6,83.97,6217.925164333,0,6217.925164333,quantile,0.95,0.269999999999996,2019-10-01T09:00:18.190257102+02:00,2019-10-01T09:00:18.190257102+02:00,2019-10-01T17:29:58.552073359+02:00,30580.361816
2019-10-01 10:44:06.032222382+02:00,1569919446032222382,1,bid,0.4399999999999977,84.59,84.6,84.15,6227.84196528,0,6227.84196528,quantile,0.95,0.269999999999996,2019-10-01T09:00:18.190257102+02:00,2019-10-01T09:00:18.190257102+02:00,2019-10-01T17:29:58.552073359+02:00,30580.361816
2019-10-01 10:44:14.264595411+02:00,1569919454264595411,1,bid,0.269999999999996,84.58,84.6,84.31,6236.074338309,0,6236.074338309,quantile,0.95,0.269999999999996,2019-10-01T09:00:18.190257102+02:00,2019-10-01T09:00:18.190257102+02:00,2019-10-01T17:29:58.552073359+02:00,30580.361816
2019-10-01 10:44:58.453366079+02:00,1569919498453366079,1,bid,0.2700000000000102,84.59,84.61,84.32,6280.263108977,0,6280.263108977,quantile,0.95,0.269999999999996,2019-10-01T09:00:18.190257102+02:00,2019-10-01T09:00:18.190257102+02:00,2019-10-01T17:29:58.552073359+02:00,30580.361816
2019-10-01 10:45:18.458566540+02:00,1569919518458566540,1,bid,0.269999999999996,84.58,84.6,84.31,6300.268309438,0,6300.268309438,quantile,0.95,0.269999999999996,2019-10-01T09:00:18.190257102+02:00,2019-10-01T09:00:18.190257102+02:00,2019-10-01T17:29:58.552073359+02:00,30580.361816
2019-10-01 10:45:36.646503841+02:00,1569919536646503841,1,bid,0.4399999999999977,84.57,84.6,84.13,6318.456246739,0,6318.456246739,quantile,0.95,0.269999999999996,2019-10-01T09:00:18.190257102+02:00,2019-10-01T09:00:18.190257102+02:00,2019-10-01T17:29:58.552073359+02:00,30580.361816
2019-10-01 10:45:46.653344061+02:00,1569919546653344061,1,bid,0.269999999999996,84.57,84.59,84.3,6328.463086959,0,6328.463086959,quantile,0.95,0.269999999999996,2019-10-01T09:00:18.190257102+02:00,2019-10-01T09:00:18.190257102+02:00,2019-10-01T17:29:58.552073359+02:00,30580.361816
2019-10-01 10:45:49.956462773+02:00,1569919549956462773,1,bid,0.4399999999999977,84.55,84.57,84.11,6331.766205671,0,6331.766205671,quantile,0.95,0.269999999999996,2019-10-01T09:00:18.190257102+02:00,2019-10-01T09:00:18.190257102+02:00,2019-10-01T17:29:58.552073359+02:00,30580.361816
2019-10-01 10:45:51.292191562+02:00,1569919551292191562,1,bid,0.4500000000000028,84.54,84.55,84.09,6333.10193446,0,6333.10193446,quantile,0.95,0.269999999999996,2019-10-01T09:00:18.190257102+02:00,2019-10-01T09:00:18.190257102+02:00,2019-10-01T17:29:58.552073359+02:00,30580.361816
2019-10-01 10:46:06.653347911+02:00,1569919566653347911,1,bid,0.2700000000000102,84.54,84.55,84.27,6348.463090809,0,6348.463090809,quantile,0.95,0.269999999999996,2019-10-01T09:00:18.190257102+02:00,2019-10-01T09:00:18.190257102+02:00,2019-10-01T17:29:58.552073359+02:00,30580.361816
2019-10-01 10:46:15.519056495+02:00,1569919575519056495,1,bid,0.4399999999999977,84.56,84.57,84.12,6357.328799393,0,6357.328799393,quantile,0.95,0.269999999999996,2019-10-01T09:00:18.190257102+02:00,2019-10-01T09:00:18.190257102+02:00,2019-10-01T17:29:58.552073359+02:00,30580.361816
2019-10-01 10:46:26.696288098+02:00,1569919586696288098,1,bid,0.269999999999996,84.56,84.58,84.29,6368.506030996,0,6368.506030996,quantile,0.95,0.269999999999996,2019-10-01T09:00:18.190257102+02:00,2019-10-01T09:00:18.190257102+02:00,2019-10-01T17:29:58.552073359+02:00,30580.361816
2019-10-01 10:46:28.221264163+02:00,1569919588221264163,1,bid,0.4400000000000119,84.54,84.58,84.1,6370.031007061,0,6370.031007061,quantile,0.95,0.269999999999996,2019-10-01T09:00:18.190257102+02:00,2019-10-01T09:00:18.190257102+02:00,2019-10-01T17:29:58.552073359+02:00,30580.361816
2019-10-01 10:46:46.743094224+02:00,1569919606743094224,1,bid,0.2700000000000102,84.54,84.56,84.27,6388.552837122,0,6388.552837122,quantile,0.95,0.269999999999996,2019-10-01T09:00:18.190257102+02:00,2019-10-01T09:00:18.190257102+02:00,2019-10-01T17:29:58.552073359+02:00,30580.361816
2019-10-01 10:47:27.632167780+02:00,1569919647632167780,1,bid,0.4500000000000028,84.52,84.54,84.07,6429.441910678,0,6429.441910678,quantile,0.95,0.269999999999996,2019-10-01T09:00:18.190257102+02:00,2019-10-01T09:00:18.190257102+02:00,2019-10-01T17:29:58.552073359+02:00,30580.361816
2019-10-01 10:47:33.373350624+02:00,1569919653373350624,1,bid,0.4399999999999977,84.5,84.52,84.06,6435.183093522,0,6435.183093522,quantile,0.95,0.269999999999996,2019-10-01T09:00:18.190257102+02:00,2019-10-01T09:00:18.190257102+02:00,2019-10-01T17:29:58.552073359+02:00,30580.361816
2019-10-01 10:48:02.000706322+02:00,1569919682000706322,1,bid,0.2700000000000102,84.51,84.52,84.24,6463.81044922,0,6463.81044922,quantile,0.95,0.269999999999996,2019-10-01T09:00:18.190257102+02:00,2019-10-01T09:00:18.190257102+02:00,2019-10-01T17:29:58.552073359+02:00,30580.361816
2019-10-01 10:48:30.714348374+02:00,1569919710714348374,1,bid,0.4299999999999926,84.52,84.54,84.09,6492.524091272,0,6492.524091272,quantile,0.95,0.269999999999996,2019-10-01T09:00:18.190257102+02:00,2019-10-01T09:00:18.190257102+02:00,2019-10-01T17:29:58.552073359+02:00,30580.361816
2019-10-01 10:48:30.957832282+02:00,1569919710957832282,1,bid,0.4500000000000028,84.52,84.55,84.07,6492.76757518,0,6492.76757518,quantile,0.95,0.269999999999996,2019-10-01T09:00:18.190257102+02:00,2019-10-01T09:00:18.190257102+02:00,2019-10-01T17:29:58.552073359+02:00,30580.361816
2019-10-01 10:48:34.588704024+02:00,1569919714588704024,1,bid,0.4400000000000119,84.54,84.56,84.1,6496.398446922,0,6496.398446922,quantile,0.95,0.269999999999996,2019-10-01T09:00:18.190257102+02:00,2019-10-01T09:00:18.190257102+02:00,2019-10-01T17:29:58.552073359+02:00,30580.361816
2019-10-01 10:48:46.766343854+02:00,1569919726766343854,1,bid,0.4300000000000068,84.56,84.58,84.13,6508.576086752,0,6508.576086752,quantile,0.95,0.269999999999996,2019-10-01T09:00:18.190257102+02:00,2019-10-01T09:00:18.190257102+02:00,2019-10-01T17:29:58.552073359+02:00,30580.361816
2019-10-01 10:48:49.428532003+02:00,1569919729428532003,1,bid,0.4500000000000028,84.56,84.59,84.11,6511.238274901,0,6511.238274901,quantile,0.95,0.269999999999996,2019-10-01T09:00:18.190257102+02:00,2019-10-01T09:00:18.190257102+02:00,2019-10-01T17:29:58.552073359+02:00,30580.361816
2019-10-01 10:48:57.850813561+02:00,1569919737850813561,1,bid,0.269999999999996,84.57,84.59,84.3,6519.660556459,0,6519.660556459,quantile,0.95,0.269999999999996,2019-10-01T09:00:18.190257102+02:00,2019-10-01T09:00:18.190257102+02:00,2019-10-01T17:29:58.552073359+02:00,30580.361816
2019-10-01 10:49:01.450918569+02:00,1569919741450918569,1,bid,0.4399999999999977,84.59,84.6,84.15,6523.260661467,0,6523.260661467,quantile,0.95,0.269999999999996,2019-10-01T09:00:18.190257102+02:00,2019-10-01T09:00:18.190257102+02:00,2019-10-01T17:29:58.552073359+02:00,30580.361816
2019-10-01 10:49:01.593749521+02:00,1569919741593749521,1,bid,0.4500000000000028,84.58,84.6,84.13,6523.403492419,0,6523.403492419,quantile,0.95,0.269999999999996,2019-10-01T09:00:18.190257102+02:00,2019-10-01T09:00:18.190257102+02:00,2019-10-01T17:29:58.552073359+02:00,30580.361816
2019-10-01 10:49:13.006975643+02:00,1569919753006975643,1,bid,0.4500000000000028,84.56,84.58,84.11,6534.816718541,0,6534.816718541,quantile,0.95,0.269999999999996,2019-10-01T09:00:18.190257102+02:00,2019-10-01T09:00:18.190257102+02:00,2019-10-01T17:29:58.552073359+02:00,30580.361816
2019-10-01 10:49:32.803400195+02:00,1569919772803400195,1,bid,0.269999999999996,84.55,84.58,84.28,6554.613143093,0,6554.613143093,quantile,0.95,0.269999999999996,2019-10-01T09:00:18.190257102+02:00,2019-10-01T09:00:18.190257102+02:00,2019-10-01T17:29:58.552073359+02:00,30580.361816
2019-10-01 10:50:02.025268648+02:00,1569919802025268648,1,bid,0.4399999999999977,84.58,84.6,84.14,6583.835011546,0,6583.835011546,quantile,0.95,0.269999999999996,2019-10-01T09:00:18.190257102+02:00,2019-10-01T09:00:18.190257102+02:00,2019-10-01T17:29:58.552073359+02:00,30580.361816
2019-10-01 10:50:14.993359818+02:00,1569919814993359818,1,bid,0.269999999999996,84.6,84.61,84.33,6596.803102716,0,6596.803102716,quantile,0.95,0.269999999999996,2019-10-01T09:00:18.190257102+02:00,2019-10-01T09:00:18.190257102+02:00,2019-10-01T17:29:58.552073359+02:00,30580.361816
2019-10-01 10:50:33.353228513+02:00,1569919833353228513,1,bid,0.4399999999999977,84.56,84.59,84.12,6615.162971411,0,6615.162971411,quantile,0.95,0.269999999999996,2019-10-01T09:00:18.190257102+02:00,2019-10-01T09:00:18.190257102+02:00,2019-10-01T17:29:58.552073359+02:00,30580.361816
2019-10-01 10:50:45.026655562+02:00,1569919845026655562,1,bid,0.269999999999996,84.57,84.59,84.3,6626.83639846,0,6626.83639846,quantile,0.95,0.269999999999996,2019-10-01T09:00:18.190257102+02:00,2019-10-01T09:00:18.190257102+02:00,2019-10-01T17:29:58.552073359+02:00,30580.361816
2019-10-01 10:50:55.029550337+02:00,1569919855029550337,1,bid,0.269999999999996,84.56,84.58,84.29,6636.839293235,0,6636.839293235,quantile,0.95,0.269999999999996,2019-10-01T09:00:18.190257102+02:00,2019-10-01T09:00:18.190257102+02:00,2019-10-01T17:29:58.552073359+02:00,30580.361816
2019-10-01 10:51:40.925505335+02:00,1569919900925505335,1,bid,0.4500000000000028,84.55,84.57,84.1,6682.735248233,0,6682.735248233,quantile,0.95,0.269999999999996,2019-10-01T09:00:18.190257102+02:00,2019-10-01T09:00:18.190257102+02:00,2019-10-01T17:29:58.552073359+02:00,30580.361816
2019-10-01 10:51:45.747174781+02:00,1569919905747174781,1,bid,0.4300000000000068,84.56,84.58,84.13,6687.556917679,0,6687.556917679,quantile,0.95,0.269999999999996,2019-10-01T09:00:18.190257102+02:00,2019-10-01T09:00:18.190257102+02:00,2019-10-01T17:29:58.552073359+02:00,30580.361816
2019-10-01 10:52:23.103066830+02:00,1569919943103066830,1,bid,0.2700000000000102,84.59,84.61,84.32,6724.912809728,0,6724.912809728,quantile,0.95,0.269999999999996,2019-10-01T09:00:18.190257102+02:00,2019-10-01T09:00:18.190257102+02:00,2019-10-01T17:29:58.552073359+02:00,30580.361816
2019-10-01 10:52:23.754284771+02:00,1569919943754284771,1,bid,0.4300000000000068,84.59,84.61,84.16,6725.564027669,0,6725.564027669,quantile,0.95,0.269999999999996,2019-10-01T09:00:18.190257102+02:00,2019-10-01T09:00:18.190257102+02:00,2019-10-01T17:29:58.552073359+02:00,30580.361816
2019-10-01 10:53:03.153580194+02:00,1569919983153580194,1,bid,0.269999999999996,84.6,84.62,84.33,6764.963323092,0,6764.963323092,quantile,0.95,0.269999999999996,2019-10-01T09:00:18.190257102+02:00,2019-10-01T09:00:18.190257102+02:00,2019-10-01T17:29:58.552073359+02:00,30580.361816
2019-10-01 10:53:08.580986362+02:00,1569919988580986362,1,bid,0.4399999999999977,84.58,84.6,84.14,6770.39072926,0,6770.39072926,quantile,0.95,0.269999999999996,2019-10-01T09:00:18.190257102+02:00,2019-10-01T09:00:18.190257102+02:00,2019-10-01T17:29:58.552073359+02:00,30580.361816
2019-10-01 10:53:20.910738384+02:00,1569920000910738384,1,bid,0.5799999999999983,84.58,84.59,84.0,6782.720481282,0,6782.720481282,quantile,0.95,0.269999999999996,2019-10-01T09:00:18.190257102+02:00,2019-10-01T09:00:18.190257102+02:00,2019-10-01T17:29:58.552073359+02:00,30580.361816
2019-10-01 10:53:23.193698704+02:00,1569920003193698704,1,bid,0.269999999999996,84.58,84.6,84.31,6785.003441602,0,6785.003441602,quantile,0.95,0.269999999999996,2019-10-01T09:00:18.190257102+02:00,2019-10-01T09:00:18.190257102+02:00,2019-10-01T17:29:58.552073359+02:00,30580.361816
2019-10-01 10:53:43.203111878+02:00,1569920023203111878,1,bid,0.269999999999996,84.6,84.62,84.33,6805.012854776,0,6805.012854776,quantile,0.95,0.269999999999996,2019-10-01T09:00:18.190257102+02:00,2019-10-01T09:00:18.190257102+02:00,2019-10-01T17:29:58.552073359+02:00,30580.361816
2019-10-01 10:53:48.053091199+02:00,1569920028053091199,1,bid,0.4299999999999926,84.6,84.62,84.17,6809.862834097,0,6809.862834097,quantile,0.95,0.269999999999996,2019-10-01T09:00:18.190257102+02:00,2019-10-01T09:00:18.190257102+02:00,2019-10-01T17:29:58.552073359+02:00,30580.361816
2019-10-01 10:54:01.024758429+02:00,1569920041024758429,1,bid,0.4399999999999977,84.59,84.62,84.15,6822.834501327,0,6822.834501327,quantile,0.95,0.269999999999996,2019-10-01T09:00:18.190257102+02:00,2019-10-01T09:00:18.190257102+02:00,2019-10-01T17:29:58.552073359+02:00,30580.361816
2019-10-01 10:54:30.254393899+02:00,1569920070254393899,1,bid,0.2700000000000102,84.59,84.61,84.32,6852.064136797,0,6852.064136797,quantile,0.95,0.269999999999996,2019-10-01T09:00:18.190257102+02:00,2019-10-01T09:00:18.190257102+02:00,2019-10-01T17:29:58.552073359+02:00,30580.361816
2019-10-01 10:54:47.946431426+02:00,1569920087946431426,1,bid,0.4500000000000028,84.58,84.61,84.13,6869.756174324,0,6869.756174324,quantile,0.95,0.269999999999996,2019-10-01T09:00:18.190257102+02:00,2019-10-01T09:00:18.190257102+02:00,2019-10-01T17:29:58.552073359+02:00,30580.361816
2019-10-01 10:54:57.711989832+02:00,1569920097711989832,1,bid,0.4399999999999977,84.6,84.62,84.16,6879.52173273,0,6879.52173273,quantile,0.95,0.269999999999996,2019-10-01T09:00:18.190257102+02:00,2019-10-01T09:00:18.190257102+02:00,2019-10-01T17:29:58.552073359+02:00,30580.361816
2019-10-01 10:55:04.981592359+02:00,1569920104981592359,1,bid,0.4500000000000028,84.64,84.65,84.19,6886.791335257,0,6886.791335257,quantile,0.95,0.269999999999996,2019-10-01T09:00:18.190257102+02:00,2019-10-01T09:00:18.190257102+02:00,2019-10-01T17:29:58.552073359+02:00,30580.361816
2019-10-01 10:55:07.953946922+02:00,1569920107953946922,1,bid,0.2700000000000102,84.62,84.64,84.35,6889.76368982,0,6889.76368982,quantile,0.95,0.269999999999996,2019-10-01T09:00:18.190257102+02:00,2019-10-01T09:00:18.190257102+02:00,2019-10-01T17:29:58.552073359+02:00,30580.361816
2019-10-01 10:55:08.916102406+02:00,1569920108916102406,1,bid,0.4399999999999977,84.61,84.63,84.17,6890.725845304,0,6890.725845304,quantile,0.95,0.269999999999996,2019-10-01T09:00:18.190257102+02:00,2019-10-01T09:00:18.190257102+02:00,2019-10-01T17:29:58.552073359+02:00,30580.361816
2019-10-01 10:55:17.953832412+02:00,1569920117953832412,1,bid,0.269999999999996,84.61,84.63,84.34,6899.76357531,0,6899.76357531,quantile,0.95,0.269999999999996,2019-10-01T09:00:18.190257102+02:00,2019-10-01T09:00:18.190257102+02:00,2019-10-01T17:29:58.552073359+02:00,30580.361816
2019-10-01 10:55:46.400755694+02:00,1569920146400755694,1,bid,0.4399999999999977,84.59,84.62,84.15,6928.210498592,0,6928.210498592,quantile,0.95,0.269999999999996,2019-10-01T09:00:18.190257102+02:00,2019-10-01T09:00:18.190257102+02:00,2019-10-01T17:29:58.552073359+02:00,30580.361816
2019-10-01 10:55:57.058612284+02:00,1569920157058612284,1,bid,0.4399999999999977,84.57,84.6,84.13,6938.868355182,0,6938.868355182,quantile,0.95,0.269999999999996,2019-10-01T09:00:18.190257102+02:00,2019-10-01T09:00:18.190257102+02:00,2019-10-01T17:29:58.552073359+02:00,30580.361816
2019-10-01 10:56:16.404018803+02:00,1569920176404018803,1,bid,0.2700000000000102,84.59,84.61,84.32,6958.213761701,0,6958.213761701,quantile,0.95,0.269999999999996,2019-10-01T09:00:18.190257102+02:00,2019-10-01T09:00:18.190257102+02:00,2019-10-01T17:29:58.552073359+02:00,30580.361816
2019-10-01 10:57:25.118266109+02:00,1569920245118266109,1,bid,0.4399999999999977,84.6,84.62,84.16,7026.928009007,0,7026.928009007,quantile,0.95,0.269999999999996,2019-10-01T09:00:18.190257102+02:00,2019-10-01T09:00:18.190257102+02:00,2019-10-01T17:29:58.552073359+02:00,30580.361816
2019-10-01 10:57:26.807770028+02:00,1569920246807770028,1,bid,0.4399999999999977,84.58,84.6,84.14,7028.617512926,0,7028.617512926,quantile,0.95,0.269999999999996,2019-10-01T09:00:18.190257102+02:00,2019-10-01T09:00:18.190257102+02:00,2019-10-01T17:29:58.552073359+02:00,30580.361816
2019-10-01 10:57:46.494207708+02:00,1569920266494207708,1,bid,0.269999999999996,84.58,84.6,84.31,7048.303950606,0,7048.303950606,quantile,0.95,0.269999999999996,2019-10-01T09:00:18.190257102+02:00,2019-10-01T09:00:18.190257102+02:00,2019-10-01T17:29:58.552073359+02:00,30580.361816
2019-10-01 10:57:58.659285067+02:00,1569920278659285067,1,bid,0.4499999999999886,84.57,84.59,84.12,7060.469027965,0,7060.469027965,quantile,0.95,0.269999999999996,2019-10-01T09:00:18.190257102+02:00,2019-10-01T09:00:18.190257102+02:00,2019-10-01T17:29:58.552073359+02:00,30580.361816
2019-10-01 10:58:08.659427409+02:00,1569920288659427409,1,bid,0.269999999999996,84.57,84.58,84.3,7070.469170307,0,7070.469170307,quantile,0.95,0.269999999999996,2019-10-01T09:00:18.190257102+02:00,2019-10-01T09:00:18.190257102+02:00,2019-10-01T17:29:58.552073359+02:00,30580.361816
2019-10-01 10:58:28.663828910+02:00,1569920308663828910,1,bid,0.269999999999996,84.56,84.58,84.29,7090.473571808,0,7090.473571808,quantile,0.95,0.269999999999996,2019-10-01T09:00:18.190257102+02:00,2019-10-01T09:00:18.190257102+02:00,2019-10-01T17:29:58.552073359+02:00,30580.361816
2019-10-01 10:58:30.190313791+02:00,1569920310190313791,1,bid,0.4500000000000028,84.55,84.58,84.1,7092.000056689,0,7092.000056689,quantile,0.95,0.269999999999996,2019-10-01T09:00:18.190257102+02:00,2019-10-01T09:00:18.190257102+02:00,2019-10-01T17:29:58.552073359+02:00,30580.361816
2019-10-01 10:58:33.292709168+02:00,1569920313292709168,1,bid,0.4399999999999977,84.53,84.55,84.09,7095.102452066,0,7095.102452066,quantile,0.95,0.269999999999996,2019-10-01T09:00:18.190257102+02:00,2019-10-01T09:00:18.190257102+02:00,2019-10-01T17:29:58.552073359+02:00,30580.361816
2019-10-01 10:58:48.695384029+02:00,1569920328695384029,1,bid,0.269999999999996,84.53,84.55,84.26,7110.505126927,0,7110.505126927,quantile,0.95,0.269999999999996,2019-10-01T09:00:18.190257102+02:00,2019-10-01T09:00:18.190257102+02:00,2019-10-01T17:29:58.552073359+02:00,30580.361816
2019-10-01 10:58:54.948916868+02:00,1569920334948916868,1,bid,0.4400000000000119,84.51,84.54,84.07,7116.758659766,0,7116.758659766,quantile,0.95,0.269999999999996,2019-10-01T09:00:18.190257102+02:00,2019-10-01T09:00:18.190257102+02:00,2019-10-01T17:29:58.552073359+02:00,30580.361816
2019-10-01 10:58:57.463305582+02:00,1569920337463305582,1,bid,0.4500000000000028,84.5,84.51,84.05,7119.27304848,0,7119.27304848,quantile,0.95,0.269999999999996,2019-10-01T09:00:18.190257102+02:00,2019-10-01T09:00:18.190257102+02:00,2019-10-01T17:29:58.552073359+02:00,30580.361816
2019-10-01 10:59:00.964553196+02:00,1569920340964553196,1,bid,0.4300000000000068,84.51,84.53,84.08,7122.774296094,0,7122.774296094,quantile,0.95,0.269999999999996,2019-10-01T09:00:18.190257102+02:00,2019-10-01T09:00:18.190257102+02:00,2019-10-01T17:29:58.552073359+02:00,30580.361816
2019-10-01 10:59:37.663352327+02:00,1569920377663352327,1,bid,0.4300000000000068,84.54,84.56,84.11,7159.473095225,0,7159.473095225,quantile,0.95,0.269999999999996,2019-10-01T09:00:18.190257102+02:00,2019-10-01T09:00:18.190257102+02:00,2019-10-01T17:29:58.552073359+02:00,30580.361816
2019-10-01 11:00:05.393923034+02:00,1569920405393923034,1,bid,0.4599999999999937,84.55,84.57,84.09,7187.203665932,0,7187.203665932,quantile,0.95,0.269999999999996,2019-10-01T09:00:18.190257102+02:00,2019-10-01T09:00:18.190257102+02:00,2019-10-01T17:29:58.552073359+02:00,30580.361816
2019-10-01 11:00:09.978340404+02:00,1569920409978340404,1,bid,0.4299999999999926,84.55,84.57,84.12,7191.788083302,0,7191.788083302,quantile,0.95,0.269999999999996,2019-10-01T09:00:18.190257102+02:00,2019-10-01T09:00:18.190257102+02:00,2019-10-01T17:29:58.552073359+02:00,30580.361816
2019-10-01 11:00:33.209960921+02:00,1569920433209960921,1,bid,0.269999999999996,84.57,84.58,84.3,7215.019703819,0,7215.019703819,quantile,0.95,0.269999999999996,2019-10-01T09:00:18.190257102+02:00,2019-10-01T09:00:18.190257102+02:00,2019-10-01T17:29:58.552073359+02:00,30580.361816
2019-10-01 11:00:50.355394211+02:00,1569920450355394211,1,bid,0.8199999999999932,84.58,84.6,83.76,7232.165137109,0,7232.165137109,quantile,0.95,0.269999999999996,2019-10-01T09:00:18.190257102+02:00,2019-10-01T09:00:18.190257102+02:00,2019-10-01T17:29:58.552073359+02:00,30580.361816
2019-10-01 11:01:09.994499135+02:00,1569920469994499135,1,bid,0.4399999999999977,84.59,84.6,84.15,7251.804242033,0,7251.804242033,quantile,0.95,0.269999999999996,2019-10-01T09:00:18.190257102+02:00,2019-10-01T09:00:18.190257102+02:00,2019-10-01T17:29:58.552073359+02:00,30580.361816
2019-10-01 11:01:19.997270385+02:00,1569920479997270385,1,bid,0.2700000000000102,84.59,84.6,84.32,7261.807013283,0,7261.807013283,quantile,0.95,0.269999999999996,2019-10-01T09:00:18.190257102+02:00,2019-10-01T09:00:18.190257102+02:00,2019-10-01T17:29:58.552073359+02:00,30580.361816
2019-10-01 11:01:39.354823667+02:00,1569920499354823667,1,bid,0.4399999999999977,84.57,84.59,84.13,7281.164566565,0,7281.164566565,quantile,0.95,0.269999999999996,2019-10-01T09:00:18.190257102+02:00,2019-10-01T09:00:18.190257102+02:00,2019-10-01T17:29:58.552073359+02:00,30580.361816
2019-10-01 11:01:39.631401005+02:00,1569920499631401005,1,bid,0.4500000000000028,84.55,84.57,84.1,7281.441143903,0,7281.441143903,quantile,0.95,0.269999999999996,2019-10-01T09:00:18.190257102+02:00,2019-10-01T09:00:18.190257102+02:00,2019-10-01T17:29:58.552073359+02:00,30580.361816
2019-10-01 11:01:50.004147427+02:00,1569920510004147427,1,bid,0.269999999999996,84.55,84.56,84.28,7291.813890325,0,7291.813890325,quantile,0.95,0.269999999999996,2019-10-01T09:00:18.190257102+02:00,2019-10-01T09:00:18.190257102+02:00,2019-10-01T17:29:58.552073359+02:00,30580.361816
2019-10-01 11:02:00.407441219+02:00,1569920520407441219,1,bid,0.6000000000000085,84.56,84.58,83.96,7302.217184117,0,7302.217184117,quantile,0.95,0.269999999999996,2019-10-01T09:00:18.190257102+02:00,2019-10-01T09:00:18.190257102+02:00,2019-10-01T17:29:58.552073359+02:00,30580.361816
2019-10-01 11:02:07.573680620+02:00,1569920527573680620,1,bid,0.8199999999999932,84.55,84.57,83.73,7309.383423518,0,7309.383423518,quantile,0.95,0.269999999999996,2019-10-01T09:00:18.190257102+02:00,2019-10-01T09:00:18.190257102+02:00,2019-10-01T17:29:58.552073359+02:00,30580.361816
2019-10-01 11:02:07.720691215+02:00,1569920527720691215,1,bid,0.4399999999999977,84.57,84.58,84.13,7309.530434113,0,7309.530434113,quantile,0.95,0.269999999999996,2019-10-01T09:00:18.190257102+02:00,2019-10-01T09:00:18.190257102+02:00,2019-10-01T17:29:58.552073359+02:00,30580.361816
2019-10-01 11:02:10.003624827+02:00,1569920530003624827,1,bid,0.269999999999996,84.57,84.6,84.3,7311.813367725,0,7311.813367725,quantile,0.95,0.269999999999996,2019-10-01T09:00:18.190257102+02:00,2019-10-01T09:00:18.190257102+02:00,2019-10-01T17:29:58.552073359+02:00,30580.361816
2019-10-01 11:03:34.038961475+02:00,1569920614038961475,1,bid,0.4300000000000068,84.59,84.61,84.16,7395.848704373,0,7395.848704373,quantile,0.95,0.269999999999996,2019-10-01T09:00:18.190257102+02:00,2019-10-01T09:00:18.190257102+02:00,2019-10-01T17:29:58.552073359+02:00,30580.361816
2019-10-01 11:03:35.710602253+02:00,1569920615710602253,1,bid,1.490000000000009,84.59,84.61,83.1,7397.520345151,0,7397.520345151,quantile,0.95,0.269999999999996,2019-10-01T09:00:18.190257102+02:00,2019-10-01T09:00:18.190257102+02:00,2019-10-01T17:29:58.552073359+02:00,30580.361816
2019-10-01 11:03:36.621713803+02:00,1569920616621713803,1,bid,0.4399999999999977,84.58,84.6,84.14,7398.431456701,0,7398.431456701,quantile,0.95,0.269999999999996,2019-10-01T09:00:18.190257102+02:00,2019-10-01T09:00:18.190257102+02:00,2019-10-01T17:29:58.552073359+02:00,30580.361816
2019-10-01 11:04:08.974626297+02:00,1569920648974626297,1,bid,0.4499999999999886,84.57,84.6,84.12,7430.784369195,0,7430.784369195,quantile,0.95,0.269999999999996,2019-10-01T09:00:18.190257102+02:00,2019-10-01T09:00:18.190257102+02:00,2019-10-01T17:29:58.552073359+02:00,30580.361816
2019-10-01 11:04:16.445865020+02:00,1569920656445865020,1,bid,0.4399999999999977,84.59,84.61,84.15,7438.255607918,0,7438.255607918,quantile,0.95,0.269999999999996,2019-10-01T09:00:18.190257102+02:00,2019-10-01T09:00:18.190257102+02:00,2019-10-01T17:29:58.552073359+02:00,30580.361816
2019-10-01 11:04:32.253659164+02:00,1569920672253659164,1,bid,0.269999999999996,84.6,84.62,84.33,7454.063402062,0,7454.063402062,quantile,0.95,0.269999999999996,2019-10-01T09:00:18.190257102+02:00,2019-10-01T09:00:18.190257102+02:00,2019-10-01T17:29:58.552073359+02:00,30580.361816
2019-10-01 11:04:52.822369671+02:00,1569920692822369671,1,bid,0.4399999999999977,84.62,84.64,84.18,7474.632112569,0,7474.632112569,quantile,0.95,0.269999999999996,2019-10-01T09:00:18.190257102+02:00,2019-10-01T09:00:18.190257102+02:00,2019-10-01T17:29:58.552073359+02:00,30580.361816
2019-10-01 11:05:07.335630776+02:00,1569920707335630776,1,bid,0.4500000000000028,84.61,84.63,84.16,7489.145373674,0,7489.145373674,quantile,0.95,0.269999999999996,2019-10-01T09:00:18.190257102+02:00,2019-10-01T09:00:18.190257102+02:00,2019-10-01T17:29:58.552073359+02:00,30580.361816
2019-10-01 11:05:22.035375299+02:00,1569920722035375299,1,bid,0.4399999999999977,84.63,84.65,84.19,7503.845118197,0,7503.845118197,quantile,0.95,0.269999999999996,2019-10-01T09:00:18.190257102+02:00,2019-10-01T09:00:18.190257102+02:00,2019-10-01T17:29:58.552073359+02:00,30580.361816
2019-10-01 11:06:13.702480332+02:00,1569920773702480332,1,bid,0.4399999999999977,84.66,84.67,84.22,7555.51222323,0,7555.51222323,quantile,0.95,0.269999999999996,2019-10-01T09:00:18.190257102+02:00,2019-10-01T09:00:18.190257102+02:00,2019-10-01T17:29:58.552073359+02:00,30580.361816
2019-10-01 11:06:14.385898782+02:00,1569920774385898782,1,bid,0.6000000000000085,84.67,84.68,84.07,7556.19564168,0,7556.19564168,quantile,0.95,0.269999999999996,2019-10-01T09:00:18.190257102+02:00,2019-10-01T09:00:18.190257102+02:00,2019-10-01T17:29:58.552073359+02:00,30580.361816
2019-10-01 11:06:17.506585691+02:00,1569920777506585691,1,bid,0.4500000000000028,84.7,84.71,84.25,7559.316328589,0,7559.316328589,quantile,0.95,0.269999999999996,2019-10-01T09:00:18.190257102+02:00,2019-10-01T09:00:18.190257102+02:00,2019-10-01T17:29:58.552073359+02:00,30580.361816
2019-10-01 11:06:22.078950710+02:00,1569920782078950710,1,bid,0.4500000000000028,84.68,84.7,84.23,7563.888693608,0,7563.888693608,quantile,0.95,0.269999999999996,2019-10-01T09:00:18.190257102+02:00,2019-10-01T09:00:18.190257102+02:00,2019-10-01T17:29:58.552073359+02:00,30580.361816
2019-10-01 11:06:37.572947267+02:00,1569920797572947267,1,bid,0.2700000000000102,84.68,84.71,84.41,7579.382690165,0,7579.382690165,quantile,0.95,0.269999999999996,2019-10-01T09:00:18.190257102+02:00,2019-10-01T09:00:18.190257102+02:00,2019-10-01T17:29:58.552073359+02:00,30580.361816
2019-10-01 11:06:57.242359038+02:00,1569920817242359038,1,bid,0.4399999999999977,84.7,84.72,84.26,7599.052101936,0,7599.052101936,quantile,0.95,0.269999999999996,2019-10-01T09:00:18.190257102+02:00,2019-10-01T09:00:18.190257102+02:00,2019-10-01T17:29:58.552073359+02:00,30580.361816
2019-10-01 11:07:06.699207197+02:00,1569920826699207197,1,bid,0.269999999999996,84.7,84.72,84.43,7608.508950095,0,7608.508950095,quantile,0.95,0.269999999999996,2019-10-01T09:00:18.190257102+02:00,2019-10-01T09:00:18.190257102+02:00,2019-10-01T17:29:58.552073359+02:00,30580.361816
2019-10-01 11:07:25.558260261+02:00,1569920845558260261,1,bid,0.4299999999999926,84.72,84.74,84.29,7627.368003159,0,7627.368003159,quantile,0.95,0.269999999999996,2019-10-01T09:00:18.190257102+02:00,2019-10-01T09:00:18.190257102+02:00,2019-10-01T17:29:58.552073359+02:00,30580.361816
2019-10-01 11:07:26.700783434+02:00,1569920846700783434,1,bid,0.269999999999996,84.72,84.74,84.45,7628.510526332,0,7628.510526332,quantile,0.95,0.269999999999996,2019-10-01T09:00:18.190257102+02:00,2019-10-01T09:00:18.190257102+02:00,2019-10-01T17:29:58.552073359+02:00,30580.361816
2019-10-01 11:07:31.877173604+02:00,1569920851877173604,1,bid,0.4399999999999977,84.71,84.73,84.27,7633.686916502,0,7633.686916502,quantile,0.95,0.269999999999996,2019-10-01T09:00:18.190257102+02:00,2019-10-01T09:00:18.190257102+02:00,2019-10-01T17:29:58.552073359+02:00,30580.361816
2019-10-01 11:08:10.704046685+02:00,1569920890704046685,1,bid,0.4300000000000068,84.73,84.75,84.3,7672.513789583,0,7672.513789583,quantile,0.95,0.269999999999996,2019-10-01T09:00:18.190257102+02:00,2019-10-01T09:00:18.190257102+02:00,2019-10-01T17:29:58.552073359+02:00,30580.361816
2019-10-01 11:08:17.091675394+02:00,1569920897091675394,1,bid,0.4399999999999977,84.72,84.74,84.28,7678.901418292,0,7678.901418292,quantile,0.95,0.269999999999996,2019-10-01T09:00:18.190257102+02:00,2019-10-01T09:00:18.190257102+02:00,2019-10-01T17:29:58.552073359+02:00,30580.361816
2019-10-01 11:08:40.730373569+02:00,1569920920730373569,1,bid,0.269999999999996,84.72,84.75,84.45,7702.540116467,0,7702.540116467,quantile,0.95,0.269999999999996,2019-10-01T09:00:18.190257102+02:00,2019-10-01T09:00:18.190257102+02:00,2019-10-01T17:29:58.552073359+02:00,30580.361816
2019-10-01 11:09:25.235746125+02:00,1569920965235746125,1,bid,0.4399999999999977,84.75,84.76,84.31,7747.045489023,0,7747.045489023,quantile,0.95,0.269999999999996,2019-10-01T09:00:18.190257102+02:00,2019-10-01T09:00:18.190257102+02:00,2019-10-01T17:29:58.552073359+02:00,30580.361816
2019-10-01 11:09:35.236665095+02:00,1569920975236665095,1,bid,0.269999999999996,84.75,84.77,84.48,7757.046407993,0,7757.046407993,quantile,0.95,0.269999999999996,2019-10-01T09:00:18.190257102+02:00,2019-10-01T09:00:18.190257102+02:00,2019-10-01T17:29:58.552073359+02:00,30580.361816
2019-10-01 11:10:03.686921492+02:00,1569921003686921492,1,bid,0.4399999999999977,84.73,84.75,84.29,7785.49666439,0,7785.49666439,quantile,0.95,0.269999999999996,2019-10-01T09:00:18.190257102+02:00,2019-10-01T09:00:18.190257102+02:00,2019-10-01T17:29:58.552073359+02:00,30580.361816
2019-10-01 11:10:21.367971309+02:00,1569921021367971309,1,bid,0.269999999999996,84.74,84.75,84.47,7803.177714207,0,7803.177714207,quantile,0.95,0.269999999999996,2019-10-01T09:00:18.190257102+02:00,2019-10-01T09:00:18.190257102+02:00,2019-10-01T17:29:58.552073359+02:00,30580.361816
2019-10-01 11:10:41.805492106+02:00,1569921041805492106,1,bid,0.4399999999999977,84.71,84.74,84.27,7823.615235004,0,7823.615235004,quantile,0.95,0.269999999999996,2019-10-01T09:00:18.190257102+02:00,2019-10-01T09:00:18.190257102+02:00,2019-10-01T17:29:58.552073359+02:00,30580.361816
2019-10-01 11:10:41.806589919+02:00,1569921041806589919,1,bid,0.4500000000000028,84.7,84.71,84.25,7823.616332817,0,7823.616332817,quantile,0.95,0.269999999999996,2019-10-01T09:00:18.190257102+02:00,2019-10-01T09:00:18.190257102+02:00,2019-10-01T17:29:58.552073359+02:00,30580.361816
2019-10-01 11:10:56.390726454+02:00,1569921056390726454,1,bid,0.4399999999999977,84.72,84.74,84.28,7838.200469352,0,7838.200469352,quantile,0.95,0.269999999999996,2019-10-01T09:00:18.190257102+02:00,2019-10-01T09:00:18.190257102+02:00,2019-10-01T17:29:58.552073359+02:00,30580.361816
2019-10-01 11:11:06.566977501+02:00,1569921066566977501,1,bid,0.4499999999999886,84.71,84.73,84.26,7848.376720399,0,7848.376720399,quantile,0.95,0.269999999999996,2019-10-01T09:00:18.190257102+02:00,2019-10-01T09:00:18.190257102+02:00,2019-10-01T17:29:58.552073359+02:00,30580.361816
2019-10-01 11:11:14.631764152+02:00,1569921074631764152,1,bid,0.4500000000000028,84.69,84.71,84.24,7856.44150705,0,7856.44150705,quantile,0.95,0.269999999999996,2019-10-01T09:00:18.190257102+02:00,2019-10-01T09:00:18.190257102+02:00,2019-10-01T17:29:58.552073359+02:00,30580.361816
2019-10-01 11:11:24.640580882+02:00,1569921084640580882,1,bid,0.4399999999999977,84.71,84.72,84.27,7866.45032378,0,7866.45032378,quantile,0.95,0.269999999999996,2019-10-01T09:00:18.190257102+02:00,2019-10-01T09:00:18.190257102+02:00,2019-10-01T17:29:58.552073359+02:00,30580.361816
2019-10-01 11:11:51.276282269+02:00,1569921111276282269,1,bid,0.4599999999999937,84.69,84.7,84.23,7893.086025167,0,7893.086025167,quantile,0.95,0.269999999999996,2019-10-01T09:00:18.190257102+02:00,2019-10-01T09:00:18.190257102+02:00,2019-10-01T17:29:58.552073359+02:00,30580.361816
2019-10-01 11:12:00.500861688+02:00,1569921120500861688,1,bid,0.4299999999999926,84.69,84.71,84.26,7902.310604586,0,7902.310604586,quantile,0.95,0.269999999999996,2019-10-01T09:00:18.190257102+02:00,2019-10-01T09:00:18.190257102+02:00,2019-10-01T17:29:58.552073359+02:00,30580.361816
2019-10-01 11:12:01.426720781+02:00,1569921121426720781,1,bid,0.269999999999996,84.7,84.71,84.43,7903.236463679,0,7903.236463679,quantile,0.95,0.269999999999996,2019-10-01T09:00:18.190257102+02:00,2019-10-01T09:00:18.190257102+02:00,2019-10-01T17:29:58.552073359+02:00,30580.361816
2019-10-01 11:12:07.017922845+02:00,1569921127017922845,1,bid,0.4400000000000119,84.68,84.7,84.24,7908.827665743,0,7908.827665743,quantile,0.95,0.269999999999996,2019-10-01T09:00:18.190257102+02:00,2019-10-01T09:00:18.190257102+02:00,2019-10-01T17:29:58.552073359+02:00,30580.361816
2019-10-01 11:12:14.282262580+02:00,1569921134282262580,1,bid,0.4500000000000028,84.67,84.7,84.22,7916.092005478,0,7916.092005478,quantile,0.95,0.269999999999996,2019-10-01T09:00:18.190257102+02:00,2019-10-01T09:00:18.190257102+02:00,2019-10-01T17:29:58.552073359+02:00,30580.361816
2019-10-01 11:12:31.450982136+02:00,1569921151450982136,1,bid,0.269999999999996,84.67,84.7,84.4,7933.260725034,0,7933.260725034,quantile,0.95,0.269999999999996,2019-10-01T09:00:18.190257102+02:00,2019-10-01T09:00:18.190257102+02:00,2019-10-01T17:29:58.552073359+02:00,30580.361816
2019-10-01 11:12:43.621408111+02:00,1569921163621408111,1,bid,0.4300000000000068,84.68,84.71,84.25,7945.431151009,0,7945.431151009,quantile,0.95,0.269999999999996,2019-10-01T09:00:18.190257102+02:00,2019-10-01T09:00:18.190257102+02:00,2019-10-01T17:29:58.552073359+02:00,30580.361816
2019-10-01 11:13:19.969949945+02:00,1569921199969949945,1,bid,0.4399999999999977,84.67,84.69,84.23,7981.779692843,0,7981.779692843,quantile,0.95,0.269999999999996,2019-10-01T09:00:18.190257102+02:00,2019-10-01T09:00:18.190257102+02:00,2019-10-01T17:29:58.552073359+02:00,30580.361816
2019-10-01 11:13:24.544095289+02:00,1569921204544095289,1,bid,0.4299999999999926,84.69,84.71,84.26,7986.353838187,0,7986.353838187,quantile,0.95,0.269999999999996,2019-10-01T09:00:18.190257102+02:00,2019-10-01T09:00:18.190257102+02:00,2019-10-01T17:29:58.552073359+02:00,30580.361816
2019-10-01 11:13:29.895987370+02:00,1569921209895987370,1,bid,0.4400000000000119,84.68,84.71,84.24,7991.705730268,0,7991.705730268,quantile,0.95,0.269999999999996,2019-10-01T09:00:18.190257102+02:00,2019-10-01T09:00:18.190257102+02:00,2019-10-01T17:29:58.552073359+02:00,30580.361816
2019-10-01 11:13:54.892565046+02:00,1569921234892565046,1,bid,0.4399999999999977,84.7,84.73,84.26,8016.702307944,0,8016.702307944,quantile,0.95,0.269999999999996,2019-10-01T09:00:18.190257102+02:00,2019-10-01T09:00:18.190257102+02:00,2019-10-01T17:29:58.552073359+02:00,30580.361816
2019-10-01 11:14:02.852573169+02:00,1569921242852573169,1,bid,0.4299999999999926,84.72,84.75,84.29,8024.662316067,0,8024.662316067,quantile,0.95,0.269999999999996,2019-10-01T09:00:18.190257102+02:00,2019-10-01T09:00:18.190257102+02:00,2019-10-01T17:29:58.552073359+02:00,30580.361816
2019-10-01 11:14:13.550957877+02:00,1569921253550957877,1,bid,0.2700000000000102,84.73,84.74,84.46,8035.360700775,0,8035.360700775,quantile,0.95,0.269999999999996,2019-10-01T09:00:18.190257102+02:00,2019-10-01T09:00:18.190257102+02:00,2019-10-01T17:29:58.552073359+02:00,30580.361816
2019-10-01 11:14:55.900690569+02:00,1569921295900690569,1,bid,0.269999999999996,84.74,84.75,84.47,8077.710433467,0,8077.710433467,quantile,0.95,0.269999999999996,2019-10-01T09:00:18.190257102+02:00,2019-10-01T09:00:18.190257102+02:00,2019-10-01T17:29:58.552073359+02:00,30580.361816
2019-10-01 11:15:20.161734132+02:00,1569921320161734132,1,bid,0.4400000000000119,84.76,84.78,84.32,8101.97147703,0,8101.97147703,quantile,0.95,0.269999999999996,2019-10-01T09:00:18.190257102+02:00,2019-10-01T09:00:18.190257102+02:00,2019-10-01T17:29:58.552073359+02:00,30580.361816
2019-10-01 11:15:30.754595366+02:00,1569921330754595366,1,bid,14.760000000000003,84.76,84.78,70.0,8112.564338264,0,8112.564338264,quantile,0.95,0.269999999999996,2019-10-01T09:00:18.190257102+02:00,2019-10-01T09:00:18.190257102+02:00,2019-10-01T17:29:58.552073359+02:00,30580.361816
2019-10-01 11:15:31.136341422+02:00,1569921331136341422,1,bid,0.5999999999999943,84.78,84.81,84.18,8112.94608432,0,8112.94608432,quantile,0.95,0.269999999999996,2019-10-01T09:00:18.190257102+02:00,2019-10-01T09:00:18.190257102+02:00,2019-10-01T17:29:58.552073359+02:00,30580.361816
2019-10-01 11:15:31.143194415+02:00,1569921331143194415,1,bid,0.4400000000000119,84.79,84.81,84.35,8112.952937313,0,8112.952937313,quantile,0.95,0.269999999999996,2019-10-01T09:00:18.190257102+02:00,2019-10-01T09:00:18.190257102+02:00,2019-10-01T17:29:58.552073359+02:00,30580.361816
2019-10-01 11:15:46.424372045+02:00,1569921346424372045,1,bid,0.4399999999999977,84.82,84.84,84.38,8128.234114943,0,8128.234114943,quantile,0.95,0.269999999999996,2019-10-01T09:00:18.190257102+02:00,2019-10-01T09:00:18.190257102+02:00,2019-10-01T17:29:58.552073359+02:00,30580.361816
2019-10-01 11:15:51.762434261+02:00,1569921351762434261,1,bid,0.4399999999999977,84.84,84.86,84.4,8133.572177159,0,8133.572177159,quantile,0.95,0.269999999999996,2019-10-01T09:00:18.190257102+02:00,2019-10-01T09:00:18.190257102+02:00,2019-10-01T17:29:58.552073359+02:00,30580.361816
2019-10-01 11:15:52.095891671+02:00,1569921352095891671,1,bid,0.4399999999999977,84.82,84.84,84.38,8133.905634569,0,8133.905634569,quantile,0.95,0.269999999999996,2019-10-01T09:00:18.190257102+02:00,2019-10-01T09:00:18.190257102+02:00,2019-10-01T17:29:58.552073359+02:00,30580.361816
2019-10-01 11:16:30.170902627+02:00,1569921390170902627,1,bid,0.4200000000000017,84.83,84.86,84.41,8171.980645525,0,8171.980645525,quantile,0.95,0.269999999999996,2019-10-01T09:00:18.190257102+02:00,2019-10-01T09:00:18.190257102+02:00,2019-10-01T17:29:58.552073359+02:00,30580.361816
2019-10-01 11:16:46.697651289+02:00,1569921406697651289,1,bid,0.4500000000000028,84.84,84.85,84.39,8188.507394187,0,8188.507394187,quantile,0.95,0.269999999999996,2019-10-01T09:00:18.190257102+02:00,2019-10-01T09:00:18.190257102+02:00,2019-10-01T17:29:58.552073359+02:00,30580.361816
2019-10-01 11:17:08.520988535+02:00,1569921428520988535,1,bid,0.4299999999999926,84.85,84.87,84.42,8210.330731433,0,8210.330731433,quantile,0.95,0.269999999999996,2019-10-01T09:00:18.190257102+02:00,2019-10-01T09:00:18.190257102+02:00,2019-10-01T17:29:58.552073359+02:00,30580.361816
2019-10-01 11:17:14.292940995+02:00,1569921434292940995,1,bid,0.5999999999999943,84.89,84.9,84.29,8216.102683893,0,8216.102683893,quantile,0.95,0.269999999999996,2019-10-01T09:00:18.190257102+02:00,2019-10-01T09:00:18.190257102+02:00,2019-10-01T17:29:58.552073359+02:00,30580.361816
2019-10-01 11:17:24.518373150+02:00,1569921444518373150,1,bid,0.269999999999996,84.88,84.9,84.61,8226.328116048,0,8226.328116048,quantile,0.95,0.269999999999996,2019-10-01T09:00:18.190257102+02:00,2019-10-01T09:00:18.190257102+02:00,2019-10-01T17:29:58.552073359+02:00,30580.361816
2019-10-01 11:17:44.453161285+02:00,1569921464453161285,1,bid,0.4500000000000028,84.84,84.86,84.39,8246.262904183,0,8246.262904183,quantile,0.95,0.269999999999996,2019-10-01T09:00:18.190257102+02:00,2019-10-01T09:00:18.190257102+02:00,2019-10-01T17:29:58.552073359+02:00,30580.361816
2019-10-01 11:17:46.691196759+02:00,1569921466691196759,1,bid,0.4299999999999926,84.85,84.87,84.42,8248.500939657,0,8248.500939657,quantile,0.95,0.269999999999996,2019-10-01T09:00:18.190257102+02:00,2019-10-01T09:00:18.190257102+02:00,2019-10-01T17:29:58.552073359+02:00,30580.361816
2019-10-01 11:18:04.550748447+02:00,1569921484550748447,1,bid,0.269999999999996,84.86,84.88,84.59,8266.360491345,0,8266.360491345,quantile,0.95,0.269999999999996,2019-10-01T09:00:18.190257102+02:00,2019-10-01T09:00:18.190257102+02:00,2019-10-01T17:29:58.552073359+02:00,30580.361816
2019-10-01 11:18:10.357665628+02:00,1569921490357665628,1,bid,0.4299999999999926,84.88,84.9,84.45,8272.167408526,0,8272.167408526,quantile,0.95,0.269999999999996,2019-10-01T09:00:18.190257102+02:00,2019-10-01T09:00:18.190257102+02:00,2019-10-01T17:29:58.552073359+02:00,30580.361816
2019-10-01 11:18:12.248584332+02:00,1569921492248584332,1,bid,0.4299999999999926,84.91,84.93,84.48,8274.05832723,0,8274.05832723,quantile,0.95,0.269999999999996,2019-10-01T09:00:18.190257102+02:00,2019-10-01T09:00:18.190257102+02:00,2019-10-01T17:29:58.552073359+02:00,30580.361816
2019-10-01 11:18:12.248769867+02:00,1569921492248769867,1,bid,0.8199999999999932,84.91,84.93,84.09,8274.058512765,0,8274.058512765,quantile,0.95,0.269999999999996,2019-10-01T09:00:18.190257102+02:00,2019-10-01T09:00:18.190257102+02:00,2019-10-01T17:29:58.552073359+02:00,30580.361816
2019-10-01 11:18:15.492044790+02:00,1569921495492044790,1,bid,0.4400000000000119,84.9,84.93,84.46,8277.301787688,0,8277.301787688,quantile,0.95,0.269999999999996,2019-10-01T09:00:18.190257102+02:00,2019-10-01T09:00:18.190257102+02:00,2019-10-01T17:29:58.552073359+02:00,30580.361816
2019-10-01 11:18:18.174341585+02:00,1569921498174341585,1,bid,0.4399999999999977,84.88,84.9,84.44,8279.984084483,0,8279.984084483,quantile,0.95,0.269999999999996,2019-10-01T09:00:18.190257102+02:00,2019-10-01T09:00:18.190257102+02:00,2019-10-01T17:29:58.552073359+02:00,30580.361816
2019-10-01 11:21:36.600712978+02:00,1569921696600712978,1,bid,0.4500000000000028,84.86,84.88,84.41,8478.410455876,0,8478.410455876,quantile,0.95,0.269999999999996,2019-10-01T09:00:18.190257102+02:00,2019-10-01T09:00:18.190257102+02:00,2019-10-01T17:29:58.552073359+02:00,30580.361816
2019-10-01 11:21:50.144872203+02:00,1569921710144872203,1,bid,0.269999999999996,84.86,84.88,84.59,8491.954615101,0,8491.954615101,quantile,0.95,0.269999999999996,2019-10-01T09:00:18.190257102+02:00,2019-10-01T09:00:18.190257102+02:00,2019-10-01T17:29:58.552073359+02:00,30580.361816
2019-10-01 11:23:07.444840624+02:00,1569921787444840624,1,bid,0.4399999999999977,84.88,84.9,84.44,8569.254583522,0,8569.254583522,quantile,0.95,0.269999999999996,2019-10-01T09:00:18.190257102+02:00,2019-10-01T09:00:18.190257102+02:00,2019-10-01T17:29:58.552073359+02:00,30580.361816
2019-10-01 11:23:23.486119019+02:00,1569921803486119019,1,bid,0.4500000000000028,84.86,84.87,84.41,8585.295861917,0,8585.295861917,quantile,0.95,0.269999999999996,2019-10-01T09:00:18.190257102+02:00,2019-10-01T09:00:18.190257102+02:00,2019-10-01T17:29:58.552073359+02:00,30580.361816
2019-10-01 11:23:41.623745966+02:00,1569921821623745966,1,bid,0.269999999999996,84.88,84.9,84.61,8603.433488864,0,8603.433488864,quantile,0.95,0.269999999999996,2019-10-01T09:00:18.190257102+02:00,2019-10-01T09:00:18.190257102+02:00,2019-10-01T17:29:58.552073359+02:00,30580.361816
2019-10-01 11:23:41.915224275+02:00,1569921821915224275,1,bid,0.4399999999999977,84.88,84.9,84.44,8603.724967173,0,8603.724967173,quantile,0.95,0.269999999999996,2019-10-01T09:00:18.190257102+02:00,2019-10-01T09:00:18.190257102+02:00,2019-10-01T17:29:58.552073359+02:00,30580.361816
2019-10-01 11:24:13.301302376+02:00,1569921853301302376,1,bid,0.4399999999999977,84.86,84.88,84.42,8635.111045274,0,8635.111045274,quantile,0.95,0.269999999999996,2019-10-01T09:00:18.190257102+02:00,2019-10-01T09:00:18.190257102+02:00,2019-10-01T17:29:58.552073359+02:00,30580.361816
2019-10-01 11:25:01.421927800+02:00,1569921901421927800,1,bid,0.4399999999999977,84.89,84.91,84.45,8683.231670698,0,8683.231670698,quantile,0.95,0.269999999999996,2019-10-01T09:00:18.190257102+02:00,2019-10-01T09:00:18.190257102+02:00,2019-10-01T17:29:58.552073359+02:00,30580.361816
2019-10-01 11:25:08.797236298+02:00,1569921908797236298,1,bid,0.4299999999999926,84.91,84.93,84.48,8690.606979196,0,8690.606979196,quantile,0.95,0.269999999999996,2019-10-01T09:00:18.190257102+02:00,2019-10-01T09:00:18.190257102+02:00,2019-10-01T17:29:58.552073359+02:00,30580.361816
2019-10-01 11:25:15.438823069+02:00,1569921915438823069,1,bid,0.4400000000000119,84.9,84.92,84.46,8697.248565967,0,8697.248565967,quantile,0.95,0.269999999999996,2019-10-01T09:00:18.190257102+02:00,2019-10-01T09:00:18.190257102+02:00,2019-10-01T17:29:58.552073359+02:00,30580.361816
2019-10-01 11:25:41.447769034+02:00,1569921941447769034,1,bid,0.269999999999996,84.89,84.92,84.62,8723.257511932,0,8723.257511932,quantile,0.95,0.269999999999996,2019-10-01T09:00:18.190257102+02:00,2019-10-01T09:00:18.190257102+02:00,2019-10-01T17:29:58.552073359+02:00,30580.361816
2019-10-01 11:25:56.830532727+02:00,1569921956830532727,1,bid,0.4400000000000119,84.93,84.95,84.49,8738.640275625,0,8738.640275625,quantile,0.95,0.269999999999996,2019-10-01T09:00:18.190257102+02:00,2019-10-01T09:00:18.190257102+02:00,2019-10-01T17:29:58.552073359+02:00,30580.361816
2019-10-01 11:26:09.495529064+02:00,1569921969495529064,1,bid,0.8299999999999983,84.95,84.97,84.12,8751.305271962,0,8751.305271962,quantile,0.95,0.269999999999996,2019-10-01T09:00:18.190257102+02:00,2019-10-01T09:00:18.190257102+02:00,2019-10-01T17:29:58.552073359+02:00,30580.361816
2019-10-01 11:26:09.496201648+02:00,1569921969496201648,1,bid,0.4300000000000068,84.95,84.97,84.52,8751.305944546,0,8751.305944546,quantile,0.95,0.269999999999996,2019-10-01T09:00:18.190257102+02:00,2019-10-01T09:00:18.190257102+02:00,2019-10-01T17:29:58.552073359+02:00,30580.361816
2019-10-01 11:26:20.602534930+02:00,1569921980602534930,1,bid,0.4300000000000068,84.93,84.95,84.5,8762.412277828,0,8762.412277828,quantile,0.95,0.269999999999996,2019-10-01T09:00:18.190257102+02:00,2019-10-01T09:00:18.190257102+02:00,2019-10-01T17:29:58.552073359+02:00,30580.361816
2019-10-01 11:26:23.133904984+02:00,1569921983133904984,1,bid,0.4399999999999977,84.92,84.94,84.48,8764.943647882,0,8764.943647882,quantile,0.95,0.269999999999996,2019-10-01T09:00:18.190257102+02:00,2019-10-01T09:00:18.190257102+02:00,2019-10-01T17:29:58.552073359+02:00,30580.361816
2019-10-01 11:26:35.267655140+02:00,1569921995267655140,1,bid,0.4500000000000028,84.91,84.92,84.46,8777.077398038,0,8777.077398038,quantile,0.95,0.269999999999996,2019-10-01T09:00:18.190257102+02:00,2019-10-01T09:00:18.190257102+02:00,2019-10-01T17:29:58.552073359+02:00,30580.361816
2019-10-01 11:27:02.765187319+02:00,1569922022765187319,1,bid,0.4399999999999977,84.88,84.89,84.44,8804.574930217,0,8804.574930217,quantile,0.95,0.269999999999996,2019-10-01T09:00:18.190257102+02:00,2019-10-01T09:00:18.190257102+02:00,2019-10-01T17:29:58.552073359+02:00,30580.361816
2019-10-01 11:27:24.566111049+02:00,1569922044566111049,1,bid,0.4399999999999977,84.86,84.88,84.42,8826.375853947,0,8826.375853947,quantile,0.95,0.269999999999996,2019-10-01T09:00:18.190257102+02:00,2019-10-01T09:00:18.190257102+02:00,2019-10-01T17:29:58.552073359+02:00,30580.361816
2019-10-01 11:27:36.251695635+02:00,1569922056251695635,1,bid,0.2700000000000102,84.87,84.88,84.6,8838.061438533,0,8838.061438533,quantile,0.95,0.269999999999996,2019-10-01T09:00:18.190257102+02:00,2019-10-01T09:00:18.190257102+02:00,2019-10-01T17:29:58.552073359+02:00,30580.361816
2019-10-01 11:28:01.367802406+02:00,1569922081367802406,1,bid,0.4399999999999977,84.84,84.86,84.4,8863.177545304,0,8863.177545304,quantile,0.95,0.269999999999996,2019-10-01T09:00:18.190257102+02:00,2019-10-01T09:00:18.190257102+02:00,2019-10-01T17:29:58.552073359+02:00,30580.361816
2019-10-01 11:28:02.903300796+02:00,1569922082903300796,1,bid,0.4500000000000028,84.83,84.85,84.38,8864.713043694,0,8864.713043694,quantile,0.95,0.269999999999996,2019-10-01T09:00:18.190257102+02:00,2019-10-01T09:00:18.190257102+02:00,2019-10-01T17:29:58.552073359+02:00,30580.361816
2019-10-01 11:28:17.130599438+02:00,1569922097130599438,1,bid,0.269999999999996,84.82,84.83,84.55,8878.940342336,0,8878.940342336,quantile,0.95,0.269999999999996,2019-10-01T09:00:18.190257102+02:00,2019-10-01T09:00:18.190257102+02:00,2019-10-01T17:29:58.552073359+02:00,30580.361816
2019-10-01 11:28:25.247709783+02:00,1569922105247709783,1,bid,0.4500000000000028,84.81,84.82,84.36,8887.057452681,0,8887.057452681,quantile,0.95,0.269999999999996,2019-10-01T09:00:18.190257102+02:00,2019-10-01T09:00:18.190257102+02:00,2019-10-01T17:29:58.552073359+02:00,30580.361816
2019-10-01 11:28:26.807231268+02:00,1569922106807231268,1,bid,0.4500000000000028,84.79,84.81,84.34,8888.616974166,0,8888.616974166,quantile,0.95,0.269999999999996,2019-10-01T09:00:18.190257102+02:00,2019-10-01T09:00:18.190257102+02:00,2019-10-01T17:29:58.552073359+02:00,30580.361816
2019-10-01 11:28:37.140596186+02:00,1569922117140596186,1,bid,0.269999999999996,84.8,84.82,84.53,8898.950339084,0,8898.950339084,quantile,0.95,0.269999999999996,2019-10-01T09:00:18.190257102+02:00,2019-10-01T09:00:18.190257102+02:00,2019-10-01T17:29:58.552073359+02:00,30580.361816
2019-10-01 11:28:39.681758870+02:00,1569922119681758870,1,bid,0.4399999999999977,84.81,84.83,84.37,8901.491501768,0,8901.491501768,quantile,0.95,0.269999999999996,2019-10-01T09:00:18.190257102+02:00,2019-10-01T09:00:18.190257102+02:00,2019-10-01T17:29:58.552073359+02:00,30580.361816
2019-10-01 11:28:56.396303611+02:00,1569922136396303611,1,bid,4.819999999999993,84.82,84.85,80.0,8918.206046509,0,8918.206046509,quantile,0.95,0.269999999999996,2019-10-01T09:00:18.190257102+02:00,2019-10-01T09:00:18.190257102+02:00,2019-10-01T17:29:58.552073359+02:00,30580.361816
2019-10-01 11:28:57.145939846+02:00,1569922137145939846,1,bid,0.269999999999996,84.82,84.85,84.55,8918.955682744,0,8918.955682744,quantile,0.95,0.269999999999996,2019-10-01T09:00:18.190257102+02:00,2019-10-01T09:00:18.190257102+02:00,2019-10-01T17:29:58.552073359+02:00,30580.361816
2019-10-01 11:29:02.227891717+02:00,1569922142227891717,1,bid,0.3299999999999983,84.82,84.85,84.49,8924.037634615,0,8924.037634615,quantile,0.95,0.269999999999996,2019-10-01T09:00:18.190257102+02:00,2019-10-01T09:00:18.190257102+02:00,2019-10-01T17:29:58.552073359+02:00,30580.361816
2019-10-01 11:29:17.141118730+02:00,1569922157141118730,1,bid,0.4299999999999926,84.83,84.85,84.4,8938.950861628,0,8938.950861628,quantile,0.95,0.269999999999996,2019-10-01T09:00:18.190257102+02:00,2019-10-01T09:00:18.190257102+02:00,2019-10-01T17:29:58.552073359+02:00,30580.361816
2019-10-01 11:29:24.501725614+02:00,1569922164501725614,1,bid,0.4599999999999937,84.82,84.84,84.36,8946.311468512,0,8946.311468512,quantile,0.95,0.269999999999996,2019-10-01T09:00:18.190257102+02:00,2019-10-01T09:00:18.190257102+02:00,2019-10-01T17:29:58.552073359+02:00,30580.361816
2019-10-01 11:29:47.150264628+02:00,1569922187150264628,1,bid,0.269999999999996,84.8,84.82,84.53,8968.960007526,0,8968.960007526,quantile,0.95,0.269999999999996,2019-10-01T09:00:18.190257102+02:00,2019-10-01T09:00:18.190257102+02:00,2019-10-01T17:29:58.552073359+02:00,30580.361816
2019-10-01 11:29:52.134645848+02:00,1569922192134645848,1,bid,0.4500000000000028,84.79,84.81,84.34,8973.944388746,0,8973.944388746,quantile,0.95,0.269999999999996,2019-10-01T09:00:18.190257102+02:00,2019-10-01T09:00:18.190257102+02:00,2019-10-01T17:29:58.552073359+02:00,30580.361816
2019-10-01 11:29:58.067455370+02:00,1569922198067455370,1,bid,0.4399999999999977,84.81,84.83,84.37,8979.877198268,0,8979.877198268,quantile,0.95,0.269999999999996,2019-10-01T09:00:18.190257102+02:00,2019-10-01T09:00:18.190257102+02:00,2019-10-01T17:29:58.552073359+02:00,30580.361816
2019-10-01 11:30:16.610783148+02:00,1569922216610783148,1,bid,0.4399999999999977,84.84,84.86,84.4,8998.420526046,0,8998.420526046,quantile,0.95,0.269999999999996,2019-10-01T09:00:18.190257102+02:00,2019-10-01T09:00:18.190257102+02:00,2019-10-01T17:29:58.552073359+02:00,30580.361816
2019-10-01 11:30:33.074510740+02:00,1569922233074510740,1,bid,0.4600000000000079,84.84,84.85,84.38,9014.884253638,0,9014.884253638,quantile,0.95,0.269999999999996,2019-10-01T09:00:18.190257102+02:00,2019-10-01T09:00:18.190257102+02:00,2019-10-01T17:29:58.552073359+02:00,30580.361816
2019-10-01 11:30:57.190698913+02:00,1569922257190698913,1,bid,0.269999999999996,84.82,84.85,84.55,9039.000441811,0,9039.000441811,quantile,0.95,0.269999999999996,2019-10-01T09:00:18.190257102+02:00,2019-10-01T09:00:18.190257102+02:00,2019-10-01T17:29:58.552073359+02:00,30580.361816
2019-10-01 11:31:30.954294366+02:00,1569922290954294366,1,bid,0.269999999999996,84.81,84.83,84.54,9072.764037264,0,9072.764037264,quantile,0.95,0.269999999999996,2019-10-01T09:00:18.190257102+02:00,2019-10-01T09:00:18.190257102+02:00,2019-10-01T17:29:58.552073359+02:00,30580.361816
2019-10-01 11:31:31.338554203+02:00,1569922291338554203,1,bid,0.4399999999999977,84.8,84.83,84.36,9073.148297101,0,9073.148297101,quantile,0.95,0.269999999999996,2019-10-01T09:00:18.190257102+02:00,2019-10-01T09:00:18.190257102+02:00,2019-10-01T17:29:58.552073359+02:00,30580.361816
2019-10-01 11:31:48.604457081+02:00,1569922308604457081,1,bid,0.4299999999999926,84.82,84.84,84.39,9090.414199979,0,9090.414199979,quantile,0.95,0.269999999999996,2019-10-01T09:00:18.190257102+02:00,2019-10-01T09:00:18.190257102+02:00,2019-10-01T17:29:58.552073359+02:00,30580.361816
2019-10-01 11:32:06.793626481+02:00,1569922326793626481,1,bid,0.4500000000000028,84.81,84.83,84.36,9108.603369379,0,9108.603369379,quantile,0.95,0.269999999999996,2019-10-01T09:00:18.190257102+02:00,2019-10-01T09:00:18.190257102+02:00,2019-10-01T17:29:58.552073359+02:00,30580.361816
2019-10-01 11:32:09.930269503+02:00,1569922329930269503,1,bid,0.4500000000000028,84.79,84.81,84.34,9111.740012401,0,9111.740012401,quantile,0.95,0.269999999999996,2019-10-01T09:00:18.190257102+02:00,2019-10-01T09:00:18.190257102+02:00,2019-10-01T17:29:58.552073359+02:00,30580.361816
2019-10-01 11:32:10.390263763+02:00,1569922330390263763,1,bid,0.4299999999999926,84.8,84.82,84.37,9112.200006661,0,9112.200006661,quantile,0.95,0.269999999999996,2019-10-01T09:00:18.190257102+02:00,2019-10-01T09:00:18.190257102+02:00,2019-10-01T17:29:58.552073359+02:00,30580.361816
2019-10-01 11:33:17.782043325+02:00,1569922397782043325,1,bid,0.4500000000000028,84.84,84.86,84.39,9179.591786223,0,9179.591786223,quantile,0.95,0.269999999999996,2019-10-01T09:00:18.190257102+02:00,2019-10-01T09:00:18.190257102+02:00,2019-10-01T17:29:58.552073359+02:00,30580.361816
2019-10-01 11:33:58.361550941+02:00,1569922438361550941,1,bid,0.269999999999996,84.83,84.86,84.56,9220.171293839,0,9220.171293839,quantile,0.95,0.269999999999996,2019-10-01T09:00:18.190257102+02:00,2019-10-01T09:00:18.190257102+02:00,2019-10-01T17:29:58.552073359+02:00,30580.361816
2019-10-01 11:34:10.010349923+02:00,1569922450010349923,1,bid,0.4499999999999886,84.82,84.84,84.37,9231.820092821,0,9231.820092821,quantile,0.95,0.269999999999996,2019-10-01T09:00:18.190257102+02:00,2019-10-01T09:00:18.190257102+02:00,2019-10-01T17:29:58.552073359+02:00,30580.361816
2019-10-01 11:34:40.632096535+02:00,1569922480632096535,1,bid,0.269999999999996,84.82,84.84,84.55,9262.441839433,0,9262.441839433,quantile,0.95,0.269999999999996,2019-10-01T09:00:18.190257102+02:00,2019-10-01T09:00:18.190257102+02:00,2019-10-01T17:29:58.552073359+02:00,30580.361816
2019-10-01 11:34:55.100551717+02:00,1569922495100551717,1,bid,0.4500000000000028,84.8,84.82,84.35,9276.910294615,0,9276.910294615,quantile,0.95,0.269999999999996,2019-10-01T09:00:18.190257102+02:00,2019-10-01T09:00:18.190257102+02:00,2019-10-01T17:29:58.552073359+02:00,30580.361816
2019-10-01 11:35:12.043189657+02:00,1569922512043189657,1,bid,0.4300000000000068,84.81,84.83,84.38,9293.852932555,0,9293.852932555,quantile,0.95,0.269999999999996,2019-10-01T09:00:18.190257102+02:00,2019-10-01T09:00:18.190257102+02:00,2019-10-01T17:29:58.552073359+02:00,30580.361816
2019-10-01 11:36:10.976064853+02:00,1569922570976064853,1,bid,0.3299999999999983,84.83,84.86,84.5,9352.785807751,0,9352.785807751,quantile,0.95,0.269999999999996,2019-10-01T09:00:18.190257102+02:00,2019-10-01T09:00:18.190257102+02:00,2019-10-01T17:29:58.552073359+02:00,30580.361816
2019-10-01 11:37:51.477554425+02:00,1569922671477554425,1,bid,0.4399999999999977,84.8,84.82,84.36,9453.287297323,0,9453.287297323,quantile,0.95,0.269999999999996,2019-10-01T09:00:18.190257102+02:00,2019-10-01T09:00:18.190257102+02:00,2019-10-01T17:29:58.552073359+02:00,30580.361816
2019-10-01 11:37:51.556002048+02:00,1569922671556002048,1,bid,0.4599999999999937,84.8,84.81,84.34,9453.365744946,0,9453.365744946,quantile,0.95,0.269999999999996,2019-10-01T09:00:18.190257102+02:00,2019-10-01T09:00:18.190257102+02:00,2019-10-01T17:29:58.552073359+02:00,30580.361816
2019-10-01 11:38:01.515342541+02:00,1569922681515342541,1,bid,0.269999999999996,84.8,84.81,84.53,9463.325085439,0,9463.325085439,quantile,0.95,0.269999999999996,2019-10-01T09:00:18.190257102+02:00,2019-10-01T09:00:18.190257102+02:00,2019-10-01T17:29:58.552073359+02:00,30580.361816
2019-10-01 11:38:07.496555345+02:00,1569922687496555345,1,bid,0.5999999999999943,84.78,84.8,84.18,9469.306298243,0,9469.306298243,quantile,0.95,0.269999999999996,2019-10-01T09:00:18.190257102+02:00,2019-10-01T09:00:18.190257102+02:00,2019-10-01T17:29:58.552073359+02:00,30580.361816
2019-10-01 11:38:07.689098691+02:00,1569922687689098691,1,bid,0.4600000000000079,84.78,84.8,84.32,9469.498841589,0,9469.498841589,quantile,0.95,0.269999999999996,2019-10-01T09:00:18.190257102+02:00,2019-10-01T09:00:18.190257102+02:00,2019-10-01T17:29:58.552073359+02:00,30580.361816
2019-10-01 11:38:31.532584958+02:00,1569922711532584958,1,bid,0.2700000000000102,84.76,84.78,84.49,9493.342327856,0,9493.342327856,quantile,0.95,0.269999999999996,2019-10-01T09:00:18.190257102+02:00,2019-10-01T09:00:18.190257102+02:00,2019-10-01T17:29:58.552073359+02:00,30580.361816
2019-10-01 11:38:44.283188761+02:00,1569922724283188761,1,bid,0.4399999999999977,84.74,84.76,84.3,9506.092931659,0,9506.092931659,quantile,0.95,0.269999999999996,2019-10-01T09:00:18.190257102+02:00,2019-10-01T09:00:18.190257102+02:00,2019-10-01T17:29:58.552073359+02:00,30580.361816
2019-10-01 11:38:52.563507088+02:00,1569922732563507088,1,bid,3.739999999999995,84.74,84.77,81.0,9514.373249986,0,9514.373249986,quantile,0.95,0.269999999999996,2019-10-01T09:00:18.190257102+02:00,2019-10-01T09:00:18.190257102+02:00,2019-10-01T17:29:58.552073359+02:00,30580.361816
2019-10-01 11:38:53.317295386+02:00,1569922733317295386,1,bid,0.4399999999999977,84.77,84.78,84.33,9515.127038284,0,9515.127038284,quantile,0.95,0.269999999999996,2019-10-01T09:00:18.190257102+02:00,2019-10-01T09:00:18.190257102+02:00,2019-10-01T17:29:58.552073359+02:00,30580.361816
2019-10-01 11:39:04.300326024+02:00,1569922744300326024,1,bid,0.269999999999996,84.78,84.81,84.51,9526.110068922,0,9526.110068922,quantile,0.95,0.269999999999996,2019-10-01T09:00:18.190257102+02:00,2019-10-01T09:00:18.190257102+02:00,2019-10-01T17:29:58.552073359+02:00,30580.361816
2019-10-01 11:39:50.449136224+02:00,1569922790449136224,1,bid,0.4500000000000028,84.76,84.79,84.31,9572.258879122,0,9572.258879122,quantile,0.95,0.269999999999996,2019-10-01T09:00:18.190257102+02:00,2019-10-01T09:00:18.190257102+02:00,2019-10-01T17:29:58.552073359+02:00,30580.361816
2019-10-01 11:40:13.737920792+02:00,1569922813737920792,1,bid,0.2700000000000102,84.76,84.78,84.49,9595.54766369,0,9595.54766369,quantile,0.95,0.269999999999996,2019-10-01T09:00:18.190257102+02:00,2019-10-01T09:00:18.190257102+02:00,2019-10-01T17:29:58.552073359+02:00,30580.361816
2019-10-01 11:41:04.708610674+02:00,1569922864708610674,1,bid,0.4500000000000028,84.73,84.75,84.28,9646.518353572,0,9646.518353572,quantile,0.95,0.269999999999996,2019-10-01T09:00:18.190257102+02:00,2019-10-01T09:00:18.190257102+02:00,2019-10-01T17:29:58.552073359+02:00,30580.361816
2019-10-01 11:41:13.495928250+02:00,1569922873495928250,1,bid,0.4399999999999977,84.75,84.77,84.31,9655.305671148,0,9655.305671148,quantile,0.95,0.269999999999996,2019-10-01T09:00:18.190257102+02:00,2019-10-01T09:00:18.190257102+02:00,2019-10-01T17:29:58.552073359+02:00,30580.361816
2019-10-01 11:41:47.554165242+02:00,1569922907554165242,1,bid,11.58999999999999,84.77,84.78,73.18,9689.36390814,0,9689.36390814,quantile,0.95,0.269999999999996,2019-10-01T09:00:18.190257102+02:00,2019-10-01T09:00:18.190257102+02:00,2019-10-01T17:29:58.552073359+02:00,30580.361816
2019-10-01 11:41:50.136722201+02:00,1569922910136722201,1,bid,0.269999999999996,84.77,84.78,84.5,9691.946465099,0,9691.946465099,quantile,0.95,0.269999999999996,2019-10-01T09:00:18.190257102+02:00,2019-10-01T09:00:18.190257102+02:00,2019-10-01T17:29:58.552073359+02:00,30580.361816
2019-10-01 11:42:10.190551546+02:00,1569922930190551546,1,bid,0.2700000000000102,84.76,84.77,84.49,9712.000294444,0,9712.000294444,quantile,0.95,0.269999999999996,2019-10-01T09:00:18.190257102+02:00,2019-10-01T09:00:18.190257102+02:00,2019-10-01T17:29:58.552073359+02:00,30580.361816
2019-10-01 11:43:16.764421682+02:00,1569922996764421682,1,bid,0.4500000000000028,84.73,84.75,84.28,9778.57416458,0,9778.57416458,quantile,0.95,0.269999999999996,2019-10-01T09:00:18.190257102+02:00,2019-10-01T09:00:18.190257102+02:00,2019-10-01T17:29:58.552073359+02:00,30580.361816
2019-10-01 11:43:29.958547686+02:00,1569923009958547686,1,bid,0.2700000000000102,84.73,84.75,84.46,9791.768290584,0,9791.768290584,quantile,0.95,0.269999999999996,2019-10-01T09:00:18.190257102+02:00,2019-10-01T09:00:18.190257102+02:00,2019-10-01T17:29:58.552073359+02:00,30580.361816
2019-10-01 11:43:37.308263195+02:00,1569923017308263195,1,bid,0.4399999999999977,84.75,84.76,84.31,9799.118006093,0,9799.118006093,quantile,0.95,0.269999999999996,2019-10-01T09:00:18.190257102+02:00,2019-10-01T09:00:18.190257102+02:00,2019-10-01T17:29:58.552073359+02:00,30580.361816
2019-10-01 11:43:54.757162800+02:00,1569923034757162800,1,bid,0.4399999999999977,84.73,84.75,84.29,9816.566905698,0,9816.566905698,quantile,0.95,0.269999999999996,2019-10-01T09:00:18.190257102+02:00,2019-10-01T09:00:18.190257102+02:00,2019-10-01T17:29:58.552073359+02:00,30580.361816
2019-10-01 11:44:10.000953814+02:00,1569923050000953814,1,bid,0.2700000000000102,84.73,84.74,84.46,9831.810696712,0,9831.810696712,quantile,0.95,0.269999999999996,2019-10-01T09:00:18.190257102+02:00,2019-10-01T09:00:18.190257102+02:00,2019-10-01T17:29:58.552073359+02:00,30580.361816
2019-10-01 11:44:57.802597851+02:00,1569923097802597851,1,bid,0.4400000000000119,84.76,84.77,84.32,9879.612340749,0,9879.612340749,quantile,0.95,0.269999999999996,2019-10-01T09:00:18.190257102+02:00,2019-10-01T09:00:18.190257102+02:00,2019-10-01T17:29:58.552073359+02:00,30580.361816
2019-10-01 11:45:04.079579472+02:00,1569923104079579472,1,bid,0.269999999999996,84.75,84.78,84.48,9885.88932237,0,9885.88932237,quantile,0.95,0.269999999999996,2019-10-01T09:00:18.190257102+02:00,2019-10-01T09:00:18.190257102+02:00,2019-10-01T17:29:58.552073359+02:00,30580.361816
2019-10-01 11:45:31.365203522+02:00,1569923131365203522,1,bid,0.4399999999999977,84.74,84.76,84.3,9913.17494642,0,9913.17494642,quantile,0.95,0.269999999999996,2019-10-01T09:00:18.190257102+02:00,2019-10-01T09:00:18.190257102+02:00,2019-10-01T17:29:58.552073359+02:00,30580.361816
2019-10-01 11:45:34.621566536+02:00,1569923134621566536,1,bid,0.4500000000000028,84.73,84.74,84.28,9916.431309434,0,9916.431309434,quantile,0.95,0.269999999999996,2019-10-01T09:00:18.190257102+02:00,2019-10-01T09:00:18.190257102+02:00,2019-10-01T17:29:58.552073359+02:00,30580.361816
2019-10-01 11:45:51.253989033+02:00,1569923151253989033,1,bid,0.4399999999999977,84.7,84.72,84.26,9933.063731931,0,9933.063731931,quantile,0.95,0.269999999999996,2019-10-01T09:00:18.190257102+02:00,2019-10-01T09:00:18.190257102+02:00,2019-10-01T17:29:58.552073359+02:00,30580.361816
2019-10-01 11:45:59.674039253+02:00,1569923159674039253,1,bid,0.4400000000000119,84.68,84.7,84.24,9941.483782151,0,9941.483782151,quantile,0.95,0.269999999999996,2019-10-01T09:00:18.190257102+02:00,2019-10-01T09:00:18.190257102+02:00,2019-10-01T17:29:58.552073359+02:00,30580.361816
2019-10-01 11:46:03.476702924+02:00,1569923163476702924,1,bid,0.6000000000000085,84.67,84.7,84.07,9945.286445822,0,9945.286445822,quantile,0.95,0.269999999999996,2019-10-01T09:00:18.190257102+02:00,2019-10-01T09:00:18.190257102+02:00,2019-10-01T17:29:58.552073359+02:00,30580.361816
2019-10-01 11:46:06.661269459+02:00,1569923166661269459,1,bid,0.4399999999999977,84.66,84.68,84.22,9948.471012357,0,9948.471012357,quantile,0.95,0.269999999999996,2019-10-01T09:00:18.190257102+02:00,2019-10-01T09:00:18.190257102+02:00,2019-10-01T17:29:58.552073359+02:00,30580.361816
2019-10-01 11:46:13.873891168+02:00,1569923173873891168,1,bid,0.4399999999999977,84.69,84.7,84.25,9955.683634066,0,9955.683634066,quantile,0.95,0.269999999999996,2019-10-01T09:00:18.190257102+02:00,2019-10-01T09:00:18.190257102+02:00,2019-10-01T17:29:58.552073359+02:00,30580.361816
2019-10-01 11:46:41.400268964+02:00,1569923201400268964,1,bid,0.269999999999996,84.69,84.72,84.42,9983.210011862,0,9983.210011862,quantile,0.95,0.269999999999996,2019-10-01T09:00:18.190257102+02:00,2019-10-01T09:00:18.190257102+02:00,2019-10-01T17:29:58.552073359+02:00,30580.361816
2019-10-01 11:48:16.458191567+02:00,1569923296458191567,1,bid,0.269999999999996,84.71,84.72,84.44,10078.267934465,0,10078.267934465,quantile,0.95,0.269999999999996,2019-10-01T09:00:18.190257102+02:00,2019-10-01T09:00:18.190257102+02:00,2019-10-01T17:29:58.552073359+02:00,30580.361816
2019-10-01 11:49:01.913217226+02:00,1569923341913217226,1,bid,0.4299999999999926,84.71,84.73,84.28,10123.722960124,0,10123.722960124,quantile,0.95,0.269999999999996,2019-10-01T09:00:18.190257102+02:00,2019-10-01T09:00:18.190257102+02:00,2019-10-01T17:29:58.552073359+02:00,30580.361816
2019-10-01 11:49:26.379020837+02:00,1569923366379020837,1,bid,0.4399999999999977,84.75,84.76,84.31,10148.188763735,0,10148.188763735,quantile,0.95,0.269999999999996,2019-10-01T09:00:18.190257102+02:00,2019-10-01T09:00:18.190257102+02:00,2019-10-01T17:29:58.552073359+02:00,30580.361816
2019-10-01 11:49:42.972687266+02:00,1569923382972687266,1,bid,0.269999999999996,84.75,84.76,84.48,10164.782430164,0,10164.782430164,quantile,0.95,0.269999999999996,2019-10-01T09:00:18.190257102+02:00,2019-10-01T09:00:18.190257102+02:00,2019-10-01T17:29:58.552073359+02:00,30580.361816
2019-10-01 11:50:01.961444797+02:00,1569923401961444797,1,bid,7.030000000000001,84.75,84.77,77.72,10183.771187695,0,10183.771187695,quantile,0.95,0.269999999999996,2019-10-01T09:00:18.190257102+02:00,2019-10-01T09:00:18.190257102+02:00,2019-10-01T17:29:58.552073359+02:00,30580.361816
2019-10-01 11:50:10.916026805+02:00,1569923410916026805,1,bid,0.4599999999999937,84.74,84.75,84.28,10192.725769703,0,10192.725769703,quantile,0.95,0.269999999999996,2019-10-01T09:00:18.190257102+02:00,2019-10-01T09:00:18.190257102+02:00,2019-10-01T17:29:58.552073359+02:00,30580.361816
2019-10-01 11:50:20.916041970+02:00,1569923420916041970,1,bid,0.269999999999996,84.74,84.75,84.47,10202.725784868,0,10202.725784868,quantile,0.95,0.269999999999996,2019-10-01T09:00:18.190257102+02:00,2019-10-01T09:00:18.190257102+02:00,2019-10-01T17:29:58.552073359+02:00,30580.361816
2019-10-01 11:51:08.245296092+02:00,1569923468245296092,1,bid,0.4299999999999926,84.74,84.76,84.31,10250.05503899,0,10250.05503899,quantile,0.95,0.269999999999996,2019-10-01T09:00:18.190257102+02:00,2019-10-01T09:00:18.190257102+02:00,2019-10-01T17:29:58.552073359+02:00,30580.361816
2019-10-01 11:51:40.276023650+02:00,1569923500276023650,1,bid,0.269999999999996,84.77,84.78,84.5,10282.085766548,0,10282.085766548,quantile,0.95,0.269999999999996,2019-10-01T09:00:18.190257102+02:00,2019-10-01T09:00:18.190257102+02:00,2019-10-01T17:29:58.552073359+02:00,30580.361816
2019-10-01 11:53:46.263437872+02:00,1569923626263437872,1,bid,0.4500000000000028,84.73,84.75,84.28,10408.07318077,0,10408.07318077,quantile,0.95,0.269999999999996,2019-10-01T09:00:18.190257102+02:00,2019-10-01T09:00:18.190257102+02:00,2019-10-01T17:29:58.552073359+02:00,30580.361816
2019-10-01 11:54:05.961537422+02:00,1569923645961537422,1,bid,0.2700000000000102,84.73,84.75,84.46,10427.77128032,0,10427.77128032,quantile,0.95,0.269999999999996,2019-10-01T09:00:18.190257102+02:00,2019-10-01T09:00:18.190257102+02:00,2019-10-01T17:29:58.552073359+02:00,30580.361816
2019-10-01 11:54:24.637770832+02:00,1569923664637770832,1,bid,0.4399999999999977,84.75,84.77,84.31,10446.44751373,0,10446.44751373,quantile,0.95,0.269999999999996,2019-10-01T09:00:18.190257102+02:00,2019-10-01T09:00:18.190257102+02:00,2019-10-01T17:29:58.552073359+02:00,30580.361816
2019-10-01 11:54:31.319450379+02:00,1569923671319450379,1,bid,0.4499999999999886,84.74,84.75,84.29,10453.129193277,0,10453.129193277,quantile,0.95,0.269999999999996,2019-10-01T09:00:18.190257102+02:00,2019-10-01T09:00:18.190257102+02:00,2019-10-01T17:29:58.552073359+02:00,30580.361816
2019-10-01 11:55:02.243470847+02:00,1569923702243470847,1,bid,0.4400000000000119,84.76,84.78,84.32,10484.053213745,0,10484.053213745,quantile,0.95,0.269999999999996,2019-10-01T09:00:18.190257102+02:00,2019-10-01T09:00:18.190257102+02:00,2019-10-01T17:29:58.552073359+02:00,30580.361816
2019-10-01 11:55:06.220153860+02:00,1569923706220153860,1,bid,0.5999999999999943,84.78,84.79,84.18,10488.029896758,0,10488.029896758,quantile,0.95,0.269999999999996,2019-10-01T09:00:18.190257102+02:00,2019-10-01T09:00:18.190257102+02:00,2019-10-01T17:29:58.552073359+02:00,30580.361816
2019-10-01 11:55:14.344673657+02:00,1569923714344673657,1,bid,0.269999999999996,84.77,84.79,84.5,10496.154416555,0,10496.154416555,quantile,0.95,0.269999999999996,2019-10-01T09:00:18.190257102+02:00,2019-10-01T09:00:18.190257102+02:00,2019-10-01T17:29:58.552073359+02:00,30580.361816
2019-10-01 11:55:35.042855101+02:00,1569923735042855101,1,bid,0.4400000000000119,84.79,84.8,84.35,10516.852597999,0,10516.852597999,quantile,0.95,0.269999999999996,2019-10-01T09:00:18.190257102+02:00,2019-10-01T09:00:18.190257102+02:00,2019-10-01T17:29:58.552073359+02:00,30580.361816
2019-10-01 11:55:45.047548427+02:00,1569923745047548427,1,bid,0.269999999999996,84.8,84.81,84.53,10526.857291325,0,10526.857291325,quantile,0.95,0.269999999999996,2019-10-01T09:00:18.190257102+02:00,2019-10-01T09:00:18.190257102+02:00,2019-10-01T17:29:58.552073359+02:00,30580.361816
2019-10-01 11:56:50.967914833+02:00,1569923810967914833,1,bid,2.8100000000000023,84.81,84.83,82.0,10592.777657731,0,10592.777657731,quantile,0.95,0.269999999999996,2019-10-01T09:00:18.190257102+02:00,2019-10-01T09:00:18.190257102+02:00,2019-10-01T17:29:58.552073359+02:00,30580.361816
2019-10-01 11:57:32.344670473+02:00,1569923852344670473,1,bid,0.2700000000000102,84.79,84.81,84.52,10634.154413371,0,10634.154413371,quantile,0.95,0.269999999999996,2019-10-01T09:00:18.190257102+02:00,2019-10-01T09:00:18.190257102+02:00,2019-10-01T17:29:58.552073359+02:00,30580.361816
2019-10-01 11:57:52.302448212+02:00,1569923872302448212,1,bid,0.4399999999999977,84.82,84.83,84.38,10654.11219111,0,10654.11219111,quantile,0.95,0.269999999999996,2019-10-01T09:00:18.190257102+02:00,2019-10-01T09:00:18.190257102+02:00,2019-10-01T17:29:58.552073359+02:00,30580.361816
2019-10-01 11:57:52.535927907+02:00,1569923872535927907,1,bid,0.4500000000000028,84.81,84.82,84.36,10654.345670805,0,10654.345670805,quantile,0.95,0.269999999999996,2019-10-01T09:00:18.190257102+02:00,2019-10-01T09:00:18.190257102+02:00,2019-10-01T17:29:58.552073359+02:00,30580.361816
2019-10-01 11:58:02.300466352+02:00,1569923882300466352,1,bid,0.269999999999996,84.81,84.82,84.54,10664.11020925,0,10664.11020925,quantile,0.95,0.269999999999996,2019-10-01T09:00:18.190257102+02:00,2019-10-01T09:00:18.190257102+02:00,2019-10-01T17:29:58.552073359+02:00,30580.361816
2019-10-01 12:00:52.152047064+02:00,1569924052152047064,1,bid,0.4500000000000028,84.84,84.85,84.39,10833.961789962,0,10833.961789962,quantile,0.95,0.269999999999996,2019-10-01T09:00:18.190257102+02:00,2019-10-01T09:00:18.190257102+02:00,2019-10-01T17:29:58.552073359+02:00,30580.361816
2019-10-01 12:01:02.152939634+02:00,1569924062152939634,1,bid,0.2700000000000102,84.84,84.85,84.57,10843.962682532,0,10843.962682532,quantile,0.95,0.269999999999996,2019-10-01T09:00:18.190257102+02:00,2019-10-01T09:00:18.190257102+02:00,2019-10-01T17:29:58.552073359+02:00,30580.361816
2019-10-01 12:01:18.772098613+02:00,1569924078772098613,1,bid,0.4399999999999977,84.86,84.87,84.42,10860.581841511,0,10860.581841511,quantile,0.95,0.269999999999996,2019-10-01T09:00:18.190257102+02:00,2019-10-01T09:00:18.190257102+02:00,2019-10-01T17:29:58.552073359+02:00,30580.361816
2019-10-01 12:01:28.792671109+02:00,1569924088792671109,1,bid,0.269999999999996,84.86,84.87,84.59,10870.602414007,0,10870.602414007,quantile,0.95,0.269999999999996,2019-10-01T09:00:18.190257102+02:00,2019-10-01T09:00:18.190257102+02:00,2019-10-01T17:29:58.552073359+02:00,30580.361816
2019-10-01 12:01:33.942381416+02:00,1569924093942381416,1,bid,0.4399999999999977,84.84,84.86,84.4,10875.752124314,0,10875.752124314,quantile,0.95,0.269999999999996,2019-10-01T09:00:18.190257102+02:00,2019-10-01T09:00:18.190257102+02:00,2019-10-01T17:29:58.552073359+02:00,30580.361816
2019-10-01 12:01:45.093498725+02:00,1569924105093498725,1,bid,0.4399999999999977,84.82,84.84,84.38,10886.903241623,0,10886.903241623,quantile,0.95,0.269999999999996,2019-10-01T09:00:18.190257102+02:00,2019-10-01T09:00:18.190257102+02:00,2019-10-01T17:29:58.552073359+02:00,30580.361816
2019-10-01 12:01:58.812491744+02:00,1569924118812491744,1,bid,0.269999999999996,84.82,84.84,84.55,10900.622234642,0,10900.622234642,quantile,0.95,0.269999999999996,2019-10-01T09:00:18.190257102+02:00,2019-10-01T09:00:18.190257102+02:00,2019-10-01T17:29:58.552073359+02:00,30580.361816
2019-10-01 12:02:41.592540599+02:00,1569924161592540599,1,bid,0.2700000000000102,84.84,84.87,84.57,10943.402283497,0,10943.402283497,quantile,0.95,0.269999999999996,2019-10-01T09:00:18.190257102+02:00,2019-10-01T09:00:18.190257102+02:00,2019-10-01T17:29:58.552073359+02:00,30580.361816
2019-10-01 12:02:55.599173922+02:00,1569924175599173922,1,bid,0.4399999999999977,84.86,84.88,84.42,10957.40891682,0,10957.40891682,quantile,0.95,0.269999999999996,2019-10-01T09:00:18.190257102+02:00,2019-10-01T09:00:18.190257102+02:00,2019-10-01T17:29:58.552073359+02:00,30580.361816
2019-10-01 12:02:59.517384916+02:00,1569924179517384916,1,bid,0.4399999999999977,84.84,84.87,84.4,10961.327127814,0,10961.327127814,quantile,0.95,0.269999999999996,2019-10-01T09:00:18.190257102+02:00,2019-10-01T09:00:18.190257102+02:00,2019-10-01T17:29:58.552073359+02:00,30580.361816
2019-10-01 12:03:06.639568528+02:00,1569924186639568528,1,bid,0.4299999999999926,84.86,84.88,84.43,10968.449311426,0,10968.449311426,quantile,0.95,0.269999999999996,2019-10-01T09:00:18.190257102+02:00,2019-10-01T09:00:18.190257102+02:00,2019-10-01T17:29:58.552073359+02:00,30580.361816
2019-10-01 12:03:25.618298087+02:00,1569924205618298087,1,bid,0.2700000000000102,84.87,84.89,84.6,10987.428040985,0,10987.428040985,quantile,0.95,0.269999999999996,2019-10-01T09:00:18.190257102+02:00,2019-10-01T09:00:18.190257102+02:00,2019-10-01T17:29:58.552073359+02:00,30580.361816
2019-10-01 12:03:34.185670381+02:00,1569924214185670381,1,bid,0.5999999999999943,84.89,84.9,84.29,10995.995413279,0,10995.995413279,quantile,0.95,0.269999999999996,2019-10-01T09:00:18.190257102+02:00,2019-10-01T09:00:18.190257102+02:00,2019-10-01T17:29:58.552073359+02:00,30580.361816
2019-10-01 12:04:53.408788502+02:00,1569924293408788502,1,bid,0.4400000000000119,84.9,84.92,84.46,11075.2185314,0,11075.2185314,quantile,0.95,0.269999999999996,2019-10-01T09:00:18.190257102+02:00,2019-10-01T09:00:18.190257102+02:00,2019-10-01T17:29:58.552073359+02:00,30580.361816
2019-10-01 12:05:32.146674413+02:00,1569924332146674413,1,bid,0.269999999999996,84.89,84.91,84.62,11113.956417311,0,11113.956417311,quantile,0.95,0.269999999999996,2019-10-01T09:00:18.190257102+02:00,2019-10-01T09:00:18.190257102+02:00,2019-10-01T17:29:58.552073359+02:00,30580.361816
2019-10-01 12:05:32.193657602+02:00,1569924332193657602,1,bid,0.4399999999999977,84.88,84.91,84.44,11114.0034005,0,11114.0034005,quantile,0.95,0.269999999999996,2019-10-01T09:00:18.190257102+02:00,2019-10-01T09:00:18.190257102+02:00,2019-10-01T17:29:58.552073359+02:00,30580.361816
2019-10-01 12:05:52.150850144+02:00,1569924352150850144,1,bid,0.269999999999996,84.88,84.89,84.61,11133.960593042,0,11133.960593042,quantile,0.95,0.269999999999996,2019-10-01T09:00:18.190257102+02:00,2019-10-01T09:00:18.190257102+02:00,2019-10-01T17:29:58.552073359+02:00,30580.361816
2019-10-01 12:06:30.085668274+02:00,1569924390085668274,1,bid,0.4399999999999977,84.86,84.88,84.42,11171.895411172,0,11171.895411172,quantile,0.95,0.269999999999996,2019-10-01T09:00:18.190257102+02:00,2019-10-01T09:00:18.190257102+02:00,2019-10-01T17:29:58.552073359+02:00,30580.361816
2019-10-01 12:06:32.013815658+02:00,1569924392013815658,1,bid,0.2700000000000102,84.87,84.89,84.6,11173.823558556,0,11173.823558556,quantile,0.95,0.269999999999996,2019-10-01T09:00:18.190257102+02:00,2019-10-01T09:00:18.190257102+02:00,2019-10-01T17:29:58.552073359+02:00,30580.361816
2019-10-01 12:07:27.014086646+02:00,1569924447014086646,1,bid,0.269999999999996,84.85,84.87,84.58,11228.823829544,0,11228.823829544,quantile,0.95,0.269999999999996,2019-10-01T09:00:18.190257102+02:00,2019-10-01T09:00:18.190257102+02:00,2019-10-01T17:29:58.552073359+02:00,30580.361816
2019-10-01 12:08:35.735163453+02:00,1569924515735163453,1,bid,0.4399999999999977,84.89,84.9,84.45,11297.544906351,0,11297.544906351,quantile,0.95,0.269999999999996,2019-10-01T09:00:18.190257102+02:00,2019-10-01T09:00:18.190257102+02:00,2019-10-01T17:29:58.552073359+02:00,30580.361816
2019-10-01 12:08:36.205380643+02:00,1569924516205380643,1,bid,0.4499999999999886,84.88,84.9,84.43,11298.015123541,0,11298.015123541,quantile,0.95,0.269999999999996,2019-10-01T09:00:18.190257102+02:00,2019-10-01T09:00:18.190257102+02:00,2019-10-01T17:29:58.552073359+02:00,30580.361816
2019-10-01 12:08:44.960734185+02:00,1569924524960734185,1,bid,0.269999999999996,84.88,84.89,84.61,11306.770477083,0,11306.770477083,quantile,0.95,0.269999999999996,2019-10-01T09:00:18.190257102+02:00,2019-10-01T09:00:18.190257102+02:00,2019-10-01T17:29:58.552073359+02:00,30580.361816
2019-10-01 12:09:11.246906884+02:00,1569924551246906884,1,bid,0.4399999999999977,84.85,84.87,84.41,11333.056649782,0,11333.056649782,quantile,0.95,0.269999999999996,2019-10-01T09:00:18.190257102+02:00,2019-10-01T09:00:18.190257102+02:00,2019-10-01T17:29:58.552073359+02:00,30580.361816
2019-10-01 12:09:38.202930700+02:00,1569924578202930700,1,bid,0.269999999999996,84.85,84.87,84.58,11360.012673598,0,11360.012673598,quantile,0.95,0.269999999999996,2019-10-01T09:00:18.190257102+02:00,2019-10-01T09:00:18.190257102+02:00,2019-10-01T17:29:58.552073359+02:00,30580.361816
2019-10-01 12:10:26.524948193+02:00,1569924626524948193,1,bid,0.4300000000000068,84.87,84.89,84.44,11408.334691091,0,11408.334691091,quantile,0.95,0.269999999999996,2019-10-01T09:00:18.190257102+02:00,2019-10-01T09:00:18.190257102+02:00,2019-10-01T17:29:58.552073359+02:00,30580.361816
2019-10-01 12:10:36.540589055+02:00,1569924636540589055,1,bid,0.269999999999996,84.88,84.89,84.61,11418.350331953,0,11418.350331953,quantile,0.95,0.269999999999996,2019-10-01T09:00:18.190257102+02:00,2019-10-01T09:00:18.190257102+02:00,2019-10-01T17:29:58.552073359+02:00,30580.361816
2019-10-01 12:11:10.031494260+02:00,1569924670031494260,1,bid,0.4599999999999937,84.88,84.9,84.42,11451.841237158,0,11451.841237158,quantile,0.95,0.269999999999996,2019-10-01T09:00:18.190257102+02:00,2019-10-01T09:00:18.190257102+02:00,2019-10-01T17:29:58.552073359+02:00,30580.361816
2019-10-01 12:12:11.314734938+02:00,1569924731314734938,1,bid,0.2700000000000102,84.87,84.89,84.6,11513.124477836,0,11513.124477836,quantile,0.95,0.269999999999996,2019-10-01T09:00:18.190257102+02:00,2019-10-01T09:00:18.190257102+02:00,2019-10-01T17:29:58.552073359+02:00,30580.361816
2019-10-01 12:12:31.315565492+02:00,1569924751315565492,1,bid,0.269999999999996,84.85,84.86,84.58,11533.12530839,0,11533.12530839,quantile,0.95,0.269999999999996,2019-10-01T09:00:18.190257102+02:00,2019-10-01T09:00:18.190257102+02:00,2019-10-01T17:29:58.552073359+02:00,30580.361816
2019-10-01 12:12:52.158514321+02:00,1569924772158514321,1,bid,0.4399999999999977,84.84,84.86,84.4,11553.968257219,0,11553.968257219,quantile,0.95,0.269999999999996,2019-10-01T09:00:18.190257102+02:00,2019-10-01T09:00:18.190257102+02:00,2019-10-01T17:29:58.552073359+02:00,30580.361816
2019-10-01 12:13:02.160576048+02:00,1569924782160576048,1,bid,0.2700000000000102,84.84,84.87,84.57,11563.970318946,0,11563.970318946,quantile,0.95,0.269999999999996,2019-10-01T09:00:18.190257102+02:00,2019-10-01T09:00:18.190257102+02:00,2019-10-01T17:29:58.552073359+02:00,30580.361816
2019-10-01 12:13:22.724637936+02:00,1569924802724637936,1,bid,0.4500000000000028,84.83,84.84,84.38,11584.534380834,0,11584.534380834,quantile,0.95,0.269999999999996,2019-10-01T09:00:18.190257102+02:00,2019-10-01T09:00:18.190257102+02:00,2019-10-01T17:29:58.552073359+02:00,30580.361816
2019-10-01 12:13:32.736584767+02:00,1569924812736584767,1,bid,0.269999999999996,84.83,84.84,84.56,11594.546327665,0,11594.546327665,quantile,0.95,0.269999999999996,2019-10-01T09:00:18.190257102+02:00,2019-10-01T09:00:18.190257102+02:00,2019-10-01T17:29:58.552073359+02:00,30580.361816
2019-10-01 12:15:02.044428326+02:00,1569924902044428326,1,bid,0.4399999999999977,84.85,84.86,84.41,11683.854171224,0,11683.854171224,quantile,0.95,0.269999999999996,2019-10-01T09:00:18.190257102+02:00,2019-10-01T09:00:18.190257102+02:00,2019-10-01T17:29:58.552073359+02:00,30580.361816
2019-10-01 12:15:12.051385416+02:00,1569924912051385416,1,bid,0.269999999999996,84.85,84.86,84.58,11693.861128314,0,11693.861128314,quantile,0.95,0.269999999999996,2019-10-01T09:00:18.190257102+02:00,2019-10-01T09:00:18.190257102+02:00,2019-10-01T17:29:58.552073359+02:00,30580.361816
2019-10-01 12:15:39.045150009+02:00,1569924939045150009,1,bid,0.4399999999999977,84.88,84.89,84.44,11720.854892907,0,11720.854892907,quantile,0.95,0.269999999999996,2019-10-01T09:00:18.190257102+02:00,2019-10-01T09:00:18.190257102+02:00,2019-10-01T17:29:58.552073359+02:00,30580.361816
2019-10-01 12:15:41.476170401+02:00,1569924941476170401,1,bid,0.4500000000000028,84.87,84.88,84.42,11723.285913299,0,11723.285913299,quantile,0.95,0.269999999999996,2019-10-01T09:00:18.190257102+02:00,2019-10-01T09:00:18.190257102+02:00,2019-10-01T17:29:58.552073359+02:00,30580.361816
2019-10-01 12:15:58.105140359+02:00,1569924958105140359,1,bid,0.4299999999999926,84.88,84.9,84.45,11739.914883257,0,11739.914883257,quantile,0.95,0.269999999999996,2019-10-01T09:00:18.190257102+02:00,2019-10-01T09:00:18.190257102+02:00,2019-10-01T17:29:58.552073359+02:00,30580.361816
2019-10-01 12:15:58.151594672+02:00,1569924958151594672,1,bid,0.4499999999999886,84.88,84.9,84.43,11739.96133757,0,11739.96133757,quantile,0.95,0.269999999999996,2019-10-01T09:00:18.190257102+02:00,2019-10-01T09:00:18.190257102+02:00,2019-10-01T17:29:58.552073359+02:00,30580.361816
2019-10-01 12:15:59.047407822+02:00,1569924959047407822,1,bid,0.2700000000000102,84.87,84.9,84.6,11740.85715072,0,11740.85715072,quantile,0.95,0.269999999999996,2019-10-01T09:00:18.190257102+02:00,2019-10-01T09:00:18.190257102+02:00,2019-10-01T17:29:58.552073359+02:00,30580.361816
2019-10-01 12:16:17.021295778+02:00,1569924977021295778,1,bid,0.4300000000000068,84.89,84.91,84.46,11758.831038676,0,11758.831038676,quantile,0.95,0.269999999999996,2019-10-01T09:00:18.190257102+02:00,2019-10-01T09:00:18.190257102+02:00,2019-10-01T17:29:58.552073359+02:00,30580.361816
2019-10-01 12:16:18.805010668+02:00,1569924978805010668,1,bid,0.4399999999999977,84.88,84.9,84.44,11760.614753566,0,11760.614753566,quantile,0.95,0.269999999999996,2019-10-01T09:00:18.190257102+02:00,2019-10-01T09:00:18.190257102+02:00,2019-10-01T17:29:58.552073359+02:00,30580.361816
2019-10-01 12:16:20.618412589+02:00,1569924980618412589,1,bid,0.269999999999996,84.89,84.91,84.62,11762.428155487,0,11762.428155487,quantile,0.95,0.269999999999996,2019-10-01T09:00:18.190257102+02:00,2019-10-01T09:00:18.190257102+02:00,2019-10-01T17:29:58.552073359+02:00,30580.361816
2019-10-01 12:16:30.618446254+02:00,1569924990618446254,1,bid,0.269999999999996,84.88,84.91,84.61,11772.428189152,0,11772.428189152,quantile,0.95,0.269999999999996,2019-10-01T09:00:18.190257102+02:00,2019-10-01T09:00:18.190257102+02:00,2019-10-01T17:29:58.552073359+02:00,30580.361816
2019-10-01 12:17:39.326413374+02:00,1569925059326413374,1,bid,0.2700000000000102,84.9,84.91,84.63,11841.136156272,0,11841.136156272,quantile,0.95,0.269999999999996,2019-10-01T09:00:18.190257102+02:00,2019-10-01T09:00:18.190257102+02:00,2019-10-01T17:29:58.552073359+02:00,30580.361816
2019-10-01 12:17:48.101753698+02:00,1569925068101753698,1,bid,0.4399999999999977,84.91,84.92,84.47,11849.911496596,0,11849.911496596,quantile,0.95,0.269999999999996,2019-10-01T09:00:18.190257102+02:00,2019-10-01T09:00:18.190257102+02:00,2019-10-01T17:29:58.552073359+02:00,30580.361816
2019-10-01 12:17:51.384900586+02:00,1569925071384900586,1,bid,0.4399999999999977,84.89,84.91,84.45,11853.194643484,0,11853.194643484,quantile,0.95,0.269999999999996,2019-10-01T09:00:18.190257102+02:00,2019-10-01T09:00:18.190257102+02:00,2019-10-01T17:29:58.552073359+02:00,30580.361816
2019-10-01 12:18:09.371512225+02:00,1569925089371512225,1,bid,0.269999999999996,84.89,84.91,84.62,11871.181255123,0,11871.181255123,quantile,0.95,0.269999999999996,2019-10-01T09:00:18.190257102+02:00,2019-10-01T09:00:18.190257102+02:00,2019-10-01T17:29:58.552073359+02:00,30580.361816
2019-10-01 12:18:29.397060643+02:00,1569925109397060643,1,bid,0.269999999999996,84.91,84.93,84.64,11891.206803541,0,11891.206803541,quantile,0.95,0.269999999999996,2019-10-01T09:00:18.190257102+02:00,2019-10-01T09:00:18.190257102+02:00,2019-10-01T17:29:58.552073359+02:00,30580.361816
2019-10-01 12:18:44.380871880+02:00,1569925124380871880,1,bid,0.4399999999999977,84.92,84.94,84.48,11906.190614778,0,11906.190614778,quantile,0.95,0.269999999999996,2019-10-01T09:00:18.190257102+02:00,2019-10-01T09:00:18.190257102+02:00,2019-10-01T17:29:58.552073359+02:00,30580.361816
2019-10-01 12:18:55.037747218+02:00,1569925135037747218,1,bid,0.4400000000000119,84.9,84.92,84.46,11916.847490116,0,11916.847490116,quantile,0.95,0.269999999999996,2019-10-01T09:00:18.190257102+02:00,2019-10-01T09:00:18.190257102+02:00,2019-10-01T17:29:58.552073359+02:00,30580.361816
2019-10-01 12:19:05.040476682+02:00,1569925145040476682,1,bid,0.2700000000000102,84.9,84.91,84.63,11926.85021958,0,11926.85021958,quantile,0.95,0.269999999999996,2019-10-01T09:00:18.190257102+02:00,2019-10-01T09:00:18.190257102+02:00,2019-10-01T17:29:58.552073359+02:00,30580.361816
2019-10-01 12:20:42.094992976+02:00,1569925242094992976,1,bid,0.4500000000000028,84.89,84.9,84.44,12023.904735874,0,12023.904735874,quantile,0.95,0.269999999999996,2019-10-01T09:00:18.190257102+02:00,2019-10-01T09:00:18.190257102+02:00,2019-10-01T17:29:58.552073359+02:00,30580.361816
2019-10-01 12:21:02.101340052+02:00,1569925262101340052,1,bid,0.269999999999996,84.88,84.89,84.61,12043.91108295,0,12043.91108295,quantile,0.95,0.269999999999996,2019-10-01T09:00:18.190257102+02:00,2019-10-01T09:00:18.190257102+02:00,2019-10-01T17:29:58.552073359+02:00,30580.361816
2019-10-01 12:22:12.947673521+02:00,1569925332947673521,1,bid,0.4399999999999977,84.91,84.92,84.47,12114.757416419,0,12114.757416419,quantile,0.95,0.269999999999996,2019-10-01T09:00:18.190257102+02:00,2019-10-01T09:00:18.190257102+02:00,2019-10-01T17:29:58.552073359+02:00,30580.361816
2019-10-01 12:22:19.865744006+02:00,1569925339865744006,1,bid,0.2700000000000102,84.9,84.91,84.63,12121.675486904,0,12121.675486904,quantile,0.95,0.269999999999996,2019-10-01T09:00:18.190257102+02:00,2019-10-01T09:00:18.190257102+02:00,2019-10-01T17:29:58.552073359+02:00,30580.361816
2019-10-01 12:22:30.676290692+02:00,1569925350676290692,1,bid,0.4399999999999977,84.89,84.9,84.45,12132.48603359,0,12132.48603359,quantile,0.95,0.269999999999996,2019-10-01T09:00:18.190257102+02:00,2019-10-01T09:00:18.190257102+02:00,2019-10-01T17:29:58.552073359+02:00,30580.361816
2019-10-01 12:22:40.730753413+02:00,1569925360730753413,1,bid,0.269999999999996,84.89,84.91,84.62,12142.540496311,0,12142.540496311,quantile,0.95,0.269999999999996,2019-10-01T09:00:18.190257102+02:00,2019-10-01T09:00:18.190257102+02:00,2019-10-01T17:29:58.552073359+02:00,30580.361816
2019-10-01 12:24:29.562957821+02:00,1569925469562957821,1,bid,0.8300000000000125,84.9,84.92,84.07,12251.372700719,0,12251.372700719,quantile,0.95,0.269999999999996,2019-10-01T09:00:18.190257102+02:00,2019-10-01T09:00:18.190257102+02:00,2019-10-01T17:29:58.552073359+02:00,30580.361816
2019-10-01 12:26:24.577817998+02:00,1569925584577817998,1,bid,0.2700000000000102,84.9,84.91,84.63,12366.387560896,0,12366.387560896,quantile,0.95,0.269999999999996,2019-10-01T09:00:18.190257102+02:00,2019-10-01T09:00:18.190257102+02:00,2019-10-01T17:29:58.552073359+02:00,30580.361816
2019-10-01 12:28:16.613648453+02:00,1569925696613648453,1,bid,0.4399999999999977,84.87,84.88,84.43,12478.423391351,0,12478.423391351,quantile,0.95,0.269999999999996,2019-10-01T09:00:18.190257102+02:00,2019-10-01T09:00:18.190257102+02:00,2019-10-01T17:29:58.552073359+02:00,30580.361816
2019-10-01 12:28:30.276686851+02:00,1569925710276686851,1,bid,0.2700000000000102,84.87,84.88,84.6,12492.086429749,0,12492.086429749,quantile,0.95,0.269999999999996,2019-10-01T09:00:18.190257102+02:00,2019-10-01T09:00:18.190257102+02:00,2019-10-01T17:29:58.552073359+02:00,30580.361816
2019-10-01 12:28:47.796130414+02:00,1569925727796130414,1,bid,0.4399999999999977,84.85,84.87,84.41,12509.605873312,0,12509.605873312,quantile,0.95,0.269999999999996,2019-10-01T09:00:18.190257102+02:00,2019-10-01T09:00:18.190257102+02:00,2019-10-01T17:29:58.552073359+02:00,30580.361816
2019-10-01 12:29:07.802039541+02:00,1569925747802039541,1,bid,0.269999999999996,84.85,84.86,84.58,12529.611782439,0,12529.611782439,quantile,0.95,0.269999999999996,2019-10-01T09:00:18.190257102+02:00,2019-10-01T09:00:18.190257102+02:00,2019-10-01T17:29:58.552073359+02:00,30580.361816
2019-10-01 12:29:09.925943930+02:00,1569925749925943930,1,bid,0.4399999999999977,84.84,84.85,84.4,12531.735686828,0,12531.735686828,quantile,0.95,0.269999999999996,2019-10-01T09:00:18.190257102+02:00,2019-10-01T09:00:18.190257102+02:00,2019-10-01T17:29:58.552073359+02:00,30580.361816
2019-10-01 12:32:54.930245786+02:00,1569925974930245786,1,bid,0.4399999999999977,84.87,84.88,84.43,12756.739988684,0,12756.739988684,quantile,0.95,0.269999999999996,2019-10-01T09:00:18.190257102+02:00,2019-10-01T09:00:18.190257102+02:00,2019-10-01T17:29:58.552073359+02:00,30580.361816
2019-10-01 12:33:15.674133534+02:00,1569925995674133534,1,bid,0.2700000000000102,84.87,84.89,84.6,12777.483876432,0,12777.483876432,quantile,0.95,0.269999999999996,2019-10-01T09:00:18.190257102+02:00,2019-10-01T09:00:18.190257102+02:00,2019-10-01T17:29:58.552073359+02:00,30580.361816
2019-10-01 12:33:25.702414635+02:00,1569926005702414635,1,bid,0.269999999999996,84.86,84.89,84.59,12787.512157533,0,12787.512157533,quantile,0.95,0.269999999999996,2019-10-01T09:00:18.190257102+02:00,2019-10-01T09:00:18.190257102+02:00,2019-10-01T17:29:58.552073359+02:00,30580.361816
2019-10-01 12:34:26.114824977+02:00,1569926066114824977,1,bid,0.269999999999996,84.88,84.89,84.61,12847.924567875,0,12847.924567875,quantile,0.95,0.269999999999996,2019-10-01T09:00:18.190257102+02:00,2019-10-01T09:00:18.190257102+02:00,2019-10-01T17:29:58.552073359+02:00,30580.361816
2019-10-01 12:35:02.382688620+02:00,1569926102382688620,1,bid,0.4300000000000068,84.89,84.92,84.46,12884.192431518,0,12884.192431518,quantile,0.95,0.269999999999996,2019-10-01T09:00:18.190257102+02:00,2019-10-01T09:00:18.190257102+02:00,2019-10-01T17:29:58.552073359+02:00,30580.361816
2019-10-01 12:35:52.213544624+02:00,1569926152213544624,1,bid,0.4500000000000028,84.89,84.9,84.44,12934.023287522,0,12934.023287522,quantile,0.95,0.269999999999996,2019-10-01T09:00:18.190257102+02:00,2019-10-01T09:00:18.190257102+02:00,2019-10-01T17:29:58.552073359+02:00,30580.361816
2019-10-01 12:35:54.504019927+02:00,1569926154504019927,1,bid,0.4399999999999977,84.86,84.88,84.42,12936.313762825,0,12936.313762825,quantile,0.95,0.269999999999996,2019-10-01T09:00:18.190257102+02:00,2019-10-01T09:00:18.190257102+02:00,2019-10-01T17:29:58.552073359+02:00,30580.361816
2019-10-01 12:36:56.267042324+02:00,1569926216267042324,1,bid,0.2700000000000102,84.87,84.88,84.6,12998.076785222,0,12998.076785222,quantile,0.95,0.269999999999996,2019-10-01T09:00:18.190257102+02:00,2019-10-01T09:00:18.190257102+02:00,2019-10-01T17:29:58.552073359+02:00,30580.361816
2019-10-01 12:37:39.734610194+02:00,1569926259734610194,1,bid,0.4399999999999977,84.89,84.91,84.45,13041.544353092,0,13041.544353092,quantile,0.95,0.269999999999996,2019-10-01T09:00:18.190257102+02:00,2019-10-01T09:00:18.190257102+02:00,2019-10-01T17:29:58.552073359+02:00,30580.361816
2019-10-01 12:38:01.002778682+02:00,1569926281002778682,1,bid,0.4399999999999977,84.87,84.88,84.43,13062.81252158,0,13062.81252158,quantile,0.95,0.269999999999996,2019-10-01T09:00:18.190257102+02:00,2019-10-01T09:00:18.190257102+02:00,2019-10-01T17:29:58.552073359+02:00,30580.361816
2019-10-01 12:40:35.028623144+02:00,1569926435028623144,1,bid,0.269999999999996,84.86,84.87,84.59,13216.838366042,0,13216.838366042,quantile,0.95,0.269999999999996,2019-10-01T09:00:18.190257102+02:00,2019-10-01T09:00:18.190257102+02:00,2019-10-01T17:29:58.552073359+02:00,30580.361816
2019-10-01 12:41:51.967654907+02:00,1569926511967654907,1,bid,0.4399999999999977,84.85,84.86,84.41,13293.777397805,0,13293.777397805,quantile,0.95,0.269999999999996,2019-10-01T09:00:18.190257102+02:00,2019-10-01T09:00:18.190257102+02:00,2019-10-01T17:29:58.552073359+02:00,30580.361816
2019-10-01 12:42:01.968694043+02:00,1569926521968694043,1,bid,0.269999999999996,84.85,84.86,84.58,13303.778436941,0,13303.778436941,quantile,0.95,0.269999999999996,2019-10-01T09:00:18.190257102+02:00,2019-10-01T09:00:18.190257102+02:00,2019-10-01T17:29:58.552073359+02:00,30580.361816
2019-10-01 12:42:25.271887631+02:00,1569926545271887631,1,bid,0.4399999999999977,84.83,84.85,84.39,13327.081630529,0,13327.081630529,quantile,0.95,0.269999999999996,2019-10-01T09:00:18.190257102+02:00,2019-10-01T09:00:18.190257102+02:00,2019-10-01T17:29:58.552073359+02:00,30580.361816
2019-10-01 12:42:35.260202143+02:00,1569926555260202143,1,bid,0.2700000000000102,84.84,84.85,84.57,13337.069945041,0,13337.069945041,quantile,0.95,0.269999999999996,2019-10-01T09:00:18.190257102+02:00,2019-10-01T09:00:18.190257102+02:00,2019-10-01T17:29:58.552073359+02:00,30580.361816
2019-10-01 12:43:28.807148053+02:00,1569926608807148053,1,bid,0.4399999999999977,84.86,84.87,84.42,13390.616890951,0,13390.616890951,quantile,0.95,0.269999999999996,2019-10-01T09:00:18.190257102+02:00,2019-10-01T09:00:18.190257102+02:00,2019-10-01T17:29:58.552073359+02:00,30580.361816
2019-10-01 12:43:38.851125848+02:00,1569926618851125848,1,bid,0.269999999999996,84.86,84.87,84.59,13400.660868746,0,13400.660868746,quantile,0.95,0.269999999999996,2019-10-01T09:00:18.190257102+02:00,2019-10-01T09:00:18.190257102+02:00,2019-10-01T17:29:58.552073359+02:00,30580.361816
2019-10-01 12:43:40.976145080+02:00,1569926620976145080,1,bid,0.4499999999999886,84.85,84.86,84.4,13402.785887978,0,13402.785887978,quantile,0.95,0.269999999999996,2019-10-01T09:00:18.190257102+02:00,2019-10-01T09:00:18.190257102+02:00,2019-10-01T17:29:58.552073359+02:00,30580.361816
2019-10-01 12:43:58.853338449+02:00,1569926638853338449,1,bid,0.2700000000000102,84.84,84.85,84.57,13420.663081347,0,13420.663081347,quantile,0.95,0.269999999999996,2019-10-01T09:00:18.190257102+02:00,2019-10-01T09:00:18.190257102+02:00,2019-10-01T17:29:58.552073359+02:00,30580.361816
2019-10-01 12:44:24.208831818+02:00,1569926664208831818,1,bid,0.4499999999999886,84.82,84.83,84.37,13446.018574716,0,13446.018574716,quantile,0.95,0.269999999999996,2019-10-01T09:00:18.190257102+02:00,2019-10-01T09:00:18.190257102+02:00,2019-10-01T17:29:58.552073359+02:00,30580.361816
2019-10-01 12:44:38.895215922+02:00,1569926678895215922,1,bid,0.269999999999996,84.82,84.83,84.55,13460.70495882,0,13460.70495882,quantile,0.95,0.269999999999996,2019-10-01T09:00:18.190257102+02:00,2019-10-01T09:00:18.190257102+02:00,2019-10-01T17:29:58.552073359+02:00,30580.361816
2019-10-01 12:45:14.964532273+02:00,1569926714964532273,1,bid,0.269999999999996,84.81,84.82,84.54,13496.774275171,0,13496.774275171,quantile,0.95,0.269999999999996,2019-10-01T09:00:18.190257102+02:00,2019-10-01T09:00:18.190257102+02:00,2019-10-01T17:29:58.552073359+02:00,30580.361816
2019-10-01 12:45:28.493855659+02:00,1569926728493855659,1,bid,0.4500000000000028,84.8,84.82,84.35,13510.303598557,0,13510.303598557,quantile,0.95,0.269999999999996,2019-10-01T09:00:18.190257102+02:00,2019-10-01T09:00:18.190257102+02:00,2019-10-01T17:29:58.552073359+02:00,30580.361816
2019-10-01 12:45:38.484149715+02:00,1569926738484149715,1,bid,0.269999999999996,84.8,84.82,84.53,13520.293892613,0,13520.293892613,quantile,0.95,0.269999999999996,2019-10-01T09:00:18.190257102+02:00,2019-10-01T09:00:18.190257102+02:00,2019-10-01T17:29:58.552073359+02:00,30580.361816
2019-10-01 12:46:54.755263127+02:00,1569926814755263127,1,bid,0.4399999999999977,84.83,84.84,84.39,13596.565006025,0,13596.565006025,quantile,0.95,0.269999999999996,2019-10-01T09:00:18.190257102+02:00,2019-10-01T09:00:18.190257102+02:00,2019-10-01T17:29:58.552073359+02:00,30580.361816
2019-10-01 12:47:04.446711598+02:00,1569926824446711598,1,bid,0.4599999999999937,84.83,84.84,84.37,13606.256454496,0,13606.256454496,quantile,0.95,0.269999999999996,2019-10-01T09:00:18.190257102+02:00,2019-10-01T09:00:18.190257102+02:00,2019-10-01T17:29:58.552073359+02:00,30580.361816
2019-10-01 12:47:04.759768014+02:00,1569926824759768014,1,bid,0.269999999999996,84.83,84.84,84.56,13606.569510912,0,13606.569510912,quantile,0.95,0.269999999999996,2019-10-01T09:00:18.190257102+02:00,2019-10-01T09:00:18.190257102+02:00,2019-10-01T17:29:58.552073359+02:00,30580.361816
2019-10-01 12:47:20.450118025+02:00,1569926840450118025,1,bid,0.4299999999999926,84.83,84.85,84.4,13622.259860923,0,13622.259860923,quantile,0.95,0.269999999999996,2019-10-01T09:00:18.190257102+02:00,2019-10-01T09:00:18.190257102+02:00,2019-10-01T17:29:58.552073359+02:00,30580.361816
2019-10-01 12:48:13.031828832+02:00,1569926893031828832,1,bid,0.4599999999999937,84.83,84.84,84.37,13674.84157173,0,13674.84157173,quantile,0.95,0.269999999999996,2019-10-01T09:00:18.190257102+02:00,2019-10-01T09:00:18.190257102+02:00,2019-10-01T17:29:58.552073359+02:00,30580.361816
2019-10-01 12:48:13.082258102+02:00,1569926893082258102,1,bid,0.4299999999999926,84.83,84.84,84.4,13674.892001,0,13674.892001,quantile,0.95,0.269999999999996,2019-10-01T09:00:18.190257102+02:00,2019-10-01T09:00:18.190257102+02:00,2019-10-01T17:29:58.552073359+02:00,30580.361816
2019-10-01 12:48:13.083345164+02:00,1569926893083345164,1,bid,0.4500000000000028,84.83,84.84,84.38,13674.893088062,0,13674.893088062,quantile,0.95,0.269999999999996,2019-10-01T09:00:18.190257102+02:00,2019-10-01T09:00:18.190257102+02:00,2019-10-01T17:29:58.552073359+02:00,30580.361816
2019-10-01 12:49:27.921264461+02:00,1569926967921264461,1,bid,0.4399999999999977,84.85,84.87,84.41,13749.731007359,0,13749.731007359,quantile,0.95,0.269999999999996,2019-10-01T09:00:18.190257102+02:00,2019-10-01T09:00:18.190257102+02:00,2019-10-01T17:29:58.552073359+02:00,30580.361816
2019-10-01 12:49:50.465182368+02:00,1569926990465182368,1,bid,0.4500000000000028,84.84,84.85,84.39,13772.274925266,0,13772.274925266,quantile,0.95,0.269999999999996,2019-10-01T09:00:18.190257102+02:00,2019-10-01T09:00:18.190257102+02:00,2019-10-01T17:29:58.552073359+02:00,30580.361816
2019-10-01 12:50:00.483982995+02:00,1569927000483982995,1,bid,0.2700000000000102,84.84,84.85,84.57,13782.293725893,0,13782.293725893,quantile,0.95,0.269999999999996,2019-10-01T09:00:18.190257102+02:00,2019-10-01T09:00:18.190257102+02:00,2019-10-01T17:29:58.552073359+02:00,30580.361816
2019-10-01 12:50:20.068660040+02:00,1569927020068660040,1,bid,0.4499999999999886,84.82,84.83,84.37,13801.878402938,0,13801.878402938,quantile,0.95,0.269999999999996,2019-10-01T09:00:18.190257102+02:00,2019-10-01T09:00:18.190257102+02:00,2019-10-01T17:29:58.552073359+02:00,30580.361816
2019-10-01 12:50:40.079082511+02:00,1569927040079082511,1,bid,0.269999999999996,84.82,84.83,84.55,13821.888825409,0,13821.888825409,quantile,0.95,0.269999999999996,2019-10-01T09:00:18.190257102+02:00,2019-10-01T09:00:18.190257102+02:00,2019-10-01T17:29:58.552073359+02:00,30580.361816
2019-10-01 12:52:01.088991617+02:00,1569927121088991617,1,bid,0.5899999999999892,84.77,84.8,84.18,13902.898734515,0,13902.898734515,quantile,0.95,0.269999999999996,2019-10-01T09:00:18.190257102+02:00,2019-10-01T09:00:18.190257102+02:00,2019-10-01T17:29:58.552073359+02:00,30580.361816
2019-10-01 12:52:01.096997857+02:00,1569927121096997857,1,bid,0.4399999999999977,84.77,84.8,84.33,13902.906740755,0,13902.906740755,quantile,0.95,0.269999999999996,2019-10-01T09:00:18.190257102+02:00,2019-10-01T09:00:18.190257102+02:00,2019-10-01T17:29:58.552073359+02:00,30580.361816
2019-10-01 12:53:14.953977943+02:00,1569927194953977943,1,bid,0.269999999999996,84.77,84.8,84.5,13976.763720841,0,13976.763720841,quantile,0.95,0.269999999999996,2019-10-01T09:00:18.190257102+02:00,2019-10-01T09:00:18.190257102+02:00,2019-10-01T17:29:58.552073359+02:00,30580.361816
2019-10-01 12:53:52.379789554+02:00,1569927232379789554,1,bid,0.2700000000000102,84.79,84.8,84.52,14014.189532452,0,14014.189532452,quantile,0.95,0.269999999999996,2019-10-01T09:00:18.190257102+02:00,2019-10-01T09:00:18.190257102+02:00,2019-10-01T17:29:58.552073359+02:00,30580.361816
2019-10-01 12:54:00.003210421+02:00,1569927240003210421,1,bid,0.4399999999999977,84.8,84.81,84.36,14021.812953319,0,14021.812953319,quantile,0.95,0.269999999999996,2019-10-01T09:00:18.190257102+02:00,2019-10-01T09:00:18.190257102+02:00,2019-10-01T17:29:58.552073359+02:00,30580.361816
2019-10-01 12:54:35.321855925+02:00,1569927275321855925,1,bid,0.4399999999999977,84.78,84.81,84.34,14057.131598823,0,14057.131598823,quantile,0.95,0.269999999999996,2019-10-01T09:00:18.190257102+02:00,2019-10-01T09:00:18.190257102+02:00,2019-10-01T17:29:58.552073359+02:00,30580.361816
2019-10-01 12:55:02.737130074+02:00,1569927302737130074,1,bid,0.269999999999996,84.77,84.8,84.5,14084.546872972,0,14084.546872972,quantile,0.95,0.269999999999996,2019-10-01T09:00:18.190257102+02:00,2019-10-01T09:00:18.190257102+02:00,2019-10-01T17:29:58.552073359+02:00,30580.361816
2019-10-01 12:56:36.832867664+02:00,1569927396832867664,1,bid,0.4400000000000119,84.76,84.77,84.32,14178.642610562,0,14178.642610562,quantile,0.95,0.269999999999996,2019-10-01T09:00:18.190257102+02:00,2019-10-01T09:00:18.190257102+02:00,2019-10-01T17:29:58.552073359+02:00,30580.361816
2019-10-01 12:56:37.006186147+02:00,1569927397006186147,1,bid,0.4499999999999886,84.74,84.76,84.29,14178.815929045,0,14178.815929045,quantile,0.95,0.269999999999996,2019-10-01T09:00:18.190257102+02:00,2019-10-01T09:00:18.190257102+02:00,2019-10-01T17:29:58.552073359+02:00,30580.361816
2019-10-01 12:57:06.866193965+02:00,1569927426866193965,1,bid,0.269999999999996,84.75,84.76,84.48,14208.675936863,0,14208.675936863,quantile,0.95,0.269999999999996,2019-10-01T09:00:18.190257102+02:00,2019-10-01T09:00:18.190257102+02:00,2019-10-01T17:29:58.552073359+02:00,30580.361816
2019-10-01 12:57:21.885028101+02:00,1569927441885028101,1,bid,0.4300000000000068,84.75,84.76,84.32,14223.694770999,0,14223.694770999,quantile,0.95,0.269999999999996,2019-10-01T09:00:18.190257102+02:00,2019-10-01T09:00:18.190257102+02:00,2019-10-01T17:29:58.552073359+02:00,30580.361816
2019-10-01 12:57:47.769751635+02:00,1569927467769751635,1,bid,0.4399999999999977,84.74,84.76,84.3,14249.579494533,0,14249.579494533,quantile,0.95,0.269999999999996,2019-10-01T09:00:18.190257102+02:00,2019-10-01T09:00:18.190257102+02:00,2019-10-01T17:29:58.552073359+02:00,30580.361816
2019-10-01 12:57:51.451771653+02:00,1569927471451771653,1,bid,0.4399999999999977,84.72,84.74,84.28,14253.261514551,0,14253.261514551,quantile,0.95,0.269999999999996,2019-10-01T09:00:18.190257102+02:00,2019-10-01T09:00:18.190257102+02:00,2019-10-01T17:29:58.552073359+02:00,30580.361816
2019-10-01 12:57:52.279565832+02:00,1569927472279565832,1,bid,0.4499999999999886,84.71,84.73,84.26,14254.08930873,0,14254.08930873,quantile,0.95,0.269999999999996,2019-10-01T09:00:18.190257102+02:00,2019-10-01T09:00:18.190257102+02:00,2019-10-01T17:29:58.552073359+02:00,30580.361816
2019-10-01 12:58:11.972190760+02:00,1569927491972190760,1,bid,0.4299999999999926,84.72,84.74,84.29,14273.781933658,0,14273.781933658,quantile,0.95,0.269999999999996,2019-10-01T09:00:18.190257102+02:00,2019-10-01T09:00:18.190257102+02:00,2019-10-01T17:29:58.552073359+02:00,30580.361816
2019-10-01 12:59:17.878551621+02:00,1569927557878551621,1,bid,0.4399999999999977,84.71,84.73,84.27,14339.688294519,0,14339.688294519,quantile,0.95,0.269999999999996,2019-10-01T09:00:18.190257102+02:00,2019-10-01T09:00:18.190257102+02:00,2019-10-01T17:29:58.552073359+02:00,30580.361816
2019-10-01 12:59:25.191354511+02:00,1569927565191354511,1,bid,0.4599999999999937,84.71,84.72,84.25,14347.001097409,0,14347.001097409,quantile,0.95,0.269999999999996,2019-10-01T09:00:18.190257102+02:00,2019-10-01T09:00:18.190257102+02:00,2019-10-01T17:29:58.552073359+02:00,30580.361816
2019-10-01 12:59:37.896220529+02:00,1569927577896220529,1,bid,0.269999999999996,84.7,84.72,84.43,14359.705963427,0,14359.705963427,quantile,0.95,0.269999999999996,2019-10-01T09:00:18.190257102+02:00,2019-10-01T09:00:18.190257102+02:00,2019-10-01T17:29:58.552073359+02:00,30580.361816
2019-10-01 13:00:02.061044433+02:00,1569927602061044433,1,bid,0.4399999999999977,84.72,84.73,84.28,14383.870787331,0,14383.870787331,quantile,0.95,0.269999999999996,2019-10-01T09:00:18.190257102+02:00,2019-10-01T09:00:18.190257102+02:00,2019-10-01T17:29:58.552073359+02:00,30580.361816
2019-10-01 13:00:12.077007124+02:00,1569927612077007124,1,bid,0.269999999999996,84.72,84.73,84.45,14393.886750022,0,14393.886750022,quantile,0.95,0.269999999999996,2019-10-01T09:00:18.190257102+02:00,2019-10-01T09:00:18.190257102+02:00,2019-10-01T17:29:58.552073359+02:00,30580.361816
2019-10-01 13:00:13.801556763+02:00,1569927613801556763,1,bid,0.4499999999999886,84.71,84.73,84.26,14395.611299661,0,14395.611299661,quantile,0.95,0.269999999999996,2019-10-01T09:00:18.190257102+02:00,2019-10-01T09:00:18.190257102+02:00,2019-10-01T17:29:58.552073359+02:00,30580.361816
2019-10-01 13:00:49.308688621+02:00,1569927649308688621,1,bid,0.4399999999999977,84.73,84.75,84.29,14431.118431519,0,14431.118431519,quantile,0.95,0.269999999999996,2019-10-01T09:00:18.190257102+02:00,2019-10-01T09:00:18.190257102+02:00,2019-10-01T17:29:58.552073359+02:00,30580.361816
2019-10-01 13:01:26.850849416+02:00,1569927686850849416,1,bid,0.269999999999996,84.74,84.75,84.47,14468.660592314,0,14468.660592314,quantile,0.95,0.269999999999996,2019-10-01T09:00:18.190257102+02:00,2019-10-01T09:00:18.190257102+02:00,2019-10-01T17:29:58.552073359+02:00,30580.361816
2019-10-01 13:02:17.671300397+02:00,1569927737671300397,1,bid,0.4400000000000119,84.76,84.78,84.32,14519.481043295,0,14519.481043295,quantile,0.95,0.269999999999996,2019-10-01T09:00:18.190257102+02:00,2019-10-01T09:00:18.190257102+02:00,2019-10-01T17:29:58.552073359+02:00,30580.361816
2019-10-01 13:02:25.809988883+02:00,1569927745809988883,1,bid,0.2700000000000102,84.76,84.78,84.49,14527.619731781,0,14527.619731781,quantile,0.95,0.269999999999996,2019-10-01T09:00:18.190257102+02:00,2019-10-01T09:00:18.190257102+02:00,2019-10-01T17:29:58.552073359+02:00,30580.361816
2019-10-01 13:04:05.563724395+02:00,1569927845563724395,1,bid,0.4399999999999977,84.74,84.76,84.3,14627.373467293,0,14627.373467293,quantile,0.95,0.269999999999996,2019-10-01T09:00:18.190257102+02:00,2019-10-01T09:00:18.190257102+02:00,2019-10-01T17:29:58.552073359+02:00,30580.361816
2019-10-01 13:04:21.370252827+02:00,1569927861370252827,1,bid,0.4600000000000079,84.73,84.74,84.27,14643.179995725,0,14643.179995725,quantile,0.95,0.269999999999996,2019-10-01T09:00:18.190257102+02:00,2019-10-01T09:00:18.190257102+02:00,2019-10-01T17:29:58.552073359+02:00,30580.361816
2019-10-01 13:04:35.199989806+02:00,1569927875199989806,1,bid,0.4399999999999977,84.74,84.75,84.3,14657.009732704,0,14657.009732704,quantile,0.95,0.269999999999996,2019-10-01T09:00:18.190257102+02:00,2019-10-01T09:00:18.190257102+02:00,2019-10-01T17:29:58.552073359+02:00,30580.361816
2019-10-01 13:04:45.638159107+02:00,1569927885638159107,1,bid,0.269999999999996,84.74,84.75,84.47,14667.447902005,0,14667.447902005,quantile,0.95,0.269999999999996,2019-10-01T09:00:18.190257102+02:00,2019-10-01T09:00:18.190257102+02:00,2019-10-01T17:29:58.552073359+02:00,30580.361816
2019-10-01 13:05:42.828628279+02:00,1569927942828628279,1,bid,0.2700000000000102,84.73,84.75,84.46,14724.638371177,0,14724.638371177,quantile,0.95,0.269999999999996,2019-10-01T09:00:18.190257102+02:00,2019-10-01T09:00:18.190257102+02:00,2019-10-01T17:29:58.552073359+02:00,30580.361816
2019-10-01 13:05:50.170493230+02:00,1569927950170493230,1,bid,0.4399999999999977,84.72,84.74,84.28,14731.980236128,0,14731.980236128,quantile,0.95,0.269999999999996,2019-10-01T09:00:18.190257102+02:00,2019-10-01T09:00:18.190257102+02:00,2019-10-01T17:29:58.552073359+02:00,30580.361816
2019-10-01 13:06:16.701065738+02:00,1569927976701065738,1,bid,0.269999999999996,84.72,84.74,84.45,14758.510808636,0,14758.510808636,quantile,0.95,0.269999999999996,2019-10-01T09:00:18.190257102+02:00,2019-10-01T09:00:18.190257102+02:00,2019-10-01T17:29:58.552073359+02:00,30580.361816
2019-10-01 13:07:24.579916327+02:00,1569928044579916327,1,bid,0.269999999999996,84.74,84.75,84.47,14826.389659225,0,14826.389659225,quantile,0.95,0.269999999999996,2019-10-01T09:00:18.190257102+02:00,2019-10-01T09:00:18.190257102+02:00,2019-10-01T17:29:58.552073359+02:00,30580.361816
2019-10-01 13:08:53.739534601+02:00,1569928133739534601,1,bid,0.4299999999999926,84.74,84.76,84.31,14915.549277499,0,14915.549277499,quantile,0.95,0.269999999999996,2019-10-01T09:00:18.190257102+02:00,2019-10-01T09:00:18.190257102+02:00,2019-10-01T17:29:58.552073359+02:00,30580.361816
2019-10-01 13:10:02.029563551+02:00,1569928202029563551,1,bid,0.2700000000000102,84.76,84.78,84.49,14983.839306449,0,14983.839306449,quantile,0.95,0.269999999999996,2019-10-01T09:00:18.190257102+02:00,2019-10-01T09:00:18.190257102+02:00,2019-10-01T17:29:58.552073359+02:00,30580.361816
2019-10-01 13:11:10.584382809+02:00,1569928270584382809,1,bid,0.4399999999999977,84.78,84.8,84.34,15052.394125707,0,15052.394125707,quantile,0.95,0.269999999999996,2019-10-01T09:00:18.190257102+02:00,2019-10-01T09:00:18.190257102+02:00,2019-10-01T17:29:58.552073359+02:00,30580.361816
2019-10-01 13:11:30.017081466+02:00,1569928290017081466,1,bid,0.269999999999996,84.8,84.82,84.53,15071.826824364,0,15071.826824364,quantile,0.95,0.269999999999996,2019-10-01T09:00:18.190257102+02:00,2019-10-01T09:00:18.190257102+02:00,2019-10-01T17:29:58.552073359+02:00,30580.361816
2019-10-01 13:12:29.262299681+02:00,1569928349262299681,1,bid,0.4399999999999977,84.81,84.82,84.37,15131.072042579,0,15131.072042579,quantile,0.95,0.269999999999996,2019-10-01T09:00:18.190257102+02:00,2019-10-01T09:00:18.190257102+02:00,2019-10-01T17:29:58.552073359+02:00,30580.361816
2019-10-01 13:12:39.277254163+02:00,1569928359277254163,1,bid,0.269999999999996,84.82,84.83,84.55,15141.086997061,0,15141.086997061,quantile,0.95,0.269999999999996,2019-10-01T09:00:18.190257102+02:00,2019-10-01T09:00:18.190257102+02:00,2019-10-01T17:29:58.552073359+02:00,30580.361816
2019-10-01 13:13:01.665262053+02:00,1569928381665262053,1,bid,0.4400000000000119,84.79,84.81,84.35,15163.475004951,0,15163.475004951,quantile,0.95,0.269999999999996,2019-10-01T09:00:18.190257102+02:00,2019-10-01T09:00:18.190257102+02:00,2019-10-01T17:29:58.552073359+02:00,30580.361816
2019-10-01 13:13:11.673919302+02:00,1569928391673919302,1,bid,0.269999999999996,84.8,84.81,84.53,15173.4836622,0,15173.4836622,quantile,0.95,0.269999999999996,2019-10-01T09:00:18.190257102+02:00,2019-10-01T09:00:18.190257102+02:00,2019-10-01T17:29:58.552073359+02:00,30580.361816
2019-10-01 13:13:37.092504056+02:00,1569928417092504056,1,bid,0.2700000000000102,84.79,84.81,84.52,15198.902246954,0,15198.902246954,quantile,0.95,0.269999999999996,2019-10-01T09:00:18.190257102+02:00,2019-10-01T09:00:18.190257102+02:00,2019-10-01T17:29:58.552073359+02:00,30580.361816
2019-10-01 13:13:43.997570273+02:00,1569928423997570273,1,bid,0.4399999999999977,84.77,84.8,84.33,15205.807313171,0,15205.807313171,quantile,0.95,0.269999999999996,2019-10-01T09:00:18.190257102+02:00,2019-10-01T09:00:18.190257102+02:00,2019-10-01T17:29:58.552073359+02:00,30580.361816
2019-10-01 13:13:57.100057405+02:00,1569928437100057405,1,bid,0.269999999999996,84.77,84.79,84.5,15218.909800303,0,15218.909800303,quantile,0.95,0.269999999999996,2019-10-01T09:00:18.190257102+02:00,2019-10-01T09:00:18.190257102+02:00,2019-10-01T17:29:58.552073359+02:00,30580.361816
2019-10-01 13:15:09.922401788+02:00,1569928509922401788,1,bid,0.4399999999999977,84.8,84.81,84.36,15291.732144686,0,15291.732144686,quantile,0.95,0.269999999999996,2019-10-01T09:00:18.190257102+02:00,2019-10-01T09:00:18.190257102+02:00,2019-10-01T17:29:58.552073359+02:00,30580.361816
2019-10-01 13:15:49.321950630+02:00,1569928549321950630,1,bid,0.269999999999996,84.81,84.83,84.54,15331.131693528,0,15331.131693528,quantile,0.95,0.269999999999996,2019-10-01T09:00:18.190257102+02:00,2019-10-01T09:00:18.190257102+02:00,2019-10-01T17:29:58.552073359+02:00,30580.361816
2019-10-01 13:16:20.980094162+02:00,1569928580980094162,1,bid,0.4399999999999977,84.83,84.85,84.39,15362.78983706,0,15362.78983706,quantile,0.95,0.269999999999996,2019-10-01T09:00:18.190257102+02:00,2019-10-01T09:00:18.190257102+02:00,2019-10-01T17:29:58.552073359+02:00,30580.361816
2019-10-01 13:16:40.978981302+02:00,1569928600978981302,1,bid,0.269999999999996,84.85,84.87,84.58,15382.7887242,0,15382.7887242,quantile,0.95,0.269999999999996,2019-10-01T09:00:18.190257102+02:00,2019-10-01T09:00:18.190257102+02:00,2019-10-01T17:29:58.552073359+02:00,30580.361816
2019-10-01 13:17:00.137110069+02:00,1569928620137110069,1,bid,0.4299999999999926,84.85,84.87,84.42,15401.946852967,0,15401.946852967,quantile,0.95,0.269999999999996,2019-10-01T09:00:18.190257102+02:00,2019-10-01T09:00:18.190257102+02:00,2019-10-01T17:29:58.552073359+02:00,30580.361816
2019-10-01 13:17:52.956605066+02:00,1569928672956605066,1,bid,0.269999999999996,84.85,84.87,84.58,15454.766347964,0,15454.766347964,quantile,0.95,0.269999999999996,2019-10-01T09:00:18.190257102+02:00,2019-10-01T09:00:18.190257102+02:00,2019-10-01T17:29:58.552073359+02:00,30580.361816
2019-10-01 13:18:00.073760175+02:00,1569928680073760175,1,bid,0.4500000000000028,84.84,84.86,84.39,15461.883503073,0,15461.883503073,quantile,0.95,0.269999999999996,2019-10-01T09:00:18.190257102+02:00,2019-10-01T09:00:18.190257102+02:00,2019-10-01T17:29:58.552073359+02:00,30580.361816
2019-10-01 13:18:12.963751047+02:00,1569928692963751047,1,bid,0.269999999999996,84.83,84.85,84.56,15474.773493945,0,15474.773493945,quantile,0.95,0.269999999999996,2019-10-01T09:00:18.190257102+02:00,2019-10-01T09:00:18.190257102+02:00,2019-10-01T17:29:58.552073359+02:00,30580.361816
2019-10-01 13:18:45.294208908+02:00,1569928725294208908,1,bid,0.4399999999999977,84.81,84.84,84.37,15507.103951806,0,15507.103951806,quantile,0.95,0.269999999999996,2019-10-01T09:00:18.190257102+02:00,2019-10-01T09:00:18.190257102+02:00,2019-10-01T17:29:58.552073359+02:00,30580.361816
2019-10-01 13:19:00.450960244+02:00,1569928740450960244,1,bid,0.4500000000000028,84.84,84.86,84.39,15522.260703142,0,15522.260703142,quantile,0.95,0.269999999999996,2019-10-01T09:00:18.190257102+02:00,2019-10-01T09:00:18.190257102+02:00,2019-10-01T17:29:58.552073359+02:00,30580.361816
2019-10-01 13:19:37.782789747+02:00,1569928777782789747,1,bid,0.4499999999999886,84.82,84.84,84.37,15559.592532645,0,15559.592532645,quantile,0.95,0.269999999999996,2019-10-01T09:00:18.190257102+02:00,2019-10-01T09:00:18.190257102+02:00,2019-10-01T17:29:58.552073359+02:00,30580.361816
2019-10-01 13:19:50.153775808+02:00,1569928790153775808,1,bid,0.4399999999999977,84.84,84.86,84.4,15571.963518706,0,15571.963518706,quantile,0.95,0.269999999999996,2019-10-01T09:00:18.190257102+02:00,2019-10-01T09:00:18.190257102+02:00,2019-10-01T17:29:58.552073359+02:00,30580.361816
2019-10-01 13:20:38.543831194+02:00,1569928838543831194,1,bid,0.4399999999999977,84.82,84.83,84.38,15620.353574092,0,15620.353574092,quantile,0.95,0.269999999999996,2019-10-01T09:00:18.190257102+02:00,2019-10-01T09:00:18.190257102+02:00,2019-10-01T17:29:58.552073359+02:00,30580.361816
2019-10-01 13:20:47.302659719+02:00,1569928847302659719,1,bid,0.4500000000000028,84.81,84.82,84.36,15629.112402617,0,15629.112402617,quantile,0.95,0.269999999999996,2019-10-01T09:00:18.190257102+02:00,2019-10-01T09:00:18.190257102+02:00,2019-10-01T17:29:58.552073359+02:00,30580.361816
2019-10-01 13:20:58.550453406+02:00,1569928858550453406,1,bid,0.269999999999996,84.81,84.82,84.54,15640.360196304,0,15640.360196304,quantile,0.95,0.269999999999996,2019-10-01T09:00:18.190257102+02:00,2019-10-01T09:00:18.190257102+02:00,2019-10-01T17:29:58.552073359+02:00,30580.361816
2019-10-01 13:21:35.600154987+02:00,1569928895600154987,1,bid,0.269999999999996,84.8,84.81,84.53,15677.409897885,0,15677.409897885,quantile,0.95,0.269999999999996,2019-10-01T09:00:18.190257102+02:00,2019-10-01T09:00:18.190257102+02:00,2019-10-01T17:29:58.552073359+02:00,30580.361816
2019-10-01 13:22:05.878982270+02:00,1569928925878982270,1,bid,0.4399999999999977,84.77,84.79,84.33,15707.688725168,0,15707.688725168,quantile,0.95,0.269999999999996,2019-10-01T09:00:18.190257102+02:00,2019-10-01T09:00:18.190257102+02:00,2019-10-01T17:29:58.552073359+02:00,30580.361816
2019-10-01 13:22:14.711723820+02:00,1569928934711723820,1,bid,0.4399999999999977,84.8,84.81,84.36,15716.521466718,0,15716.521466718,quantile,0.95,0.269999999999996,2019-10-01T09:00:18.190257102+02:00,2019-10-01T09:00:18.190257102+02:00,2019-10-01T17:29:58.552073359+02:00,30580.361816
2019-10-01 13:23:08.607296809+02:00,1569928988607296809,1,bid,0.2700000000000102,84.79,84.81,84.52,15770.417039707,0,15770.417039707,quantile,0.95,0.269999999999996,2019-10-01T09:00:18.190257102+02:00,2019-10-01T09:00:18.190257102+02:00,2019-10-01T17:29:58.552073359+02:00,30580.361816
2019-10-01 13:23:39.066492957+02:00,1569929019066492957,1,bid,0.4399999999999977,84.83,84.85,84.39,15800.876235855,0,15800.876235855,quantile,0.95,0.269999999999996,2019-10-01T09:00:18.190257102+02:00,2019-10-01T09:00:18.190257102+02:00,2019-10-01T17:29:58.552073359+02:00,30580.361816
2019-10-01 13:23:54.400068776+02:00,1569929034400068776,1,bid,0.269999999999996,84.83,84.85,84.56,15816.209811674,0,15816.209811674,quantile,0.95,0.269999999999996,2019-10-01T09:00:18.190257102+02:00,2019-10-01T09:00:18.190257102+02:00,2019-10-01T17:29:58.552073359+02:00,30580.361816
2019-10-01 13:25:54.841223526+02:00,1569929154841223526,1,bid,0.4399999999999977,84.86,84.88,84.42,15936.650966424,0,15936.650966424,quantile,0.95,0.269999999999996,2019-10-01T09:00:18.190257102+02:00,2019-10-01T09:00:18.190257102+02:00,2019-10-01T17:29:58.552073359+02:00,30580.361816
2019-10-01 13:25:59.618306525+02:00,1569929159618306525,1,bid,0.269999999999996,84.86,84.87,84.59,15941.428049423,0,15941.428049423,quantile,0.95,0.269999999999996,2019-10-01T09:00:18.190257102+02:00,2019-10-01T09:00:18.190257102+02:00,2019-10-01T17:29:58.552073359+02:00,30580.361816
2019-10-01 13:26:06.155654556+02:00,1569929166155654556,1,bid,0.4499999999999886,84.85,84.86,84.4,15947.965397454,0,15947.965397454,quantile,0.95,0.269999999999996,2019-10-01T09:00:18.190257102+02:00,2019-10-01T09:00:18.190257102+02:00,2019-10-01T17:29:58.552073359+02:00,30580.361816
2019-10-01 13:26:06.161399298+02:00,1569929166161399298,1,bid,0.4399999999999977,84.83,84.85,84.39,15947.971142196,0,15947.971142196,quantile,0.95,0.269999999999996,2019-10-01T09:00:18.190257102+02:00,2019-10-01T09:00:18.190257102+02:00,2019-10-01T17:29:58.552073359+02:00,30580.361816
2019-10-01 13:26:19.641236944+02:00,1569929179641236944,1,bid,0.2700000000000102,84.84,84.86,84.57,15961.450979842,0,15961.450979842,quantile,0.95,0.269999999999996,2019-10-01T09:00:18.190257102+02:00,2019-10-01T09:00:18.190257102+02:00,2019-10-01T17:29:58.552073359+02:00,30580.361816
2019-10-01 13:26:43.312926587+02:00,1569929203312926587,1,bid,0.4499999999999886,84.82,84.84,84.37,15985.122669485,0,15985.122669485,quantile,0.95,0.269999999999996,2019-10-01T09:00:18.190257102+02:00,2019-10-01T09:00:18.190257102+02:00,2019-10-01T17:29:58.552073359+02:00,30580.361816
2019-10-01 13:26:43.319020621+02:00,1569929203319020621,1,bid,0.4500000000000028,84.8,84.81,84.35,15985.128763519,0,15985.128763519,quantile,0.95,0.269999999999996,2019-10-01T09:00:18.190257102+02:00,2019-10-01T09:00:18.190257102+02:00,2019-10-01T17:29:58.552073359+02:00,30580.361816
2019-10-01 13:27:01.905476028+02:00,1569929221905476028,1,bid,0.269999999999996,84.8,84.81,84.53,16003.715218926,0,16003.715218926,quantile,0.95,0.269999999999996,2019-10-01T09:00:18.190257102+02:00,2019-10-01T09:00:18.190257102+02:00,2019-10-01T17:29:58.552073359+02:00,30580.361816
2019-10-01 13:27:24.705120092+02:00,1569929244705120092,1,bid,0.2700000000000102,84.79,84.81,84.52,16026.51486299,0,16026.51486299,quantile,0.95,0.269999999999996,2019-10-01T09:00:18.190257102+02:00,2019-10-01T09:00:18.190257102+02:00,2019-10-01T17:29:58.552073359+02:00,30580.361816
2019-10-01 13:28:02.528396+02:00,1569929282528396000,1,bid,0.269999999999996,84.78,84.8,84.51,16064.338138898,0,16064.338138898,quantile,0.95,0.269999999999996,2019-10-01T09:00:18.190257102+02:00,2019-10-01T09:00:18.190257102+02:00,2019-10-01T17:29:58.552073359+02:00,30580.361816
2019-10-01 13:29:15.309179154+02:00,1569929355309179154,1,bid,0.4399999999999977,84.77,84.79,84.33,16137.118922052,0,16137.118922052,quantile,0.95,0.269999999999996,2019-10-01T09:00:18.190257102+02:00,2019-10-01T09:00:18.190257102+02:00,2019-10-01T17:29:58.552073359+02:00,30580.361816
2019-10-01 13:29:15.451788269+02:00,1569929355451788269,1,bid,0.4399999999999977,84.75,84.77,84.31,16137.261531167,0,16137.261531167,quantile,0.95,0.269999999999996,2019-10-01T09:00:18.190257102+02:00,2019-10-01T09:00:18.190257102+02:00,2019-10-01T17:29:58.552073359+02:00,30580.361816
2019-10-01 13:29:25.314649667+02:00,1569929365314649667,1,bid,0.269999999999996,84.77,84.79,84.5,16147.124392565,0,16147.124392565,quantile,0.95,0.269999999999996,2019-10-01T09:00:18.190257102+02:00,2019-10-01T09:00:18.190257102+02:00,2019-10-01T17:29:58.552073359+02:00,30580.361816
2019-10-01 13:29:45.360697207+02:00,1569929385360697207,1,bid,0.2700000000000102,84.76,84.77,84.49,16167.170440105,0,16167.170440105,quantile,0.95,0.269999999999996,2019-10-01T09:00:18.190257102+02:00,2019-10-01T09:00:18.190257102+02:00,2019-10-01T17:29:58.552073359+02:00,30580.361816
2019-10-01 13:30:09.769711731+02:00,1569929409769711731,1,bid,0.4399999999999977,84.78,84.79,84.34,16191.579454629,0,16191.579454629,quantile,0.95,0.269999999999996,2019-10-01T09:00:18.190257102+02:00,2019-10-01T09:00:18.190257102+02:00,2019-10-01T17:29:58.552073359+02:00,30580.361816
2019-10-01 13:30:19.769705558+02:00,1569929419769705558,1,bid,0.269999999999996,84.78,84.8,84.51,16201.579448456,0,16201.579448456,quantile,0.95,0.269999999999996,2019-10-01T09:00:18.190257102+02:00,2019-10-01T09:00:18.190257102+02:00,2019-10-01T17:29:58.552073359+02:00,30580.361816
2019-10-01 13:31:29.000553938+02:00,1569929489000553938,1,bid,0.4399999999999977,84.81,84.82,84.37,16270.810296836,0,16270.810296836,quantile,0.95,0.269999999999996,2019-10-01T09:00:18.190257102+02:00,2019-10-01T09:00:18.190257102+02:00,2019-10-01T17:29:58.552073359+02:00,30580.361816
2019-10-01 13:33:46.087836999+02:00,1569929626087836999,1,bid,0.4399999999999977,84.84,84.86,84.4,16407.897579897,0,16407.897579897,quantile,0.95,0.269999999999996,2019-10-01T09:00:18.190257102+02:00,2019-10-01T09:00:18.190257102+02:00,2019-10-01T17:29:58.552073359+02:00,30580.361816
2019-10-01 13:34:04.313957744+02:00,1569929644313957744,1,bid,0.269999999999996,84.85,84.86,84.58,16426.123700642,0,16426.123700642,quantile,0.95,0.269999999999996,2019-10-01T09:00:18.190257102+02:00,2019-10-01T09:00:18.190257102+02:00,2019-10-01T17:29:58.552073359+02:00,30580.361816
2019-10-01 13:34:24.351521336+02:00,1569929664351521336,1,bid,0.269999999999996,84.83,84.85,84.56,16446.161264234,0,16446.161264234,quantile,0.95,0.269999999999996,2019-10-01T09:00:18.190257102+02:00,2019-10-01T09:00:18.190257102+02:00,2019-10-01T17:29:58.552073359+02:00,30580.361816
2019-10-01 13:35:09.483832628+02:00,1569929709483832628,1,bid,0.269999999999996,84.85,84.86,84.58,16491.293575526,0,16491.293575526,quantile,0.95,0.269999999999996,2019-10-01T09:00:18.190257102+02:00,2019-10-01T09:00:18.190257102+02:00,2019-10-01T17:29:58.552073359+02:00,30580.361816
2019-10-01 13:35:45.826128216+02:00,1569929745826128216,1,bid,0.4500000000000028,84.83,84.84,84.38,16527.635871114,0,16527.635871114,quantile,0.95,0.269999999999996,2019-10-01T09:00:18.190257102+02:00,2019-10-01T09:00:18.190257102+02:00,2019-10-01T17:29:58.552073359+02:00,30580.361816
2019-10-01 13:36:11.503811696+02:00,1569929771503811696,1,bid,0.2700000000000102,84.84,84.86,84.57,16553.313554594,0,16553.313554594,quantile,0.95,0.269999999999996,2019-10-01T09:00:18.190257102+02:00,2019-10-01T09:00:18.190257102+02:00,2019-10-01T17:29:58.552073359+02:00,30580.361816
2019-10-01 13:36:52.612396067+02:00,1569929812612396067,1,bid,0.269999999999996,84.81,84.83,84.54,16594.422138965,0,16594.422138965,quantile,0.95,0.269999999999996,2019-10-01T09:00:18.190257102+02:00,2019-10-01T09:00:18.190257102+02:00,2019-10-01T17:29:58.552073359+02:00,30580.361816
2019-10-01 13:37:41.595155447+02:00,1569929861595155447,1,bid,0.4399999999999977,84.85,84.86,84.41,16643.404898345,0,16643.404898345,quantile,0.95,0.269999999999996,2019-10-01T09:00:18.190257102+02:00,2019-10-01T09:00:18.190257102+02:00,2019-10-01T17:29:58.552073359+02:00,30580.361816
2019-10-01 13:37:42.519927593+02:00,1569929862519927593,1,bid,0.269999999999996,84.85,84.86,84.58,16644.329670491,0,16644.329670491,quantile,0.95,0.269999999999996,2019-10-01T09:00:18.190257102+02:00,2019-10-01T09:00:18.190257102+02:00,2019-10-01T17:29:58.552073359+02:00,30580.361816
2019-10-01 13:38:18.237932073+02:00,1569929898237932073,1,bid,0.4399999999999977,84.83,84.85,84.39,16680.047674971,0,16680.047674971,quantile,0.95,0.269999999999996,2019-10-01T09:00:18.190257102+02:00,2019-10-01T09:00:18.190257102+02:00,2019-10-01T17:29:58.552073359+02:00,30580.361816
2019-10-01 13:38:38.254108723+02:00,1569929918254108723,1,bid,0.269999999999996,84.83,84.86,84.56,16700.063851621,0,16700.063851621,quantile,0.95,0.269999999999996,2019-10-01T09:00:18.190257102+02:00,2019-10-01T09:00:18.190257102+02:00,2019-10-01T17:29:58.552073359+02:00,30580.361816
2019-10-01 13:39:20.339847636+02:00,1569929960339847636,1,bid,0.4399999999999977,84.86,84.87,84.42,16742.149590534,0,16742.149590534,quantile,0.95,0.269999999999996,2019-10-01T09:00:18.190257102+02:00,2019-10-01T09:00:18.190257102+02:00,2019-10-01T17:29:58.552073359+02:00,30580.361816
2019-10-01 13:39:22.101007702+02:00,1569929962101007702,1,bid,0.269999999999996,84.86,84.87,84.59,16743.9107506,0,16743.9107506,quantile,0.95,0.269999999999996,2019-10-01T09:00:18.190257102+02:00,2019-10-01T09:00:18.190257102+02:00,2019-10-01T17:29:58.552073359+02:00,30580.361816
2019-10-01 13:40:58.682948416+02:00,1569930058682948416,1,bid,0.269999999999996,84.88,84.9,84.61,16840.492691314,0,16840.492691314,quantile,0.95,0.269999999999996,2019-10-01T09:00:18.190257102+02:00,2019-10-01T09:00:18.190257102+02:00,2019-10-01T17:29:58.552073359+02:00,30580.361816
2019-10-01 13:40:58.776830148+02:00,1569930058776830148,1,bid,0.5999999999999943,84.89,84.9,84.29,16840.586573046,0,16840.586573046,quantile,0.95,0.269999999999996,2019-10-01T09:00:18.190257102+02:00,2019-10-01T09:00:18.190257102+02:00,2019-10-01T17:29:58.552073359+02:00,30580.361816
2019-10-01 13:40:58.777895616+02:00,1569930058777895616,1,bid,0.4299999999999926,84.88,84.9,84.45,16840.587638514,0,16840.587638514,quantile,0.95,0.269999999999996,2019-10-01T09:00:18.190257102+02:00,2019-10-01T09:00:18.190257102+02:00,2019-10-01T17:29:58.552073359+02:00,30580.361816
2019-10-01 13:41:34.705897774+02:00,1569930094705897774,1,bid,0.269999999999996,84.89,84.91,84.62,16876.515640672,0,16876.515640672,quantile,0.95,0.269999999999996,2019-10-01T09:00:18.190257102+02:00,2019-10-01T09:00:18.190257102+02:00,2019-10-01T17:29:58.552073359+02:00,30580.361816
2019-10-01 13:42:39.034911978+02:00,1569930159034911978,1,bid,0.4499999999999886,84.88,84.89,84.43,16940.844654876,0,16940.844654876,quantile,0.95,0.269999999999996,2019-10-01T09:00:18.190257102+02:00,2019-10-01T09:00:18.190257102+02:00,2019-10-01T17:29:58.552073359+02:00,30580.361816
2019-10-01 13:42:59.050714038+02:00,1569930179050714038,1,bid,0.2700000000000102,84.87,84.89,84.6,16960.860456936,0,16960.860456936,quantile,0.95,0.269999999999996,2019-10-01T09:00:18.190257102+02:00,2019-10-01T09:00:18.190257102+02:00,2019-10-01T17:29:58.552073359+02:00,30580.361816
2019-10-01 13:43:12.640131492+02:00,1569930192640131492,1,bid,0.4500000000000028,84.86,84.87,84.41,16974.44987439,0,16974.44987439,quantile,0.95,0.269999999999996,2019-10-01T09:00:18.190257102+02:00,2019-10-01T09:00:18.190257102+02:00,2019-10-01T17:29:58.552073359+02:00,30580.361816
2019-10-01 13:43:32.645782587+02:00,1569930212645782587,1,bid,0.269999999999996,84.85,84.87,84.58,16994.455525485,0,16994.455525485,quantile,0.95,0.269999999999996,2019-10-01T09:00:18.190257102+02:00,2019-10-01T09:00:18.190257102+02:00,2019-10-01T17:29:58.552073359+02:00,30580.361816
2019-10-01 13:44:06.923564023+02:00,1569930246923564023,1,bid,1.3499999999999943,84.85,84.87,83.5,17028.733306921,0,17028.733306921,quantile,0.95,0.269999999999996,2019-10-01T09:00:18.190257102+02:00,2019-10-01T09:00:18.190257102+02:00,2019-10-01T17:29:58.552073359+02:00,30580.361816
2019-10-01 13:44:22.046634163+02:00,1569930262046634163,1,bid,1.8499999999999943,84.85,84.87,83.0,17043.856377061,0,17043.856377061,quantile,0.95,0.269999999999996,2019-10-01T09:00:18.190257102+02:00,2019-10-01T09:00:18.190257102+02:00,2019-10-01T17:29:58.552073359+02:00,30580.361816
2019-10-01 13:44:45.496850301+02:00,1569930285496850301,1,bid,0.2700000000000102,84.87,84.88,84.6,17067.306593199,0,17067.306593199,quantile,0.95,0.269999999999996,2019-10-01T09:00:18.190257102+02:00,2019-10-01T09:00:18.190257102+02:00,2019-10-01T17:29:58.552073359+02:00,30580.361816
2019-10-01 13:45:16.413345503+02:00,1569930316413345503,1,bid,0.4399999999999977,84.88,84.89,84.44,17098.223088401,0,17098.223088401,quantile,0.95,0.269999999999996,2019-10-01T09:00:18.190257102+02:00,2019-10-01T09:00:18.190257102+02:00,2019-10-01T17:29:58.552073359+02:00,30580.361816
2019-10-01 13:45:29.899757690+02:00,1569930329899757690,1,bid,0.4399999999999977,84.86,84.88,84.42,17111.709500588,0,17111.709500588,quantile,0.95,0.269999999999996,2019-10-01T09:00:18.190257102+02:00,2019-10-01T09:00:18.190257102+02:00,2019-10-01T17:29:58.552073359+02:00,30580.361816
2019-10-01 13:45:49.897652177+02:00,1569930349897652177,1,bid,0.269999999999996,84.86,84.89,84.59,17131.707395075,0,17131.707395075,quantile,0.95,0.269999999999996,2019-10-01T09:00:18.190257102+02:00,2019-10-01T09:00:18.190257102+02:00,2019-10-01T17:29:58.552073359+02:00,30580.361816
2019-10-01 13:46:16.797236406+02:00,1569930376797236406,1,bid,0.269999999999996,84.88,84.89,84.61,17158.606979304,0,17158.606979304,quantile,0.95,0.269999999999996,2019-10-01T09:00:18.190257102+02:00,2019-10-01T09:00:18.190257102+02:00,2019-10-01T17:29:58.552073359+02:00,30580.361816
2019-10-01 13:46:22.216270312+02:00,1569930382216270312,1,bid,0.4299999999999926,84.88,84.9,84.45,17164.02601321,0,17164.02601321,quantile,0.95,0.269999999999996,2019-10-01T09:00:18.190257102+02:00,2019-10-01T09:00:18.190257102+02:00,2019-10-01T17:29:58.552073359+02:00,30580.361816
2019-10-01 13:46:36.826679730+02:00,1569930396826679730,1,bid,0.2700000000000102,84.9,84.92,84.63,17178.636422628,0,17178.636422628,quantile,0.95,0.269999999999996,2019-10-01T09:00:18.190257102+02:00,2019-10-01T09:00:18.190257102+02:00,2019-10-01T17:29:58.552073359+02:00,30580.361816
2019-10-01 13:47:41.016939775+02:00,1569930461016939775,1,bid,0.4399999999999977,84.92,84.94,84.48,17242.826682673,0,17242.826682673,quantile,0.95,0.269999999999996,2019-10-01T09:00:18.190257102+02:00,2019-10-01T09:00:18.190257102+02:00,2019-10-01T17:29:58.552073359+02:00,30580.361816
2019-10-01 13:48:01.014989777+02:00,1569930481014989777,1,bid,0.2700000000000102,84.93,84.94,84.66,17262.824732675,0,17262.824732675,quantile,0.95,0.269999999999996,2019-10-01T09:00:18.190257102+02:00,2019-10-01T09:00:18.190257102+02:00,2019-10-01T17:29:58.552073359+02:00,30580.361816
2019-10-01 13:48:11.016749500+02:00,1569930491016749500,1,bid,0.269999999999996,84.92,84.93,84.65,17272.826492398,0,17272.826492398,quantile,0.95,0.269999999999996,2019-10-01T09:00:18.190257102+02:00,2019-10-01T09:00:18.190257102+02:00,2019-10-01T17:29:58.552073359+02:00,30580.361816
2019-10-01 13:48:23.369665206+02:00,1569930503369665206,1,bid,0.4500000000000028,84.91,84.92,84.46,17285.179408104,0,17285.179408104,quantile,0.95,0.269999999999996,2019-10-01T09:00:18.190257102+02:00,2019-10-01T09:00:18.190257102+02:00,2019-10-01T17:29:58.552073359+02:00,30580.361816
2019-10-01 13:48:33.375366020+02:00,1569930513375366020,1,bid,0.269999999999996,84.91,84.92,84.64,17295.185108918,0,17295.185108918,quantile,0.95,0.269999999999996,2019-10-01T09:00:18.190257102+02:00,2019-10-01T09:00:18.190257102+02:00,2019-10-01T17:29:58.552073359+02:00,30580.361816
2019-10-01 13:49:50.239545373+02:00,1569930590239545373,1,bid,0.4300000000000068,84.92,84.94,84.49,17372.049288271,0,17372.049288271,quantile,0.95,0.269999999999996,2019-10-01T09:00:18.190257102+02:00,2019-10-01T09:00:18.190257102+02:00,2019-10-01T17:29:58.552073359+02:00,30580.361816
2019-10-01 13:50:42.017001072+02:00,1569930642017001072,1,bid,0.4399999999999977,84.91,84.93,84.47,17423.82674397,0,17423.82674397,quantile,0.95,0.269999999999996,2019-10-01T09:00:18.190257102+02:00,2019-10-01T09:00:18.190257102+02:00,2019-10-01T17:29:58.552073359+02:00,30580.361816
2019-10-01 13:51:25.300309686+02:00,1569930685300309686,1,bid,0.2700000000000102,84.9,84.92,84.63,17467.110052584,0,17467.110052584,quantile,0.95,0.269999999999996,2019-10-01T09:00:18.190257102+02:00,2019-10-01T09:00:18.190257102+02:00,2019-10-01T17:29:58.552073359+02:00,30580.361816
2019-10-01 13:52:05.754889707+02:00,1569930725754889707,1,bid,0.269999999999996,84.92,84.94,84.65,17507.564632605,0,17507.564632605,quantile,0.95,0.269999999999996,2019-10-01T09:00:18.190257102+02:00,2019-10-01T09:00:18.190257102+02:00,2019-10-01T17:29:58.552073359+02:00,30580.361816
2019-10-01 13:52:58.385139333+02:00,1569930778385139333,1,bid,0.4500000000000028,84.9,84.93,84.45,17560.194882231,0,17560.194882231,quantile,0.95,0.269999999999996,2019-10-01T09:00:18.190257102+02:00,2019-10-01T09:00:18.190257102+02:00,2019-10-01T17:29:58.552073359+02:00,30580.361816
2019-10-01 13:53:05.631907604+02:00,1569930785631907604,1,bid,0.269999999999996,84.91,84.93,84.64,17567.441650502,0,17567.441650502,quantile,0.95,0.269999999999996,2019-10-01T09:00:18.190257102+02:00,2019-10-01T09:00:18.190257102+02:00,2019-10-01T17:29:58.552073359+02:00,30580.361816
2019-10-01 13:53:44.327321551+02:00,1569930824327321551,1,bid,0.4399999999999977,84.92,84.93,84.48,17606.137064449,0,17606.137064449,quantile,0.95,0.269999999999996,2019-10-01T09:00:18.190257102+02:00,2019-10-01T09:00:18.190257102+02:00,2019-10-01T17:29:58.552073359+02:00,30580.361816
2019-10-01 13:54:34.701949043+02:00,1569930874701949043,1,bid,0.2700000000000102,84.93,84.94,84.66,17656.511691941,0,17656.511691941,quantile,0.95,0.269999999999996,2019-10-01T09:00:18.190257102+02:00,2019-10-01T09:00:18.190257102+02:00,2019-10-01T17:29:58.552073359+02:00,30580.361816
2019-10-01 13:55:10.296432410+02:00,1569930910296432410,1,bid,0.269999999999996,84.92,84.93,84.65,17692.106175308,0,17692.106175308,quantile,0.95,0.269999999999996,2019-10-01T09:00:18.190257102+02:00,2019-10-01T09:00:18.190257102+02:00,2019-10-01T17:29:58.552073359+02:00,30580.361816
2019-10-01 13:55:41.151184741+02:00,1569930941151184741,1,bid,0.269999999999996,84.94,84.96,84.67,17722.960927639,0,17722.960927639,quantile,0.95,0.269999999999996,2019-10-01T09:00:18.190257102+02:00,2019-10-01T09:00:18.190257102+02:00,2019-10-01T17:29:58.552073359+02:00,30580.361816
2019-10-01 13:56:17.281463381+02:00,1569930977281463381,1,bid,0.269999999999996,84.91,84.92,84.64,17759.091206279,0,17759.091206279,quantile,0.95,0.269999999999996,2019-10-01T09:00:18.190257102+02:00,2019-10-01T09:00:18.190257102+02:00,2019-10-01T17:29:58.552073359+02:00,30580.361816
2019-10-01 13:56:51.330854171+02:00,1569931011330854171,1,bid,0.2700000000000102,84.93,84.94,84.66,17793.140597069,0,17793.140597069,quantile,0.95,0.269999999999996,2019-10-01T09:00:18.190257102+02:00,2019-10-01T09:00:18.190257102+02:00,2019-10-01T17:29:58.552073359+02:00,30580.361816
2019-10-01 13:57:17.576155420+02:00,1569931037576155420,1,bid,0.269999999999996,84.92,84.94,84.65,17819.385898318,0,17819.385898318,quantile,0.95,0.269999999999996,2019-10-01T09:00:18.190257102+02:00,2019-10-01T09:00:18.190257102+02:00,2019-10-01T17:29:58.552073359+02:00,30580.361816
2019-10-01 13:57:37.644924977+02:00,1569931057644924977,1,bid,0.269999999999996,84.94,84.97,84.67,17839.454667875,0,17839.454667875,quantile,0.95,0.269999999999996,2019-10-01T09:00:18.190257102+02:00,2019-10-01T09:00:18.190257102+02:00,2019-10-01T17:29:58.552073359+02:00,30580.361816
2019-10-01 13:57:56.936018506+02:00,1569931076936018506,1,bid,0.4399999999999977,84.95,84.96,84.51,17858.745761404,0,17858.745761404,quantile,0.95,0.269999999999996,2019-10-01T09:00:18.190257102+02:00,2019-10-01T09:00:18.190257102+02:00,2019-10-01T17:29:58.552073359+02:00,30580.361816
2019-10-01 13:58:42.050702014+02:00,1569931122050702014,1,bid,0.269999999999996,84.95,84.96,84.68,17903.860444912,0,17903.860444912,quantile,0.95,0.269999999999996,2019-10-01T09:00:18.190257102+02:00,2019-10-01T09:00:18.190257102+02:00,2019-10-01T17:29:58.552073359+02:00,30580.361816
2019-10-01 14:00:50.317470648+02:00,1569931250317470648,1,bid,0.269999999999996,84.94,84.97,84.67,18032.127213546,0,18032.127213546,quantile,0.95,0.269999999999996,2019-10-01T09:00:18.190257102+02:00,2019-10-01T09:00:18.190257102+02:00,2019-10-01T17:29:58.552073359+02:00,30580.361816
2019-10-01 14:01:27.850533804+02:00,1569931287850533804,1,bid,0.269999999999996,84.96,84.97,84.69,18069.660276702,0,18069.660276702,quantile,0.95,0.269999999999996,2019-10-01T09:00:18.190257102+02:00,2019-10-01T09:00:18.190257102+02:00,2019-10-01T17:29:58.552073359+02:00,30580.361816
2019-10-01 14:02:05.059093523+02:00,1569931325059093523,1,bid,0.269999999999996,84.95,84.97,84.68,18106.868836421,0,18106.868836421,quantile,0.95,0.269999999999996,2019-10-01T09:00:18.190257102+02:00,2019-10-01T09:00:18.190257102+02:00,2019-10-01T17:29:58.552073359+02:00,30580.361816
2019-10-01 14:02:44.020840579+02:00,1569931364020840579,1,bid,0.4399999999999977,84.98,84.99,84.54,18145.830583477,0,18145.830583477,quantile,0.95,0.269999999999996,2019-10-01T09:00:18.190257102+02:00,2019-10-01T09:00:18.190257102+02:00,2019-10-01T17:29:58.552073359+02:00,30580.361816
2019-10-01 14:02:49.146326992+02:00,1569931369146326992,1,bid,0.2700000000000102,84.98,84.99,84.71,18150.95606989,0,18150.95606989,quantile,0.95,0.269999999999996,2019-10-01T09:00:18.190257102+02:00,2019-10-01T09:00:18.190257102+02:00,2019-10-01T17:29:58.552073359+02:00,30580.361816
2019-10-01 14:02:54.764520146+02:00,1569931374764520146,1,bid,0.4399999999999977,84.96,84.98,84.52,18156.574263044,0,18156.574263044,quantile,0.95,0.269999999999996,2019-10-01T09:00:18.190257102+02:00,2019-10-01T09:00:18.190257102+02:00,2019-10-01T17:29:58.552073359+02:00,30580.361816
2019-10-01 14:03:09.174665241+02:00,1569931389174665241,1,bid,0.269999999999996,84.96,84.98,84.69,18170.984408139,0,18170.984408139,quantile,0.95,0.269999999999996,2019-10-01T09:00:18.190257102+02:00,2019-10-01T09:00:18.190257102+02:00,2019-10-01T17:29:58.552073359+02:00,30580.361816
2019-10-01 14:03:33.281476295+02:00,1569931413281476295,1,bid,0.269999999999996,84.95,84.97,84.68,18195.091219193,0,18195.091219193,quantile,0.95,0.269999999999996,2019-10-01T09:00:18.190257102+02:00,2019-10-01T09:00:18.190257102+02:00,2019-10-01T17:29:58.552073359+02:00,30580.361816
2019-10-01 14:07:27.016922032+02:00,1569931647016922032,1,bid,0.269999999999996,84.96,84.97,84.69,18428.82666493,0,18428.82666493,quantile,0.95,0.269999999999996,2019-10-01T09:00:18.190257102+02:00,2019-10-01T09:00:18.190257102+02:00,2019-10-01T17:29:58.552073359+02:00,30580.361816
2019-10-01 14:08:59.033464758+02:00,1569931739033464758,1,bid,0.4500000000000028,84.95,84.96,84.5,18520.843207656,0,18520.843207656,quantile,0.95,0.269999999999996,2019-10-01T09:00:18.190257102+02:00,2019-10-01T09:00:18.190257102+02:00,2019-10-01T17:29:58.552073359+02:00,30580.361816
2019-10-01 14:09:18.588468032+02:00,1569931758588468032,1,bid,0.269999999999996,84.94,84.96,84.67,18540.39821093,0,18540.39821093,quantile,0.95,0.269999999999996,2019-10-01T09:00:18.190257102+02:00,2019-10-01T09:00:18.190257102+02:00,2019-10-01T17:29:58.552073359+02:00,30580.361816
2019-10-01 14:09:50.960778726+02:00,1569931790960778726,1,bid,0.4500000000000028,84.93,84.94,84.48,18572.770521624,0,18572.770521624,quantile,0.95,0.269999999999996,2019-10-01T09:00:18.190257102+02:00,2019-10-01T09:00:18.190257102+02:00,2019-10-01T17:29:58.552073359+02:00,30580.361816
2019-10-01 14:09:58.050525474+02:00,1569931798050525474,1,bid,0.4500000000000028,84.91,84.93,84.46,18579.860268372,0,18579.860268372,quantile,0.95,0.269999999999996,2019-10-01T09:00:18.190257102+02:00,2019-10-01T09:00:18.190257102+02:00,2019-10-01T17:29:58.552073359+02:00,30580.361816
2019-10-01 14:10:10.944464646+02:00,1569931810944464646,1,bid,0.269999999999996,84.91,84.93,84.64,18592.754207544,0,18592.754207544,quantile,0.95,0.269999999999996,2019-10-01T09:00:18.190257102+02:00,2019-10-01T09:00:18.190257102+02:00,2019-10-01T17:29:58.552073359+02:00,30580.361816
2019-10-01 14:10:38.976269501+02:00,1569931838976269501,1,bid,0.4400000000000119,84.93,84.94,84.49,18620.786012399,0,18620.786012399,quantile,0.95,0.269999999999996,2019-10-01T09:00:18.190257102+02:00,2019-10-01T09:00:18.190257102+02:00,2019-10-01T17:29:58.552073359+02:00,30580.361816
2019-10-01 14:10:43.125049352+02:00,1569931843125049352,1,bid,0.4399999999999977,84.91,84.92,84.47,18624.93479225,0,18624.93479225,quantile,0.95,0.269999999999996,2019-10-01T09:00:18.190257102+02:00,2019-10-01T09:00:18.190257102+02:00,2019-10-01T17:29:58.552073359+02:00,30580.361816
2019-10-01 14:11:45.650590812+02:00,1569931905650590812,1,bid,0.2700000000000102,84.93,84.94,84.66,18687.46033371,0,18687.46033371,quantile,0.95,0.269999999999996,2019-10-01T09:00:18.190257102+02:00,2019-10-01T09:00:18.190257102+02:00,2019-10-01T17:29:58.552073359+02:00,30580.361816
2019-10-01 14:12:20.736329851+02:00,1569931940736329851,1,bid,0.269999999999996,84.92,84.93,84.65,18722.546072749,0,18722.546072749,quantile,0.95,0.269999999999996,2019-10-01T09:00:18.190257102+02:00,2019-10-01T09:00:18.190257102+02:00,2019-10-01T17:29:58.552073359+02:00,30580.361816
2019-10-01 14:13:01.851002648+02:00,1569931981851002648,1,bid,0.269999999999996,84.91,84.92,84.64,18763.660745546,0,18763.660745546,quantile,0.95,0.269999999999996,2019-10-01T09:00:18.190257102+02:00,2019-10-01T09:00:18.190257102+02:00,2019-10-01T17:29:58.552073359+02:00,30580.361816
2019-10-01 14:13:51.948611068+02:00,1569932031948611068,1,bid,0.2700000000000102,84.9,84.92,84.63,18813.758353966,0,18813.758353966,quantile,0.95,0.269999999999996,2019-10-01T09:00:18.190257102+02:00,2019-10-01T09:00:18.190257102+02:00,2019-10-01T17:29:58.552073359+02:00,30580.361816
2019-10-01 14:14:13.849378146+02:00,1569932053849378146,1,bid,0.4500000000000028,84.9,84.91,84.45,18835.659121044,0,18835.659121044,quantile,0.95,0.269999999999996,2019-10-01T09:00:18.190257102+02:00,2019-10-01T09:00:18.190257102+02:00,2019-10-01T17:29:58.552073359+02:00,30580.361816
2019-10-01 14:14:14.186519034+02:00,1569932054186519034,1,bid,0.4399999999999977,84.87,84.89,84.43,18835.996261932,0,18835.996261932,quantile,0.95,0.269999999999996,2019-10-01T09:00:18.190257102+02:00,2019-10-01T09:00:18.190257102+02:00,2019-10-01T17:29:58.552073359+02:00,30580.361816
2019-10-01 14:14:33.864583830+02:00,1569932073864583830,1,bid,0.2700000000000102,84.87,84.89,84.6,18855.674326728,0,18855.674326728,quantile,0.95,0.269999999999996,2019-10-01T09:00:18.190257102+02:00,2019-10-01T09:00:18.190257102+02:00,2019-10-01T17:29:58.552073359+02:00,30580.361816
2019-10-01 14:14:53.866408348+02:00,1569932093866408348,1,bid,0.269999999999996,84.86,84.88,84.59,18875.676151246,0,18875.676151246,quantile,0.95,0.269999999999996,2019-10-01T09:00:18.190257102+02:00,2019-10-01T09:00:18.190257102+02:00,2019-10-01T17:29:58.552073359+02:00,30580.361816
2019-10-01 14:16:41.384389955+02:00,1569932201384389955,1,bid,0.4399999999999977,84.85,84.87,84.41,18983.194132853,0,18983.194132853,quantile,0.95,0.269999999999996,2019-10-01T09:00:18.190257102+02:00,2019-10-01T09:00:18.190257102+02:00,2019-10-01T17:29:58.552073359+02:00,30580.361816
2019-10-01 14:17:30.329320391+02:00,1569932250329320391,1,bid,0.4399999999999977,84.88,84.89,84.44,19032.139063289,0,19032.139063289,quantile,0.95,0.269999999999996,2019-10-01T09:00:18.190257102+02:00,2019-10-01T09:00:18.190257102+02:00,2019-10-01T17:29:58.552073359+02:00,30580.361816
2019-10-01 14:17:40.331302376+02:00,1569932260331302376,1,bid,0.269999999999996,84.88,84.89,84.61,19042.141045274,0,19042.141045274,quantile,0.95,0.269999999999996,2019-10-01T09:00:18.190257102+02:00,2019-10-01T09:00:18.190257102+02:00,2019-10-01T17:29:58.552073359+02:00,30580.361816
2019-10-01 14:18:15.326317597+02:00,1569932295326317597,1,bid,0.2700000000000102,84.9,84.92,84.63,19077.136060495,0,19077.136060495,quantile,0.95,0.269999999999996,2019-10-01T09:00:18.190257102+02:00,2019-10-01T09:00:18.190257102+02:00,2019-10-01T17:29:58.552073359+02:00,30580.361816
2019-10-01 14:18:35.350827983+02:00,1569932315350827983,1,bid,0.269999999999996,84.89,84.92,84.62,19097.160570881,0,19097.160570881,quantile,0.95,0.269999999999996,2019-10-01T09:00:18.190257102+02:00,2019-10-01T09:00:18.190257102+02:00,2019-10-01T17:29:58.552073359+02:00,30580.361816
2019-10-01 14:19:03.884861960+02:00,1569932343884861960,1,bid,0.269999999999996,84.88,84.89,84.61,19125.694604858,0,19125.694604858,quantile,0.95,0.269999999999996,2019-10-01T09:00:18.190257102+02:00,2019-10-01T09:00:18.190257102+02:00,2019-10-01T17:29:58.552073359+02:00,30580.361816
2019-10-01 14:19:23.230121968+02:00,1569932363230121968,1,bid,0.4399999999999977,84.86,84.88,84.42,19145.039864866,0,19145.039864866,quantile,0.95,0.269999999999996,2019-10-01T09:00:18.190257102+02:00,2019-10-01T09:00:18.190257102+02:00,2019-10-01T17:29:58.552073359+02:00,30580.361816
2019-10-01 14:19:32.145041035+02:00,1569932372145041035,1,bid,0.4299999999999926,84.88,84.91,84.45,19153.954783933,0,19153.954783933,quantile,0.95,0.269999999999996,2019-10-01T09:00:18.190257102+02:00,2019-10-01T09:00:18.190257102+02:00,2019-10-01T17:29:58.552073359+02:00,30580.361816
2019-10-01 14:19:40.331006323+02:00,1569932380331006323,1,bid,0.4399999999999977,84.87,84.89,84.43,19162.140749221,0,19162.140749221,quantile,0.95,0.269999999999996,2019-10-01T09:00:18.190257102+02:00,2019-10-01T09:00:18.190257102+02:00,2019-10-01T17:29:58.552073359+02:00,30580.361816
2019-10-01 14:19:53.915032133+02:00,1569932393915032133,1,bid,0.2700000000000102,84.87,84.89,84.6,19175.724775031,0,19175.724775031,quantile,0.95,0.269999999999996,2019-10-01T09:00:18.190257102+02:00,2019-10-01T09:00:18.190257102+02:00,2019-10-01T17:29:58.552073359+02:00,30580.361816
2019-10-01 14:21:04.883976367+02:00,1569932464883976367,1,bid,0.4300000000000068,84.89,84.91,84.46,19246.693719265,0,19246.693719265,quantile,0.95,0.269999999999996,2019-10-01T09:00:18.190257102+02:00,2019-10-01T09:00:18.190257102+02:00,2019-10-01T17:29:58.552073359+02:00,30580.361816
2019-10-01 14:21:42.827669280+02:00,1569932502827669280,1,bid,0.4500000000000028,84.89,84.9,84.44,19284.637412178,0,19284.637412178,quantile,0.95,0.269999999999996,2019-10-01T09:00:18.190257102+02:00,2019-10-01T09:00:18.190257102+02:00,2019-10-01T17:29:58.552073359+02:00,30580.361816
2019-10-01 14:22:46.440476419+02:00,1569932566440476419,1,bid,0.269999999999996,84.88,84.89,84.61,19348.250219317,0,19348.250219317,quantile,0.95,0.269999999999996,2019-10-01T09:00:18.190257102+02:00,2019-10-01T09:00:18.190257102+02:00,2019-10-01T17:29:58.552073359+02:00,30580.361816
2019-10-01 14:24:30.654000395+02:00,1569932670654000395,1,bid,0.4500000000000028,84.87,84.89,84.42,19452.463743293,0,19452.463743293,quantile,0.95,0.269999999999996,2019-10-01T09:00:18.190257102+02:00,2019-10-01T09:00:18.190257102+02:00,2019-10-01T17:29:58.552073359+02:00,30580.361816
2019-10-01 14:24:49.011474460+02:00,1569932689011474460,1,bid,0.2700000000000102,84.87,84.89,84.6,19470.821217358,0,19470.821217358,quantile,0.95,0.269999999999996,2019-10-01T09:00:18.190257102+02:00,2019-10-01T09:00:18.190257102+02:00,2019-10-01T17:29:58.552073359+02:00,30580.361816
2019-10-01 14:25:13.721723235+02:00,1569932713721723235,1,bid,0.4399999999999977,84.89,84.91,84.45,19495.531466133,0,19495.531466133,quantile,0.95,0.269999999999996,2019-10-01T09:00:18.190257102+02:00,2019-10-01T09:00:18.190257102+02:00,2019-10-01T17:29:58.552073359+02:00,30580.361816
2019-10-01 14:25:23.729123916+02:00,1569932723729123916,1,bid,0.269999999999996,84.89,84.91,84.62,19505.538866814,0,19505.538866814,quantile,0.95,0.269999999999996,2019-10-01T09:00:18.190257102+02:00,2019-10-01T09:00:18.190257102+02:00,2019-10-01T17:29:58.552073359+02:00,30580.361816
2019-10-01 14:26:05.144180287+02:00,1569932765144180287,1,bid,0.4499999999999886,84.88,84.89,84.43,19546.953923185,0,19546.953923185,quantile,0.95,0.269999999999996,2019-10-01T09:00:18.190257102+02:00,2019-10-01T09:00:18.190257102+02:00,2019-10-01T17:29:58.552073359+02:00,30580.361816
2019-10-01 14:26:23.320976066+02:00,1569932783320976066,1,bid,0.4400000000000119,84.9,84.91,84.46,19565.130718964,0,19565.130718964,quantile,0.95,0.269999999999996,2019-10-01T09:00:18.190257102+02:00,2019-10-01T09:00:18.190257102+02:00,2019-10-01T17:29:58.552073359+02:00,30580.361816
2019-10-01 14:26:23.468651339+02:00,1569932783468651339,1,bid,0.4500000000000028,84.89,84.91,84.44,19565.278394237,0,19565.278394237,quantile,0.95,0.269999999999996,2019-10-01T09:00:18.190257102+02:00,2019-10-01T09:00:18.190257102+02:00,2019-10-01T17:29:58.552073359+02:00,30580.361816
2019-10-01 14:26:55.167282299+02:00,1569932815167282299,1,bid,0.2700000000000102,84.87,84.9,84.6,19596.977025197,0,19596.977025197,quantile,0.95,0.269999999999996,2019-10-01T09:00:18.190257102+02:00,2019-10-01T09:00:18.190257102+02:00,2019-10-01T17:29:58.552073359+02:00,30580.361816
2019-10-01 14:26:59.365082157+02:00,1569932819365082157,1,bid,0.4399999999999977,84.86,84.87,84.42,19601.174825055,0,19601.174825055,quantile,0.95,0.269999999999996,2019-10-01T09:00:18.190257102+02:00,2019-10-01T09:00:18.190257102+02:00,2019-10-01T17:29:58.552073359+02:00,30580.361816
2019-10-01 14:26:59.700042611+02:00,1569932819700042611,1,bid,0.4499999999999886,84.85,84.87,84.4,19601.509785509,0,19601.509785509,quantile,0.95,0.269999999999996,2019-10-01T09:00:18.190257102+02:00,2019-10-01T09:00:18.190257102+02:00,2019-10-01T17:29:58.552073359+02:00,30580.361816
2019-10-01 14:27:25.190305610+02:00,1569932845190305610,1,bid,0.269999999999996,84.85,84.86,84.58,19627.000048508,0,19627.000048508,quantile,0.95,0.269999999999996,2019-10-01T09:00:18.190257102+02:00,2019-10-01T09:00:18.190257102+02:00,2019-10-01T17:29:58.552073359+02:00,30580.361816
2019-10-01 14:28:15.198887186+02:00,1569932895198887186,1,bid,0.269999999999996,84.83,84.85,84.56,19677.008630084,0,19677.008630084,quantile,0.95,0.269999999999996,2019-10-01T09:00:18.190257102+02:00,2019-10-01T09:00:18.190257102+02:00,2019-10-01T17:29:58.552073359+02:00,30580.361816
2019-10-01 14:28:16.613646039+02:00,1569932896613646039,1,bid,0.4399999999999977,84.82,84.84,84.38,19678.423388937,0,19678.423388937,quantile,0.95,0.269999999999996,2019-10-01T09:00:18.190257102+02:00,2019-10-01T09:00:18.190257102+02:00,2019-10-01T17:29:58.552073359+02:00,30580.361816
2019-10-01 14:28:35.578778632+02:00,1569932915578778632,1,bid,0.4500000000000028,84.81,84.83,84.36,19697.38852153,0,19697.38852153,quantile,0.95,0.269999999999996,2019-10-01T09:00:18.190257102+02:00,2019-10-01T09:00:18.190257102+02:00,2019-10-01T17:29:58.552073359+02:00,30580.361816
2019-10-01 14:29:05.210768868+02:00,1569932945210768868,1,bid,0.269999999999996,84.8,84.82,84.53,19727.020511766,0,19727.020511766,quantile,0.95,0.269999999999996,2019-10-01T09:00:18.190257102+02:00,2019-10-01T09:00:18.190257102+02:00,2019-10-01T17:29:58.552073359+02:00,30580.361816
2019-10-01 14:29:14.874485745+02:00,1569932954874485745,1,bid,0.4500000000000028,84.79,84.8,84.34,19736.684228643,0,19736.684228643,quantile,0.95,0.269999999999996,2019-10-01T09:00:18.190257102+02:00,2019-10-01T09:00:18.190257102+02:00,2019-10-01T17:29:58.552073359+02:00,30580.361816
2019-10-01 14:29:14.876958487+02:00,1569932954876958487,1,bid,0.6099999999999994,84.79,84.8,84.18,19736.686701385,0,19736.686701385,quantile,0.95,0.269999999999996,2019-10-01T09:00:18.190257102+02:00,2019-10-01T09:00:18.190257102+02:00,2019-10-01T17:29:58.552073359+02:00,30580.361816
2019-10-01 14:29:15.221100944+02:00,1569932955221100944,1,bid,0.2700000000000102,84.79,84.8,84.52,19737.030843842,0,19737.030843842,quantile,0.95,0.269999999999996,2019-10-01T09:00:18.190257102+02:00,2019-10-01T09:00:18.190257102+02:00,2019-10-01T17:29:58.552073359+02:00,30580.361816
2019-10-01 14:29:21.813201285+02:00,1569932961813201285,1,bid,0.4399999999999977,84.81,84.82,84.37,19743.622944183,0,19743.622944183,quantile,0.95,0.269999999999996,2019-10-01T09:00:18.190257102+02:00,2019-10-01T09:00:18.190257102+02:00,2019-10-01T17:29:58.552073359+02:00,30580.361816
2019-10-01 14:29:35.230983294+02:00,1569932975230983294,1,bid,0.269999999999996,84.82,84.84,84.55,19757.040726192,0,19757.040726192,quantile,0.95,0.269999999999996,2019-10-01T09:00:18.190257102+02:00,2019-10-01T09:00:18.190257102+02:00,2019-10-01T17:29:58.552073359+02:00,30580.361816
2019-10-01 14:29:58.240636850+02:00,1569932998240636850,1,bid,0.4399999999999977,84.84,84.86,84.4,19780.050379748,0,19780.050379748,quantile,0.95,0.269999999999996,2019-10-01T09:00:18.190257102+02:00,2019-10-01T09:00:18.190257102+02:00,2019-10-01T17:29:58.552073359+02:00,30580.361816
2019-10-01 14:29:58.241125651+02:00,1569932998241125651,1,bid,0.2700000000000102,84.84,84.86,84.57,19780.050868549,0,19780.050868549,quantile,0.95,0.269999999999996,2019-10-01T09:00:18.190257102+02:00,2019-10-01T09:00:18.190257102+02:00,2019-10-01T17:29:58.552073359+02:00,30580.361816
2019-10-01 14:30:01.617430451+02:00,1569933001617430451,1,bid,0.4500000000000028,84.83,84.86,84.38,19783.427173349,0,19783.427173349,quantile,0.95,0.269999999999996,2019-10-01T09:00:18.190257102+02:00,2019-10-01T09:00:18.190257102+02:00,2019-10-01T17:29:58.552073359+02:00,30580.361816
2019-10-01 14:30:08.244568474+02:00,1569933008244568474,1,bid,0.269999999999996,84.83,84.86,84.56,19790.054311372,0,19790.054311372,quantile,0.95,0.269999999999996,2019-10-01T09:00:18.190257102+02:00,2019-10-01T09:00:18.190257102+02:00,2019-10-01T17:29:58.552073359+02:00,30580.361816
2019-10-01 14:30:31.615306052+02:00,1569933031615306052,1,bid,0.289999999999992,84.83,84.86,84.54,19813.42504895,0,19813.42504895,quantile,0.95,0.269999999999996,2019-10-01T09:00:18.190257102+02:00,2019-10-01T09:00:18.190257102+02:00,2019-10-01T17:29:58.552073359+02:00,30580.361816
2019-10-01 14:31:28.877938476+02:00,1569933088877938476,1,bid,0.4300000000000068,84.84,84.86,84.41,19870.687681374,0,19870.687681374,quantile,0.95,0.269999999999996,2019-10-01T09:00:18.190257102+02:00,2019-10-01T09:00:18.190257102+02:00,2019-10-01T17:29:58.552073359+02:00,30580.361816
2019-10-01 14:31:38.882885167+02:00,1569933098882885167,1,bid,0.2700000000000102,84.87,84.89,84.6,19880.692628065,0,19880.692628065,quantile,0.95,0.269999999999996,2019-10-01T09:00:18.190257102+02:00,2019-10-01T09:00:18.190257102+02:00,2019-10-01T17:29:58.552073359+02:00,30580.361816
2019-10-01 14:32:08.961442972+02:00,1569933128961442972,1,bid,0.269999999999996,84.86,84.88,84.59,19910.77118587,0,19910.77118587,quantile,0.95,0.269999999999996,2019-10-01T09:00:18.190257102+02:00,2019-10-01T09:00:18.190257102+02:00,2019-10-01T17:29:58.552073359+02:00,30580.361816
2019-10-01 14:32:08.969202774+02:00,1569933128969202774,1,bid,0.5899999999999892,84.85,84.87,84.26,19910.778945672,0,19910.778945672,quantile,0.95,0.269999999999996,2019-10-01T09:00:18.190257102+02:00,2019-10-01T09:00:18.190257102+02:00,2019-10-01T17:29:58.552073359+02:00,30580.361816
2019-10-01 14:32:48.945745250+02:00,1569933168945745250,1,bid,0.269999999999996,84.85,84.87,84.58,19950.755488148,0,19950.755488148,quantile,0.95,0.269999999999996,2019-10-01T09:00:18.190257102+02:00,2019-10-01T09:00:18.190257102+02:00,2019-10-01T17:29:58.552073359+02:00,30580.361816
2019-10-01 14:33:09.928501163+02:00,1569933189928501163,1,bid,1.0,84.85,84.87,83.85,19971.738244061,0,19971.738244061,quantile,0.95,0.269999999999996,2019-10-01T09:00:18.190257102+02:00,2019-10-01T09:00:18.190257102+02:00,2019-10-01T17:29:58.552073359+02:00,30580.361816
2019-10-01 14:33:27.981648937+02:00,1569933207981648937,1,bid,0.4500000000000028,84.84,84.86,84.39,19989.791391835,0,19989.791391835,quantile,0.95,0.269999999999996,2019-10-01T09:00:18.190257102+02:00,2019-10-01T09:00:18.190257102+02:00,2019-10-01T17:29:58.552073359+02:00,30580.361816
2019-10-01 14:33:37.988357326+02:00,1569933217988357326,1,bid,0.2700000000000102,84.84,84.86,84.57,19999.798100224,0,19999.798100224,quantile,0.95,0.269999999999996,2019-10-01T09:00:18.190257102+02:00,2019-10-01T09:00:18.190257102+02:00,2019-10-01T17:29:58.552073359+02:00,30580.361816
2019-10-01 14:35:12.204588128+02:00,1569933312204588128,1,bid,0.4399999999999977,84.86,84.87,84.42,20094.014331026,0,20094.014331026,quantile,0.95,0.269999999999996,2019-10-01T09:00:18.190257102+02:00,2019-10-01T09:00:18.190257102+02:00,2019-10-01T17:29:58.552073359+02:00,30580.361816
2019-10-01 14:35:14.310033431+02:00,1569933314310033431,1,bid,0.269999999999996,84.86,84.87,84.59,20096.119776329,0,20096.119776329,quantile,0.95,0.269999999999996,2019-10-01T09:00:18.190257102+02:00,2019-10-01T09:00:18.190257102+02:00,2019-10-01T17:29:58.552073359+02:00,30580.361816
2019-10-01 14:35:20.423134429+02:00,1569933320423134429,1,bid,0.4399999999999977,84.84,84.86,84.4,20102.232877327,0,20102.232877327,quantile,0.95,0.269999999999996,2019-10-01T09:00:18.190257102+02:00,2019-10-01T09:00:18.190257102+02:00,2019-10-01T17:29:58.552073359+02:00,30580.361816
2019-10-01 14:35:34.314085866+02:00,1569933334314085866,1,bid,0.2700000000000102,84.84,84.86,84.57,20116.123828764,0,20116.123828764,quantile,0.95,0.269999999999996,2019-10-01T09:00:18.190257102+02:00,2019-10-01T09:00:18.190257102+02:00,2019-10-01T17:29:58.552073359+02:00,30580.361816
2019-10-01 14:36:35.155809266+02:00,1569933395155809266,1,bid,0.4399999999999977,84.82,84.83,84.38,20176.965552164,0,20176.965552164,quantile,0.95,0.269999999999996,2019-10-01T09:00:18.190257102+02:00,2019-10-01T09:00:18.190257102+02:00,2019-10-01T17:29:58.552073359+02:00,30580.361816
2019-10-01 14:36:52.025748859+02:00,1569933412025748859,1,bid,0.269999999999996,84.82,84.83,84.55,20193.835491757,0,20193.835491757,quantile,0.95,0.269999999999996,2019-10-01T09:00:18.190257102+02:00,2019-10-01T09:00:18.190257102+02:00,2019-10-01T17:29:58.552073359+02:00,30580.361816
2019-10-01 14:37:04.947456145+02:00,1569933424947456145,1,bid,0.4500000000000028,84.81,84.83,84.36,20206.757199043,0,20206.757199043,quantile,0.95,0.269999999999996,2019-10-01T09:00:18.190257102+02:00,2019-10-01T09:00:18.190257102+02:00,2019-10-01T17:29:58.552073359+02:00,30580.361816
2019-10-01 14:37:13.226697645+02:00,1569933433226697645,1,bid,0.269999999999996,84.81,84.82,84.54,20215.036440543,0,20215.036440543,quantile,0.95,0.269999999999996,2019-10-01T09:00:18.190257102+02:00,2019-10-01T09:00:18.190257102+02:00,2019-10-01T17:29:58.552073359+02:00,30580.361816
2019-10-01 14:38:04.092007177+02:00,1569933484092007177,1,bid,0.269999999999996,84.8,84.82,84.53,20265.901750075,0,20265.901750075,quantile,0.95,0.269999999999996,2019-10-01T09:00:18.190257102+02:00,2019-10-01T09:00:18.190257102+02:00,2019-10-01T17:29:58.552073359+02:00,30580.361816
2019-10-01 14:38:12.098927477+02:00,1569933492098927477,1,bid,0.4500000000000028,84.79,84.82,84.34,20273.908670375,0,20273.908670375,quantile,0.95,0.269999999999996,2019-10-01T09:00:18.190257102+02:00,2019-10-01T09:00:18.190257102+02:00,2019-10-01T17:29:58.552073359+02:00,30580.361816
2019-10-01 14:38:34.109901263+02:00,1569933514109901263,1,bid,0.269999999999996,84.78,84.79,84.51,20295.919644161,0,20295.919644161,quantile,0.95,0.269999999999996,2019-10-01T09:00:18.190257102+02:00,2019-10-01T09:00:18.190257102+02:00,2019-10-01T17:29:58.552073359+02:00,30580.361816
2019-10-01 14:39:38.383479465+02:00,1569933578383479465,1,bid,0.4500000000000028,84.77,84.78,84.32,20360.193222363,0,20360.193222363,quantile,0.95,0.269999999999996,2019-10-01T09:00:18.190257102+02:00,2019-10-01T09:00:18.190257102+02:00,2019-10-01T17:29:58.552073359+02:00,30580.361816
2019-10-01 14:39:48.350325627+02:00,1569933588350325627,1,bid,0.269999999999996,84.77,84.78,84.5,20370.160068525,0,20370.160068525,quantile,0.95,0.269999999999996,2019-10-01T09:00:18.190257102+02:00,2019-10-01T09:00:18.190257102+02:00,2019-10-01T17:29:58.552073359+02:00,30580.361816
2019-10-01 14:40:21.759583737+02:00,1569933621759583737,1,bid,0.4500000000000028,84.75,84.78,84.3,20403.569326635,0,20403.569326635,quantile,0.95,0.269999999999996,2019-10-01T09:00:18.190257102+02:00,2019-10-01T09:00:18.190257102+02:00,2019-10-01T17:29:58.552073359+02:00,30580.361816
2019-10-01 14:40:39.158617834+02:00,1569933639158617834,1,bid,0.4500000000000028,84.73,84.74,84.28,20420.968360732,0,20420.968360732,quantile,0.95,0.269999999999996,2019-10-01T09:00:18.190257102+02:00,2019-10-01T09:00:18.190257102+02:00,2019-10-01T17:29:58.552073359+02:00,30580.361816
2019-10-01 14:40:48.479235951+02:00,1569933648479235951,1,bid,0.4299999999999926,84.74,84.77,84.31,20430.288978849,0,20430.288978849,quantile,0.95,0.269999999999996,2019-10-01T09:00:18.190257102+02:00,2019-10-01T09:00:18.190257102+02:00,2019-10-01T17:29:58.552073359+02:00,30580.361816
2019-10-01 14:41:11.712421764+02:00,1569933671712421764,1,bid,0.269999999999996,84.74,84.75,84.47,20453.522164662,0,20453.522164662,quantile,0.95,0.269999999999996,2019-10-01T09:00:18.190257102+02:00,2019-10-01T09:00:18.190257102+02:00,2019-10-01T17:29:58.552073359+02:00,30580.361816
2019-10-01 14:42:51.630658053+02:00,1569933771630658053,1,bid,0.4399999999999977,84.73,84.75,84.29,20553.440400951,0,20553.440400951,quantile,0.95,0.269999999999996,2019-10-01T09:00:18.190257102+02:00,2019-10-01T09:00:18.190257102+02:00,2019-10-01T17:29:58.552073359+02:00,30580.361816
2019-10-01 14:43:07.048267934+02:00,1569933787048267934,1,bid,0.4500000000000028,84.72,84.73,84.27,20568.858010832,0,20568.858010832,quantile,0.95,0.269999999999996,2019-10-01T09:00:18.190257102+02:00,2019-10-01T09:00:18.190257102+02:00,2019-10-01T17:29:58.552073359+02:00,30580.361816
2019-10-01 14:43:20.618664233+02:00,1569933800618664233,1,bid,0.269999999999996,84.72,84.74,84.45,20582.428407131,0,20582.428407131,quantile,0.95,0.269999999999996,2019-10-01T09:00:18.190257102+02:00,2019-10-01T09:00:18.190257102+02:00,2019-10-01T17:29:58.552073359+02:00,30580.361816
2019-10-01 14:43:40.182584868+02:00,1569933820182584868,1,bid,0.269999999999996,84.71,84.74,84.44,20601.992327766,0,20601.992327766,quantile,0.95,0.269999999999996,2019-10-01T09:00:18.190257102+02:00,2019-10-01T09:00:18.190257102+02:00,2019-10-01T17:29:58.552073359+02:00,30580.361816
2019-10-01 14:44:10.191261645+02:00,1569933850191261645,1,bid,0.269999999999996,84.7,84.72,84.43,20632.001004543,0,20632.001004543,quantile,0.95,0.269999999999996,2019-10-01T09:00:18.190257102+02:00,2019-10-01T09:00:18.190257102+02:00,2019-10-01T17:29:58.552073359+02:00,30580.361816
2019-10-01 14:44:25.458417747+02:00,1569933865458417747,1,bid,0.4500000000000028,84.7,84.72,84.25,20647.268160645,0,20647.268160645,quantile,0.95,0.269999999999996,2019-10-01T09:00:18.190257102+02:00,2019-10-01T09:00:18.190257102+02:00,2019-10-01T17:29:58.552073359+02:00,30580.361816
2019-10-01 14:44:42.804434886+02:00,1569933882804434886,1,bid,0.269999999999996,84.69,84.71,84.42,20664.614177784,0,20664.614177784,quantile,0.95,0.269999999999996,2019-10-01T09:00:18.190257102+02:00,2019-10-01T09:00:18.190257102+02:00,2019-10-01T17:29:58.552073359+02:00,30580.361816
2019-10-01 14:44:51.651659196+02:00,1569933891651659196,1,bid,0.4399999999999977,84.72,84.73,84.28,20673.461402094,0,20673.461402094,quantile,0.95,0.269999999999996,2019-10-01T09:00:18.190257102+02:00,2019-10-01T09:00:18.190257102+02:00,2019-10-01T17:29:58.552073359+02:00,30580.361816
2019-10-01 14:45:01.404819519+02:00,1569933901404819519,1,bid,0.4499999999999886,84.71,84.73,84.26,20683.214562417,0,20683.214562417,quantile,0.95,0.269999999999996,2019-10-01T09:00:18.190257102+02:00,2019-10-01T09:00:18.190257102+02:00,2019-10-01T17:29:58.552073359+02:00,30580.361816
2019-10-01 14:45:02.826568850+02:00,1569933902826568850,1,bid,0.269999999999996,84.72,84.73,84.45,20684.636311748,0,20684.636311748,quantile,0.95,0.269999999999996,2019-10-01T09:00:18.190257102+02:00,2019-10-01T09:00:18.190257102+02:00,2019-10-01T17:29:58.552073359+02:00,30580.361816
2019-10-01 14:45:32.868460699+02:00,1569933932868460699,1,bid,0.269999999999996,84.69,84.71,84.42,20714.678203597,0,20714.678203597,quantile,0.95,0.269999999999996,2019-10-01T09:00:18.190257102+02:00,2019-10-01T09:00:18.190257102+02:00,2019-10-01T17:29:58.552073359+02:00,30580.361816
2019-10-01 14:45:38.994190529+02:00,1569933938994190529,1,bid,0.4500000000000028,84.69,84.71,84.24,20720.803933427,0,20720.803933427,quantile,0.95,0.269999999999996,2019-10-01T09:00:18.190257102+02:00,2019-10-01T09:00:18.190257102+02:00,2019-10-01T17:29:58.552073359+02:00,30580.361816
2019-10-01 14:46:01.062214373+02:00,1569933961062214373,1,bid,0.6000000000000085,84.67,84.69,84.07,20742.871957271,0,20742.871957271,quantile,0.95,0.269999999999996,2019-10-01T09:00:18.190257102+02:00,2019-10-01T09:00:18.190257102+02:00,2019-10-01T17:29:58.552073359+02:00,30580.361816
2019-10-01 14:46:16.745907028+02:00,1569933976745907028,1,bid,0.4500000000000028,84.67,84.69,84.22,20758.555649926,0,20758.555649926,quantile,0.95,0.269999999999996,2019-10-01T09:00:18.190257102+02:00,2019-10-01T09:00:18.190257102+02:00,2019-10-01T17:29:58.552073359+02:00,30580.361816
2019-10-01 14:46:31.062673725+02:00,1569933991062673725,1,bid,0.269999999999996,84.67,84.69,84.4,20772.872416623,0,20772.872416623,quantile,0.95,0.269999999999996,2019-10-01T09:00:18.190257102+02:00,2019-10-01T09:00:18.190257102+02:00,2019-10-01T17:29:58.552073359+02:00,30580.361816
2019-10-01 14:46:51.088065015+02:00,1569934011088065015,1,bid,0.2700000000000102,84.65,84.67,84.38,20792.897807913,0,20792.897807913,quantile,0.95,0.269999999999996,2019-10-01T09:00:18.190257102+02:00,2019-10-01T09:00:18.190257102+02:00,2019-10-01T17:29:58.552073359+02:00,30580.361816
2019-10-01 14:46:54.368444085+02:00,1569934014368444085,1,bid,0.4399999999999977,84.64,84.66,84.2,20796.178186983,0,20796.178186983,quantile,0.95,0.269999999999996,2019-10-01T09:00:18.190257102+02:00,2019-10-01T09:00:18.190257102+02:00,2019-10-01T17:29:58.552073359+02:00,30580.361816
2019-10-01 14:47:11.121275346+02:00,1569934031121275346,1,bid,0.269999999999996,84.64,84.66,84.37,20812.931018244,0,20812.931018244,quantile,0.95,0.269999999999996,2019-10-01T09:00:18.190257102+02:00,2019-10-01T09:00:18.190257102+02:00,2019-10-01T17:29:58.552073359+02:00,30580.361816
2019-10-01 14:47:35.621050224+02:00,1569934055621050224,1,bid,0.4399999999999977,84.67,84.68,84.23,20837.430793122,0,20837.430793122,quantile,0.95,0.269999999999996,2019-10-01T09:00:18.190257102+02:00,2019-10-01T09:00:18.190257102+02:00,2019-10-01T17:29:58.552073359+02:00,30580.361816
2019-10-01 14:47:35.626914994+02:00,1569934055626914994,1,bid,0.4400000000000119,84.65,84.67,84.21,20837.436657892,0,20837.436657892,quantile,0.95,0.269999999999996,2019-10-01T09:00:18.190257102+02:00,2019-10-01T09:00:18.190257102+02:00,2019-10-01T17:29:58.552073359+02:00,30580.361816
2019-10-01 14:48:00.732180887+02:00,1569934080732180887,1,bid,0.4400000000000119,84.68,84.69,84.24,20862.541923785,0,20862.541923785,quantile,0.95,0.269999999999996,2019-10-01T09:00:18.190257102+02:00,2019-10-01T09:00:18.190257102+02:00,2019-10-01T17:29:58.552073359+02:00,30580.361816
2019-10-01 14:48:09.458381316+02:00,1569934089458381316,1,bid,0.2700000000000102,84.68,84.69,84.41,20871.268124214,0,20871.268124214,quantile,0.95,0.269999999999996,2019-10-01T09:00:18.190257102+02:00,2019-10-01T09:00:18.190257102+02:00,2019-10-01T17:29:58.552073359+02:00,30580.361816
2019-10-01 14:48:19.484144173+02:00,1569934099484144173,1,bid,0.269999999999996,84.67,84.69,84.4,20881.293887071,0,20881.293887071,quantile,0.95,0.269999999999996,2019-10-01T09:00:18.190257102+02:00,2019-10-01T09:00:18.190257102+02:00,2019-10-01T17:29:58.552073359+02:00,30580.361816
2019-10-01 14:48:56.013942312+02:00,1569934136013942312,1,bid,0.269999999999996,84.69,84.7,84.42,20917.82368521,0,20917.82368521,quantile,0.95,0.269999999999996,2019-10-01T09:00:18.190257102+02:00,2019-10-01T09:00:18.190257102+02:00,2019-10-01T17:29:58.552073359+02:00,30580.361816
2019-10-01 14:49:13.979582408+02:00,1569934153979582408,1,bid,0.4300000000000068,84.7,84.72,84.27,20935.789325306,0,20935.789325306,quantile,0.95,0.269999999999996,2019-10-01T09:00:18.190257102+02:00,2019-10-01T09:00:18.190257102+02:00,2019-10-01T17:29:58.552073359+02:00,30580.361816
2019-10-01 14:49:16.017174762+02:00,1569934156017174762,1,bid,0.269999999999996,84.71,84.72,84.44,20937.82691766,0,20937.82691766,quantile,0.95,0.269999999999996,2019-10-01T09:00:18.190257102+02:00,2019-10-01T09:00:18.190257102+02:00,2019-10-01T17:29:58.552073359+02:00,30580.361816
2019-10-01 14:49:46.927711553+02:00,1569934186927711553,1,bid,0.4500000000000028,84.7,84.71,84.25,20968.737454451,0,20968.737454451,quantile,0.95,0.269999999999996,2019-10-01T09:00:18.190257102+02:00,2019-10-01T09:00:18.190257102+02:00,2019-10-01T17:29:58.552073359+02:00,30580.361816
2019-10-01 14:49:57.568513371+02:00,1569934197568513371,1,bid,0.4500000000000028,84.68,84.71,84.23,20979.378256269,0,20979.378256269,quantile,0.95,0.269999999999996,2019-10-01T09:00:18.190257102+02:00,2019-10-01T09:00:18.190257102+02:00,2019-10-01T17:29:58.552073359+02:00,30580.361816
2019-10-01 14:50:16.986892555+02:00,1569934216986892555,1,bid,0.269999999999996,84.67,84.69,84.4,20998.796635453,0,20998.796635453,quantile,0.95,0.269999999999996,2019-10-01T09:00:18.190257102+02:00,2019-10-01T09:00:18.190257102+02:00,2019-10-01T17:29:58.552073359+02:00,30580.361816
2019-10-01 14:50:28.429536806+02:00,1569934228429536806,1,bid,0.4500000000000028,84.66,84.68,84.21,21010.239279704,0,21010.239279704,quantile,0.95,0.269999999999996,2019-10-01T09:00:18.190257102+02:00,2019-10-01T09:00:18.190257102+02:00,2019-10-01T17:29:58.552073359+02:00,30580.361816
2019-10-01 14:50:28.459828269+02:00,1569934228459828269,1,bid,0.4500000000000028,84.64,84.66,84.19,21010.269571167,0,21010.269571167,quantile,0.95,0.269999999999996,2019-10-01T09:00:18.190257102+02:00,2019-10-01T09:00:18.190257102+02:00,2019-10-01T17:29:58.552073359+02:00,30580.361816
2019-10-01 14:50:38.888046126+02:00,1569934238888046126,1,bid,0.4100000000000108,84.62,84.64,84.21,21020.697789024,0,21020.697789024,quantile,0.95,0.269999999999996,2019-10-01T09:00:18.190257102+02:00,2019-10-01T09:00:18.190257102+02:00,2019-10-01T17:29:58.552073359+02:00,30580.361816
2019-10-01 14:50:46.504570770+02:00,1569934246504570770,1,bid,0.4399999999999977,84.66,84.68,84.22,21028.314313668,0,21028.314313668,quantile,0.95,0.269999999999996,2019-10-01T09:00:18.190257102+02:00,2019-10-01T09:00:18.190257102+02:00,2019-10-01T17:29:58.552073359+02:00,30580.361816
2019-10-01 14:51:30.624707698+02:00,1569934290624707698,1,bid,0.4399999999999977,84.69,84.7,84.25,21072.434450596,0,21072.434450596,quantile,0.95,0.269999999999996,2019-10-01T09:00:18.190257102+02:00,2019-10-01T09:00:18.190257102+02:00,2019-10-01T17:29:58.552073359+02:00,30580.361816
2019-10-01 14:51:36.743404658+02:00,1569934296743404658,1,bid,0.4500000000000028,84.68,84.7,84.23,21078.553147556,0,21078.553147556,quantile,0.95,0.269999999999996,2019-10-01T09:00:18.190257102+02:00,2019-10-01T09:00:18.190257102+02:00,2019-10-01T17:29:58.552073359+02:00,30580.361816
2019-10-01 14:52:29.018404123+02:00,1569934349018404123,1,bid,0.269999999999996,84.66,84.68,84.39,21130.828147021,0,21130.828147021,quantile,0.95,0.269999999999996,2019-10-01T09:00:18.190257102+02:00,2019-10-01T09:00:18.190257102+02:00,2019-10-01T17:29:58.552073359+02:00,30580.361816
2019-10-01 14:53:11.819826174+02:00,1569934391819826174,1,bid,0.4399999999999977,84.7,84.71,84.26,21173.629569072,0,21173.629569072,quantile,0.95,0.269999999999996,2019-10-01T09:00:18.190257102+02:00,2019-10-01T09:00:18.190257102+02:00,2019-10-01T17:29:58.552073359+02:00,30580.361816
2019-10-01 14:53:12.638760263+02:00,1569934392638760263,1,bid,0.4500000000000028,84.69,84.7,84.24,21174.448503161,0,21174.448503161,quantile,0.95,0.269999999999996,2019-10-01T09:00:18.190257102+02:00,2019-10-01T09:00:18.190257102+02:00,2019-10-01T17:29:58.552073359+02:00,30580.361816
2019-10-01 14:53:19.038382512+02:00,1569934399038382512,1,bid,0.269999999999996,84.69,84.71,84.42,21180.84812541,0,21180.84812541,quantile,0.95,0.269999999999996,2019-10-01T09:00:18.190257102+02:00,2019-10-01T09:00:18.190257102+02:00,2019-10-01T17:29:58.552073359+02:00,30580.361816
2019-10-01 14:53:29.042631695+02:00,1569934409042631695,1,bid,0.2700000000000102,84.68,84.7,84.41,21190.852374593,0,21190.852374593,quantile,0.95,0.269999999999996,2019-10-01T09:00:18.190257102+02:00,2019-10-01T09:00:18.190257102+02:00,2019-10-01T17:29:58.552073359+02:00,30580.361816
2019-10-01 14:53:49.047200944+02:00,1569934429047200944,1,bid,0.269999999999996,84.7,84.72,84.43,21210.856943842,0,21210.856943842,quantile,0.95,0.269999999999996,2019-10-01T09:00:18.190257102+02:00,2019-10-01T09:00:18.190257102+02:00,2019-10-01T17:29:58.552073359+02:00,30580.361816
2019-10-01 14:55:10.051315899+02:00,1569934510051315899,1,bid,0.2700000000000102,84.68,84.7,84.41,21291.861058797,0,21291.861058797,quantile,0.95,0.269999999999996,2019-10-01T09:00:18.190257102+02:00,2019-10-01T09:00:18.190257102+02:00,2019-10-01T17:29:58.552073359+02:00,30580.361816
2019-10-01 14:56:12.050100118+02:00,1569934572050100118,1,bid,0.269999999999996,84.67,84.7,84.4,21353.859843016,0,21353.859843016,quantile,0.95,0.269999999999996,2019-10-01T09:00:18.190257102+02:00,2019-10-01T09:00:18.190257102+02:00,2019-10-01T17:29:58.552073359+02:00,30580.361816
2019-10-01 14:56:15.904506532+02:00,1569934575904506532,1,bid,0.4500000000000028,84.67,84.7,84.22,21357.71424943,0,21357.71424943,quantile,0.95,0.269999999999996,2019-10-01T09:00:18.190257102+02:00,2019-10-01T09:00:18.190257102+02:00,2019-10-01T17:29:58.552073359+02:00,30580.361816
2019-10-01 14:58:23.225756665+02:00,1569934703225756665,1,bid,0.269999999999996,84.66,84.69,84.39,21485.035499563,0,21485.035499563,quantile,0.95,0.269999999999996,2019-10-01T09:00:18.190257102+02:00,2019-10-01T09:00:18.190257102+02:00,2019-10-01T17:29:58.552073359+02:00,30580.361816
2019-10-01 14:59:20.963773643+02:00,1569934760963773643,1,bid,0.4500000000000028,84.65,84.66,84.2,21542.773516541,0,21542.773516541,quantile,0.95,0.269999999999996,2019-10-01T09:00:18.190257102+02:00,2019-10-01T09:00:18.190257102+02:00,2019-10-01T17:29:58.552073359+02:00,30580.361816
2019-10-01 14:59:31.000720289+02:00,1569934771000720289,1,bid,0.2700000000000102,84.65,84.66,84.38,21552.810463187,0,21552.810463187,quantile,0.95,0.269999999999996,2019-10-01T09:00:18.190257102+02:00,2019-10-01T09:00:18.190257102+02:00,2019-10-01T17:29:58.552073359+02:00,30580.361816
2019-10-01 15:00:32.313102587+02:00,1569934832313102587,1,bid,0.269999999999996,84.64,84.65,84.37,21614.122845485,0,21614.122845485,quantile,0.95,0.269999999999996,2019-10-01T09:00:18.190257102+02:00,2019-10-01T09:00:18.190257102+02:00,2019-10-01T17:29:58.552073359+02:00,30580.361816
2019-10-01 15:01:00.141547923+02:00,1569934860141547923,1,bid,0.4399999999999977,84.67,84.69,84.23,21641.951290821,0,21641.951290821,quantile,0.95,0.269999999999996,2019-10-01T09:00:18.190257102+02:00,2019-10-01T09:00:18.190257102+02:00,2019-10-01T17:29:58.552073359+02:00,30580.361816
2019-10-01 15:01:17.939832723+02:00,1569934877939832723,1,bid,0.269999999999996,84.67,84.69,84.4,21659.749575621,0,21659.749575621,quantile,0.95,0.269999999999996,2019-10-01T09:00:18.190257102+02:00,2019-10-01T09:00:18.190257102+02:00,2019-10-01T17:29:58.552073359+02:00,30580.361816
2019-10-01 15:01:55.775211742+02:00,1569934915775211742,1,bid,0.269999999999996,84.69,84.7,84.42,21697.58495464,0,21697.58495464,quantile,0.95,0.269999999999996,2019-10-01T09:00:18.190257102+02:00,2019-10-01T09:00:18.190257102+02:00,2019-10-01T17:29:58.552073359+02:00,30580.361816
2019-10-01 15:01:59.170085054+02:00,1569934919170085054,1,bid,0.4399999999999977,84.7,84.71,84.26,21700.979827952,0,21700.979827952,quantile,0.95,0.269999999999996,2019-10-01T09:00:18.190257102+02:00,2019-10-01T09:00:18.190257102+02:00,2019-10-01T17:29:58.552073359+02:00,30580.361816
2019-10-01 15:04:53.695639788+02:00,1569935093695639788,1,bid,0.269999999999996,84.71,84.72,84.44,21875.505382686,0,21875.505382686,quantile,0.95,0.269999999999996,2019-10-01T09:00:18.190257102+02:00,2019-10-01T09:00:18.190257102+02:00,2019-10-01T17:29:58.552073359+02:00,30580.361816
2019-10-01 15:05:06.133363219+02:00,1569935106133363219,1,bid,0.7099999999999937,84.71,84.73,84.0,21887.943106117,0,21887.943106117,quantile,0.95,0.269999999999996,2019-10-01T09:00:18.190257102+02:00,2019-10-01T09:00:18.190257102+02:00,2019-10-01T17:29:58.552073359+02:00,30580.361816
2019-10-01 15:05:48.434514139+02:00,1569935148434514139,1,bid,0.269999999999996,84.7,84.72,84.43,21930.244257037,0,21930.244257037,quantile,0.95,0.269999999999996,2019-10-01T09:00:18.190257102+02:00,2019-10-01T09:00:18.190257102+02:00,2019-10-01T17:29:58.552073359+02:00,30580.361816
2019-10-01 15:06:21.832949294+02:00,1569935181832949294,1,bid,0.269999999999996,84.72,84.73,84.45,21963.642692192,0,21963.642692192,quantile,0.95,0.269999999999996,2019-10-01T09:00:18.190257102+02:00,2019-10-01T09:00:18.190257102+02:00,2019-10-01T17:29:58.552073359+02:00,30580.361816
2019-10-01 15:06:31.162685021+02:00,1569935191162685021,1,bid,0.4500000000000028,84.69,84.7,84.24,21972.972427919,0,21972.972427919,quantile,0.95,0.269999999999996,2019-10-01T09:00:18.190257102+02:00,2019-10-01T09:00:18.190257102+02:00,2019-10-01T17:29:58.552073359+02:00,30580.361816
2019-10-01 15:06:51.850325789+02:00,1569935211850325789,1,bid,0.2700000000000102,84.68,84.69,84.41,21993.660068687,0,21993.660068687,quantile,0.95,0.269999999999996,2019-10-01T09:00:18.190257102+02:00,2019-10-01T09:00:18.190257102+02:00,2019-10-01T17:29:58.552073359+02:00,30580.361816
2019-10-01 15:06:58.449197703+02:00,1569935218449197703,1,bid,0.4500000000000028,84.67,84.68,84.22,22000.258940601,0,22000.258940601,quantile,0.95,0.269999999999996,2019-10-01T09:00:18.190257102+02:00,2019-10-01T09:00:18.190257102+02:00,2019-10-01T17:29:58.552073359+02:00,30580.361816
2019-10-01 15:07:03.828638635+02:00,1569935223828638635,1,bid,0.4399999999999977,84.64,84.66,84.2,22005.638381533,0,22005.638381533,quantile,0.95,0.269999999999996,2019-10-01T09:00:18.190257102+02:00,2019-10-01T09:00:18.190257102+02:00,2019-10-01T17:29:58.552073359+02:00,30580.361816
2019-10-01 15:07:11.865971980+02:00,1569935231865971980,1,bid,0.2700000000000102,84.65,84.67,84.38,22013.675714878,0,22013.675714878,quantile,0.95,0.269999999999996,2019-10-01T09:00:18.190257102+02:00,2019-10-01T09:00:18.190257102+02:00,2019-10-01T17:29:58.552073359+02:00,30580.361816
2019-10-01 15:07:31.869655357+02:00,1569935251869655357,1,bid,0.269999999999996,84.64,84.66,84.37,22033.679398255,0,22033.679398255,quantile,0.95,0.269999999999996,2019-10-01T09:00:18.190257102+02:00,2019-10-01T09:00:18.190257102+02:00,2019-10-01T17:29:58.552073359+02:00,30580.361816
2019-10-01 15:07:35.628686491+02:00,1569935255628686491,1,bid,0.4399999999999977,84.62,84.64,84.18,22037.438429389,0,22037.438429389,quantile,0.95,0.269999999999996,2019-10-01T09:00:18.190257102+02:00,2019-10-01T09:00:18.190257102+02:00,2019-10-01T17:29:58.552073359+02:00,30580.361816
2019-10-01 15:07:35.888149560+02:00,1569935255888149560,1,bid,0.4200000000000017,84.62,84.64,84.2,22037.697892458,0,22037.697892458,quantile,0.95,0.269999999999996,2019-10-01T09:00:18.190257102+02:00,2019-10-01T09:00:18.190257102+02:00,2019-10-01T17:29:58.552073359+02:00,30580.361816
2019-10-01 15:07:38.971208457+02:00,1569935258971208457,1,bid,0.4399999999999977,84.6,84.62,84.16,22040.780951355,0,22040.780951355,quantile,0.95,0.269999999999996,2019-10-01T09:00:18.190257102+02:00,2019-10-01T09:00:18.190257102+02:00,2019-10-01T17:29:58.552073359+02:00,30580.361816
2019-10-01 15:07:40.888148306+02:00,1569935260888148306,1,bid,0.4099999999999966,84.6,84.61,84.19,22042.697891204,0,22042.697891204,quantile,0.95,0.269999999999996,2019-10-01T09:00:18.190257102+02:00,2019-10-01T09:00:18.190257102+02:00,2019-10-01T17:29:58.552073359+02:00,30580.361816
2019-10-01 15:07:41.888149271+02:00,1569935261888149271,1,bid,0.4199999999999875,84.6,84.61,84.18,22043.697892169,0,22043.697892169,quantile,0.95,0.269999999999996,2019-10-01T09:00:18.190257102+02:00,2019-10-01T09:00:18.190257102+02:00,2019-10-01T17:29:58.552073359+02:00,30580.361816
2019-10-01 15:07:43.823113886+02:00,1569935263823113886,1,bid,0.4500000000000028,84.59,84.61,84.14,22045.632856784,0,22045.632856784,quantile,0.95,0.269999999999996,2019-10-01T09:00:18.190257102+02:00,2019-10-01T09:00:18.190257102+02:00,2019-10-01T17:29:58.552073359+02:00,30580.361816
2019-10-01 15:07:43.888145156+02:00,1569935263888145156,1,bid,0.4200000000000017,84.59,84.61,84.17,22045.697888054,0,22045.697888054,quantile,0.95,0.269999999999996,2019-10-01T09:00:18.190257102+02:00,2019-10-01T09:00:18.190257102+02:00,2019-10-01T17:29:58.552073359+02:00,30580.361816
2019-10-01 15:07:45.606739036+02:00,1569935265606739036,1,bid,0.8199999999999932,84.58,84.6,83.76,22047.416481934,0,22047.416481934,quantile,0.95,0.269999999999996,2019-10-01T09:00:18.190257102+02:00,2019-10-01T09:00:18.190257102+02:00,2019-10-01T17:29:58.552073359+02:00,30580.361816
2019-10-01 15:08:01.904664229+02:00,1569935281904664229,1,bid,0.269999999999996,84.6,84.62,84.33,22063.714407127,0,22063.714407127,quantile,0.95,0.269999999999996,2019-10-01T09:00:18.190257102+02:00,2019-10-01T09:00:18.190257102+02:00,2019-10-01T17:29:58.552073359+02:00,30580.361816
2019-10-01 15:08:06.693602204+02:00,1569935286693602204,1,bid,0.4399999999999977,84.61,84.62,84.17,22068.503345102,0,22068.503345102,quantile,0.95,0.269999999999996,2019-10-01T09:00:18.190257102+02:00,2019-10-01T09:00:18.190257102+02:00,2019-10-01T17:29:58.552073359+02:00,30580.361816
2019-10-01 15:08:09.348434567+02:00,1569935289348434567,1,bid,0.4499999999999886,84.6,84.62,84.15,22071.158177465,0,22071.158177465,quantile,0.95,0.269999999999996,2019-10-01T09:00:18.190257102+02:00,2019-10-01T09:00:18.190257102+02:00,2019-10-01T17:29:58.552073359+02:00,30580.361816
2019-10-01 15:08:11.911181949+02:00,1569935291911181949,1,bid,0.2700000000000102,84.59,84.61,84.32,22073.720924847,0,22073.720924847,quantile,0.95,0.269999999999996,2019-10-01T09:00:18.190257102+02:00,2019-10-01T09:00:18.190257102+02:00,2019-10-01T17:29:58.552073359+02:00,30580.361816
2019-10-01 15:08:14.015871062+02:00,1569935294015871062,1,bid,0.4299999999999926,84.61,84.63,84.18,22075.82561396,0,22075.82561396,quantile,0.95,0.269999999999996,2019-10-01T09:00:18.190257102+02:00,2019-10-01T09:00:18.190257102+02:00,2019-10-01T17:29:58.552073359+02:00,30580.361816
2019-10-01 15:08:22.848118273+02:00,1569935302848118273,1,bid,0.4500000000000028,84.61,84.63,84.16,22084.657861171,0,22084.657861171,quantile,0.95,0.269999999999996,2019-10-01T09:00:18.190257102+02:00,2019-10-01T09:00:18.190257102+02:00,2019-10-01T17:29:58.552073359+02:00,30580.361816
2019-10-01 15:08:41.954402665+02:00,1569935321954402665,1,bid,0.269999999999996,84.61,84.64,84.34,22103.764145563,0,22103.764145563,quantile,0.95,0.269999999999996,2019-10-01T09:00:18.190257102+02:00,2019-10-01T09:00:18.190257102+02:00,2019-10-01T17:29:58.552073359+02:00,30580.361816
2019-10-01 15:09:14.839762600+02:00,1569935354839762600,1,bid,24.520000000000003,84.62,84.63,60.1,22136.649505498,0,22136.649505498,quantile,0.95,0.269999999999996,2019-10-01T09:00:18.190257102+02:00,2019-10-01T09:00:18.190257102+02:00,2019-10-01T17:29:58.552073359+02:00,30580.361816
2019-10-01 15:09:15.389664487+02:00,1569935355389664487,1,bid,0.4300000000000068,84.62,84.64,84.19,22137.199407385,0,22137.199407385,quantile,0.95,0.269999999999996,2019-10-01T09:00:18.190257102+02:00,2019-10-01T09:00:18.190257102+02:00,2019-10-01T17:29:58.552073359+02:00,30580.361816
2019-10-01 15:09:18.735946139+02:00,1569935358735946139,1,bid,0.4500000000000028,84.62,84.63,84.17,22140.545689037,0,22140.545689037,quantile,0.95,0.269999999999996,2019-10-01T09:00:18.190257102+02:00,2019-10-01T09:00:18.190257102+02:00,2019-10-01T17:29:58.552073359+02:00,30580.361816
2019-10-01 15:09:32.172475500+02:00,1569935372172475500,1,bid,0.4399999999999977,84.64,84.65,84.2,22153.982218398,0,22153.982218398,quantile,0.95,0.269999999999996,2019-10-01T09:00:18.190257102+02:00,2019-10-01T09:00:18.190257102+02:00,2019-10-01T17:29:58.552073359+02:00,30580.361816
2019-10-01 15:09:45.402659971+02:00,1569935385402659971,1,bid,0.2700000000000102,84.65,84.66,84.38,22167.212402869,0,22167.212402869,quantile,0.95,0.269999999999996,2019-10-01T09:00:18.190257102+02:00,2019-10-01T09:00:18.190257102+02:00,2019-10-01T17:29:58.552073359+02:00,30580.361816
2019-10-01 15:09:58.097987922+02:00,1569935398097987922,1,bid,0.269999999999996,84.64,84.66,84.37,22179.90773082,0,22179.90773082,quantile,0.95,0.269999999999996,2019-10-01T09:00:18.190257102+02:00,2019-10-01T09:00:18.190257102+02:00,2019-10-01T17:29:58.552073359+02:00,30580.361816
2019-10-01 15:10:18.099562209+02:00,1569935418099562209,1,bid,0.269999999999996,84.66,84.68,84.39,22199.909305107,0,22199.909305107,quantile,0.95,0.269999999999996,2019-10-01T09:00:18.190257102+02:00,2019-10-01T09:00:18.190257102+02:00,2019-10-01T17:29:58.552073359+02:00,30580.361816
2019-10-01 15:10:19.234085469+02:00,1569935419234085469,1,bid,0.4299999999999926,84.66,84.68,84.23,22201.043828367,0,22201.043828367,quantile,0.95,0.269999999999996,2019-10-01T09:00:18.190257102+02:00,2019-10-01T09:00:18.190257102+02:00,2019-10-01T17:29:58.552073359+02:00,30580.361816
2019-10-01 15:10:37.105634279+02:00,1569935437105634279,1,bid,0.4399999999999977,84.71,84.72,84.27,22218.915377177,0,22218.915377177,quantile,0.95,0.269999999999996,2019-10-01T09:00:18.190257102+02:00,2019-10-01T09:00:18.190257102+02:00,2019-10-01T17:29:58.552073359+02:00,30580.361816
2019-10-01 15:10:48.131884815+02:00,1569935448131884815,1,bid,0.269999999999996,84.71,84.72,84.44,22229.941627713,0,22229.941627713,quantile,0.95,0.269999999999996,2019-10-01T09:00:18.190257102+02:00,2019-10-01T09:00:18.190257102+02:00,2019-10-01T17:29:58.552073359+02:00,30580.361816
2019-10-01 15:10:55.636260874+02:00,1569935455636260874,1,bid,0.4500000000000028,84.7,84.71,84.25,22237.446003772,0,22237.446003772,quantile,0.95,0.269999999999996,2019-10-01T09:00:18.190257102+02:00,2019-10-01T09:00:18.190257102+02:00,2019-10-01T17:29:58.552073359+02:00,30580.361816
2019-10-01 15:11:08.145925450+02:00,1569935468145925450,1,bid,0.269999999999996,84.7,84.71,84.43,22249.955668348,0,22249.955668348,quantile,0.95,0.269999999999996,2019-10-01T09:00:18.190257102+02:00,2019-10-01T09:00:18.190257102+02:00,2019-10-01T17:29:58.552073359+02:00,30580.361816
2019-10-01 15:11:28.156209773+02:00,1569935488156209773,1,bid,0.269999999999996,84.69,84.71,84.42,22269.965952671,0,22269.965952671,quantile,0.95,0.269999999999996,2019-10-01T09:00:18.190257102+02:00,2019-10-01T09:00:18.190257102+02:00,2019-10-01T17:29:58.552073359+02:00,30580.361816
2019-10-01 15:11:48.169416839+02:00,1569935508169416839,1,bid,0.269999999999996,84.71,84.73,84.44,22289.979159737,0,22289.979159737,quantile,0.95,0.269999999999996,2019-10-01T09:00:18.190257102+02:00,2019-10-01T09:00:18.190257102+02:00,2019-10-01T17:29:58.552073359+02:00,30580.361816
2019-10-01 15:13:03.194295476+02:00,1569935583194295476,1,bid,0.4399999999999977,84.67,84.69,84.23,22365.004038374,0,22365.004038374,quantile,0.95,0.269999999999996,2019-10-01T09:00:18.190257102+02:00,2019-10-01T09:00:18.190257102+02:00,2019-10-01T17:29:58.552073359+02:00,30580.361816
2019-10-01 15:13:20.003874558+02:00,1569935600003874558,1,bid,0.4399999999999977,84.7,84.71,84.26,22381.813617456,0,22381.813617456,quantile,0.95,0.269999999999996,2019-10-01T09:00:18.190257102+02:00,2019-10-01T09:00:18.190257102+02:00,2019-10-01T17:29:58.552073359+02:00,30580.361816
2019-10-01 15:13:41.991864100+02:00,1569935621991864100,1,bid,0.4400000000000119,84.68,84.7,84.24,22403.801606998,0,22403.801606998,quantile,0.95,0.269999999999996,2019-10-01T09:00:18.190257102+02:00,2019-10-01T09:00:18.190257102+02:00,2019-10-01T17:29:58.552073359+02:00,30580.361816
2019-10-01 15:13:59.296442720+02:00,1569935639296442720,1,bid,0.2700000000000102,84.68,84.69,84.41,22421.106185618,0,22421.106185618,quantile,0.95,0.269999999999996,2019-10-01T09:00:18.190257102+02:00,2019-10-01T09:00:18.190257102+02:00,2019-10-01T17:29:58.552073359+02:00,30580.361816
2019-10-01 15:14:09.313054552+02:00,1569935649313054552,1,bid,0.269999999999996,84.67,84.68,84.4,22431.12279745,0,22431.12279745,quantile,0.95,0.269999999999996,2019-10-01T09:00:18.190257102+02:00,2019-10-01T09:00:18.190257102+02:00,2019-10-01T17:29:58.552073359+02:00,30580.361816
2019-10-01 15:14:34.741161277+02:00,1569935674741161277,1,bid,0.4399999999999977,84.66,84.67,84.22,22456.550904175,0,22456.550904175,quantile,0.95,0.269999999999996,2019-10-01T09:00:18.190257102+02:00,2019-10-01T09:00:18.190257102+02:00,2019-10-01T17:29:58.552073359+02:00,30580.361816
2019-10-01 15:14:43.948186088+02:00,1569935683948186088,1,bid,0.4500000000000028,84.65,84.66,84.2,22465.757928986,0,22465.757928986,quantile,0.95,0.269999999999996,2019-10-01T09:00:18.190257102+02:00,2019-10-01T09:00:18.190257102+02:00,2019-10-01T17:29:58.552073359+02:00,30580.361816
2019-10-01 15:14:54.741549241+02:00,1569935694741549241,1,bid,0.2700000000000102,84.65,84.66,84.38,22476.551292139,0,22476.551292139,quantile,0.95,0.269999999999996,2019-10-01T09:00:18.190257102+02:00,2019-10-01T09:00:18.190257102+02:00,2019-10-01T17:29:58.552073359+02:00,30580.361816
2019-10-01 15:15:57.718118843+02:00,1569935757718118843,1,bid,0.269999999999996,84.63,84.65,84.36,22539.527861741,0,22539.527861741,quantile,0.95,0.269999999999996,2019-10-01T09:00:18.190257102+02:00,2019-10-01T09:00:18.190257102+02:00,2019-10-01T17:29:58.552073359+02:00,30580.361816
2019-10-01 15:16:10.952926499+02:00,1569935770952926499,1,bid,0.4399999999999977,84.62,84.63,84.18,22552.762669397,0,22552.762669397,quantile,0.95,0.269999999999996,2019-10-01T09:00:18.190257102+02:00,2019-10-01T09:00:18.190257102+02:00,2019-10-01T17:29:58.552073359+02:00,30580.361816
2019-10-01 15:16:12.359356033+02:00,1569935772359356033,1,bid,0.4500000000000028,84.61,84.63,84.16,22554.169098931,0,22554.169098931,quantile,0.95,0.269999999999996,2019-10-01T09:00:18.190257102+02:00,2019-10-01T09:00:18.190257102+02:00,2019-10-01T17:29:58.552073359+02:00,30580.361816
2019-10-01 15:16:30.963751405+02:00,1569935790963751405,1,bid,0.269999999999996,84.61,84.62,84.34,22572.773494303,0,22572.773494303,quantile,0.95,0.269999999999996,2019-10-01T09:00:18.190257102+02:00,2019-10-01T09:00:18.190257102+02:00,2019-10-01T17:29:58.552073359+02:00,30580.361816
2019-10-01 15:16:41.935529841+02:00,1569935801935529841,1,bid,0.4499999999999886,84.63,84.64,84.18,22583.745272739,0,22583.745272739,quantile,0.95,0.269999999999996,2019-10-01T09:00:18.190257102+02:00,2019-10-01T09:00:18.190257102+02:00,2019-10-01T17:29:58.552073359+02:00,30580.361816
2019-10-01 15:16:47.671029319+02:00,1569935807671029319,1,bid,0.4500000000000028,84.61,84.63,84.16,22589.480772217,0,22589.480772217,quantile,0.95,0.269999999999996,2019-10-01T09:00:18.190257102+02:00,2019-10-01T09:00:18.190257102+02:00,2019-10-01T17:29:58.552073359+02:00,30580.361816
2019-10-01 15:17:03.671979440+02:00,1569935823671979440,1,bid,0.4300000000000068,84.62,84.64,84.19,22605.481722338,0,22605.481722338,quantile,0.95,0.269999999999996,2019-10-01T09:00:18.190257102+02:00,2019-10-01T09:00:18.190257102+02:00,2019-10-01T17:29:58.552073359+02:00,30580.361816
2019-10-01 15:17:13.699933472+02:00,1569935833699933472,1,bid,0.269999999999996,84.63,84.65,84.36,22615.50967637,0,22615.50967637,quantile,0.95,0.269999999999996,2019-10-01T09:00:18.190257102+02:00,2019-10-01T09:00:18.190257102+02:00,2019-10-01T17:29:58.552073359+02:00,30580.361816
2019-10-01 15:17:43.860493483+02:00,1569935863860493483,1,bid,0.2700000000000102,84.62,84.65,84.35,22645.670236381,0,22645.670236381,quantile,0.95,0.269999999999996,2019-10-01T09:00:18.190257102+02:00,2019-10-01T09:00:18.190257102+02:00,2019-10-01T17:29:58.552073359+02:00,30580.361816
2019-10-01 15:19:30.102307637+02:00,1569935970102307637,1,bid,0.4300000000000068,84.65,84.67,84.22,22751.912050535,0,22751.912050535,quantile,0.95,0.269999999999996,2019-10-01T09:00:18.190257102+02:00,2019-10-01T09:00:18.190257102+02:00,2019-10-01T17:29:58.552073359+02:00,30580.361816
2019-10-01 15:21:19.764101357+02:00,1569936079764101357,1,bid,0.4399999999999977,84.64,84.66,84.2,22861.573844255,0,22861.573844255,quantile,0.95,0.269999999999996,2019-10-01T09:00:18.190257102+02:00,2019-10-01T09:00:18.190257102+02:00,2019-10-01T17:29:58.552073359+02:00,30580.361816
2019-10-01 15:21:37.312793308+02:00,1569936097312793308,1,bid,0.269999999999996,84.64,84.66,84.37,22879.122536206,0,22879.122536206,quantile,0.95,0.269999999999996,2019-10-01T09:00:18.190257102+02:00,2019-10-01T09:00:18.190257102+02:00,2019-10-01T17:29:58.552073359+02:00,30580.361816
2019-10-01 15:23:07.176419431+02:00,1569936187176419431,1,bid,0.269999999999996,84.66,84.67,84.39,22968.986162329,0,22968.986162329,quantile,0.95,0.269999999999996,2019-10-01T09:00:18.190257102+02:00,2019-10-01T09:00:18.190257102+02:00,2019-10-01T17:29:58.552073359+02:00,30580.361816
2019-10-01 15:23:35.711435011+02:00,1569936215711435011,1,bid,0.2700000000000102,84.65,84.67,84.38,22997.521177909,0,22997.521177909,quantile,0.95,0.269999999999996,2019-10-01T09:00:18.190257102+02:00,2019-10-01T09:00:18.190257102+02:00,2019-10-01T17:29:58.552073359+02:00,30580.361816
2019-10-01 15:24:08.048544784+02:00,1569936248048544784,1,bid,0.269999999999996,84.64,84.66,84.37,23029.858287682,0,23029.858287682,quantile,0.95,0.269999999999996,2019-10-01T09:00:18.190257102+02:00,2019-10-01T09:00:18.190257102+02:00,2019-10-01T17:29:58.552073359+02:00,30580.361816
2019-10-01 15:24:53.763778679+02:00,1569936293763778679,1,bid,2.6500000000000057,84.65,84.66,82.0,23075.573521577,0,23075.573521577,quantile,0.95,0.269999999999996,2019-10-01T09:00:18.190257102+02:00,2019-10-01T09:00:18.190257102+02:00,2019-10-01T17:29:58.552073359+02:00,30580.361816
2019-10-01 15:25:57.432685976+02:00,1569936357432685976,1,bid,0.269999999999996,84.66,84.67,84.39,23139.242428874,0,23139.242428874,quantile,0.95,0.269999999999996,2019-10-01T09:00:18.190257102+02:00,2019-10-01T09:00:18.190257102+02:00,2019-10-01T17:29:58.552073359+02:00,30580.361816
2019-10-01 15:26:17.445581105+02:00,1569936377445581105,1,bid,0.2700000000000102,84.65,84.66,84.38,23159.255324003,0,23159.255324003,quantile,0.95,0.269999999999996,2019-10-01T09:00:18.190257102+02:00,2019-10-01T09:00:18.190257102+02:00,2019-10-01T17:29:58.552073359+02:00,30580.361816
2019-10-01 15:26:37.449639432+02:00,1569936397449639432,1,bid,0.269999999999996,84.64,84.65,84.37,23179.25938233,0,23179.25938233,quantile,0.95,0.269999999999996,2019-10-01T09:00:18.190257102+02:00,2019-10-01T09:00:18.190257102+02:00,2019-10-01T17:29:58.552073359+02:00,30580.361816
2019-10-01 15:27:05.222688711+02:00,1569936425222688711,1,bid,0.4399999999999977,84.62,84.63,84.18,23207.032431609,0,23207.032431609,quantile,0.95,0.269999999999996,2019-10-01T09:00:18.190257102+02:00,2019-10-01T09:00:18.190257102+02:00,2019-10-01T17:29:58.552073359+02:00,30580.361816
2019-10-01 15:27:06.206750795+02:00,1569936426206750795,1,bid,0.4500000000000028,84.61,84.63,84.16,23208.016493693,0,23208.016493693,quantile,0.95,0.269999999999996,2019-10-01T09:00:18.190257102+02:00,2019-10-01T09:00:18.190257102+02:00,2019-10-01T17:29:58.552073359+02:00,30580.361816
2019-10-01 15:27:25.281527268+02:00,1569936445281527268,1,bid,0.269999999999996,84.61,84.62,84.34,23227.091270166,0,23227.091270166,quantile,0.95,0.269999999999996,2019-10-01T09:00:18.190257102+02:00,2019-10-01T09:00:18.190257102+02:00,2019-10-01T17:29:58.552073359+02:00,30580.361816
2019-10-01 15:27:55.600213611+02:00,1569936475600213611,1,bid,0.4399999999999977,84.58,84.6,84.14,23257.409956509,0,23257.409956509,quantile,0.95,0.269999999999996,2019-10-01T09:00:18.190257102+02:00,2019-10-01T09:00:18.190257102+02:00,2019-10-01T17:29:58.552073359+02:00,30580.361816
2019-10-01 15:27:56.888260518+02:00,1569936476888260518,1,bid,0.4200000000000017,84.58,84.59,84.16,23258.698003416,0,23258.698003416,quantile,0.95,0.269999999999996,2019-10-01T09:00:18.190257102+02:00,2019-10-01T09:00:18.190257102+02:00,2019-10-01T17:29:58.552073359+02:00,30580.361816
2019-10-01 15:28:03.888265731+02:00,1569936483888265731,1,bid,0.4299999999999926,84.58,84.59,84.15,23265.698008629,0,23265.698008629,quantile,0.95,0.269999999999996,2019-10-01T09:00:18.190257102+02:00,2019-10-01T09:00:18.190257102+02:00,2019-10-01T17:29:58.552073359+02:00,30580.361816
2019-10-01 15:28:15.629049453+02:00,1569936495629049453,1,bid,0.269999999999996,84.58,84.59,84.31,23277.438792351,0,23277.438792351,quantile,0.95,0.269999999999996,2019-10-01T09:00:18.190257102+02:00,2019-10-01T09:00:18.190257102+02:00,2019-10-01T17:29:58.552073359+02:00,30580.361816
2019-10-01 15:28:30.801362186+02:00,1569936510801362186,1,bid,0.4399999999999977,84.61,84.62,84.17,23292.611105084,0,23292.611105084,quantile,0.95,0.269999999999996,2019-10-01T09:00:18.190257102+02:00,2019-10-01T09:00:18.190257102+02:00,2019-10-01T17:29:58.552073359+02:00,30580.361816
2019-10-01 15:28:39.049804240+02:00,1569936519049804240,1,bid,0.4399999999999977,84.59,84.61,84.15,23300.859547138,0,23300.859547138,quantile,0.95,0.269999999999996,2019-10-01T09:00:18.190257102+02:00,2019-10-01T09:00:18.190257102+02:00,2019-10-01T17:29:58.552073359+02:00,30580.361816
2019-10-01 15:30:00.143405524+02:00,1569936600143405524,1,bid,0.4299999999999926,84.61,84.63,84.18,23381.953148422,0,23381.953148422,quantile,0.95,0.269999999999996,2019-10-01T09:00:18.190257102+02:00,2019-10-01T09:00:18.190257102+02:00,2019-10-01T17:29:58.552073359+02:00,30580.361816
2019-10-01 15:30:00.470705815+02:00,1569936600470705815,1,bid,0.4399999999999977,84.6,84.62,84.16,23382.280448713,0,23382.280448713,quantile,0.95,0.269999999999996,2019-10-01T09:00:18.190257102+02:00,2019-10-01T09:00:18.190257102+02:00,2019-10-01T17:29:58.552073359+02:00,30580.361816
2019-10-01 15:30:04.229385335+02:00,1569936604229385335,1,bid,0.4300000000000068,84.62,84.64,84.19,23386.039128233,0,23386.039128233,quantile,0.95,0.269999999999996,2019-10-01T09:00:18.190257102+02:00,2019-10-01T09:00:18.190257102+02:00,2019-10-01T17:29:58.552073359+02:00,30580.361816
2019-10-01 15:30:19.188573024+02:00,1569936619188573024,1,bid,0.269999999999996,84.64,84.66,84.37,23400.998315922,0,23400.998315922,quantile,0.95,0.269999999999996,2019-10-01T09:00:18.190257102+02:00,2019-10-01T09:00:18.190257102+02:00,2019-10-01T17:29:58.552073359+02:00,30580.361816
2019-10-01 15:30:28.117724718+02:00,1569936628117724718,1,bid,0.4399999999999977,84.66,84.68,84.22,23409.927467616,0,23409.927467616,quantile,0.95,0.269999999999996,2019-10-01T09:00:18.190257102+02:00,2019-10-01T09:00:18.190257102+02:00,2019-10-01T17:29:58.552073359+02:00,30580.361816
2019-10-01 15:31:15.920605130+02:00,1569936675920605130,1,bid,0.4500000000000028,84.64,84.66,84.19,23457.730348028,0,23457.730348028,quantile,0.95,0.269999999999996,2019-10-01T09:00:18.190257102+02:00,2019-10-01T09:00:18.190257102+02:00,2019-10-01T17:29:58.552073359+02:00,30580.361816
2019-10-01 15:31:30.564918418+02:00,1569936690564918418,1,bid,0.4399999999999977,84.66,84.68,84.22,23472.374661316,0,23472.374661316,quantile,0.95,0.269999999999996,2019-10-01T09:00:18.190257102+02:00,2019-10-01T09:00:18.190257102+02:00,2019-10-01T17:29:58.552073359+02:00,30580.361816
2019-10-01 15:31:35.595657407+02:00,1569936695595657407,1,bid,0.2700000000000102,84.65,84.67,84.38,23477.405400305,0,23477.405400305,quantile,0.95,0.269999999999996,2019-10-01T09:00:18.190257102+02:00,2019-10-01T09:00:18.190257102+02:00,2019-10-01T17:29:58.552073359+02:00,30580.361816
2019-10-01 15:31:36.599838004+02:00,1569936696599838004,1,bid,0.4399999999999977,84.64,84.66,84.2,23478.409580902,0,23478.409580902,quantile,0.95,0.269999999999996,2019-10-01T09:00:18.190257102+02:00,2019-10-01T09:00:18.190257102+02:00,2019-10-01T17:29:58.552073359+02:00,30580.361816
2019-10-01 15:31:45.600115848+02:00,1569936705600115848,1,bid,0.269999999999996,84.64,84.66,84.37,23487.409858746,0,23487.409858746,quantile,0.95,0.269999999999996,2019-10-01T09:00:18.190257102+02:00,2019-10-01T09:00:18.190257102+02:00,2019-10-01T17:29:58.552073359+02:00,30580.361816
2019-10-01 15:32:08.587116515+02:00,1569936728587116515,1,bid,0.4399999999999977,84.67,84.69,84.23,23510.396859413,0,23510.396859413,quantile,0.95,0.269999999999996,2019-10-01T09:00:18.190257102+02:00,2019-10-01T09:00:18.190257102+02:00,2019-10-01T17:29:58.552073359+02:00,30580.361816
2019-10-01 15:32:15.012016498+02:00,1569936735012016498,1,bid,0.4299999999999926,84.69,84.71,84.26,23516.821759396,0,23516.821759396,quantile,0.95,0.269999999999996,2019-10-01T09:00:18.190257102+02:00,2019-10-01T09:00:18.190257102+02:00,2019-10-01T17:29:58.552073359+02:00,30580.361816
2019-10-01 15:32:22.149006968+02:00,1569936742149006968,1,bid,0.4400000000000119,84.68,84.69,84.24,23523.958749866,0,23523.958749866,quantile,0.95,0.269999999999996,2019-10-01T09:00:18.190257102+02:00,2019-10-01T09:00:18.190257102+02:00,2019-10-01T17:29:58.552073359+02:00,30580.361816
2019-10-01 15:32:29.217457238+02:00,1569936749217457238,1,bid,0.4399999999999977,84.66,84.68,84.22,23531.027200136,0,23531.027200136,quantile,0.95,0.269999999999996,2019-10-01T09:00:18.190257102+02:00,2019-10-01T09:00:18.190257102+02:00,2019-10-01T17:29:58.552073359+02:00,30580.361816
2019-10-01 15:32:48.601608384+02:00,1569936768601608384,1,bid,0.269999999999996,84.66,84.68,84.39,23550.411351282,0,23550.411351282,quantile,0.95,0.269999999999996,2019-10-01T09:00:18.190257102+02:00,2019-10-01T09:00:18.190257102+02:00,2019-10-01T17:29:58.552073359+02:00,30580.361816
2019-10-01 15:32:55.680782875+02:00,1569936775680782875,1,bid,0.4300000000000068,84.68,84.7,84.25,23557.490525773,0,23557.490525773,quantile,0.95,0.269999999999996,2019-10-01T09:00:18.190257102+02:00,2019-10-01T09:00:18.190257102+02:00,2019-10-01T17:29:58.552073359+02:00,30580.361816
2019-10-01 15:32:58.666046726+02:00,1569936778666046726,1,bid,0.4500000000000028,84.68,84.7,84.23,23560.475789624,0,23560.475789624,quantile,0.95,0.269999999999996,2019-10-01T09:00:18.190257102+02:00,2019-10-01T09:00:18.190257102+02:00,2019-10-01T17:29:58.552073359+02:00,30580.361816
2019-10-01 15:33:08.613242116+02:00,1569936788613242116,1,bid,0.269999999999996,84.69,84.7,84.42,23570.422985014,0,23570.422985014,quantile,0.95,0.269999999999996,2019-10-01T09:00:18.190257102+02:00,2019-10-01T09:00:18.190257102+02:00,2019-10-01T17:29:58.552073359+02:00,30580.361816
2019-10-01 15:33:19.786540554+02:00,1569936799786540554,1,bid,0.4500000000000028,84.66,84.69,84.21,23581.596283452,0,23581.596283452,quantile,0.95,0.269999999999996,2019-10-01T09:00:18.190257102+02:00,2019-10-01T09:00:18.190257102+02:00,2019-10-01T17:29:58.552073359+02:00,30580.361816
2019-10-01 15:33:28.291011907+02:00,1569936808291011907,1,bid,16.659999999999997,84.66,84.69,68.0,23590.100754805,0,23590.100754805,quantile,0.95,0.269999999999996,2019-10-01T09:00:18.190257102+02:00,2019-10-01T09:00:18.190257102+02:00,2019-10-01T17:29:58.552073359+02:00,30580.361816
2019-10-01 15:33:38.620227935+02:00,1569936818620227935,1,bid,0.269999999999996,84.66,84.68,84.39,23600.429970833,0,23600.429970833,quantile,0.95,0.269999999999996,2019-10-01T09:00:18.190257102+02:00,2019-10-01T09:00:18.190257102+02:00,2019-10-01T17:29:58.552073359+02:00,30580.361816
2019-10-01 15:33:40.873917337+02:00,1569936820873917337,1,bid,0.4300000000000068,84.67,84.69,84.24,23602.683660235,0,23602.683660235,quantile,0.95,0.269999999999996,2019-10-01T09:00:18.190257102+02:00,2019-10-01T09:00:18.190257102+02:00,2019-10-01T17:29:58.552073359+02:00,30580.361816
2019-10-01 15:33:51.295211357+02:00,1569936831295211357,1,bid,0.4300000000000068,84.7,84.72,84.27,23613.104954255,0,23613.104954255,quantile,0.95,0.269999999999996,2019-10-01T09:00:18.190257102+02:00,2019-10-01T09:00:18.190257102+02:00,2019-10-01T17:29:58.552073359+02:00,30580.361816
2019-10-01 15:33:53.766189813+02:00,1569936833766189813,1,bid,0.4399999999999977,84.69,84.71,84.25,23615.575932711,0,23615.575932711,quantile,0.95,0.269999999999996,2019-10-01T09:00:18.190257102+02:00,2019-10-01T09:00:18.190257102+02:00,2019-10-01T17:29:58.552073359+02:00,30580.361816
2019-10-01 15:33:58.628590055+02:00,1569936838628590055,1,bid,0.269999999999996,84.69,84.7,84.42,23620.438332953,0,23620.438332953,quantile,0.95,0.269999999999996,2019-10-01T09:00:18.190257102+02:00,2019-10-01T09:00:18.190257102+02:00,2019-10-01T17:29:58.552073359+02:00,30580.361816
2019-10-01 15:34:03.179001889+02:00,1569936843179001889,1,bid,0.4399999999999977,84.67,84.69,84.23,23624.988744787,0,23624.988744787,quantile,0.95,0.269999999999996,2019-10-01T09:00:18.190257102+02:00,2019-10-01T09:00:18.190257102+02:00,2019-10-01T17:29:58.552073359+02:00,30580.361816
2019-10-01 15:34:18.080492349+02:00,1569936858080492349,1,bid,0.4400000000000119,84.65,84.67,84.21,23639.890235247,0,23639.890235247,quantile,0.95,0.269999999999996,2019-10-01T09:00:18.190257102+02:00,2019-10-01T09:00:18.190257102+02:00,2019-10-01T17:29:58.552073359+02:00,30580.361816
2019-10-01 15:34:28.652703100+02:00,1569936868652703100,1,bid,0.269999999999996,84.66,84.68,84.39,23650.462445998,0,23650.462445998,quantile,0.95,0.269999999999996,2019-10-01T09:00:18.190257102+02:00,2019-10-01T09:00:18.190257102+02:00,2019-10-01T17:29:58.552073359+02:00,30580.361816
2019-10-01 15:34:37.884630165+02:00,1569936877884630165,1,bid,0.4500000000000028,84.64,84.66,84.19,23659.694373063,0,23659.694373063,quantile,0.95,0.269999999999996,2019-10-01T09:00:18.190257102+02:00,2019-10-01T09:00:18.190257102+02:00,2019-10-01T17:29:58.552073359+02:00,30580.361816
2019-10-01 15:34:48.660671099+02:00,1569936888660671099,1,bid,0.269999999999996,84.63,84.64,84.36,23670.470413997,0,23670.470413997,quantile,0.95,0.269999999999996,2019-10-01T09:00:18.190257102+02:00,2019-10-01T09:00:18.190257102+02:00,2019-10-01T17:29:58.552073359+02:00,30580.361816
2019-10-01 15:35:10.061725865+02:00,1569936910061725865,1,bid,0.4500000000000028,84.62,84.63,84.17,23691.871468763,0,23691.871468763,quantile,0.95,0.269999999999996,2019-10-01T09:00:18.190257102+02:00,2019-10-01T09:00:18.190257102+02:00,2019-10-01T17:29:58.552073359+02:00,30580.361816
2019-10-01 15:35:21.050104617+02:00,1569936921050104617,1,bid,20.629999999999995,84.63,84.64,64.0,23702.859847515,0,23702.859847515,quantile,0.95,0.269999999999996,2019-10-01T09:00:18.190257102+02:00,2019-10-01T09:00:18.190257102+02:00,2019-10-01T17:29:58.552073359+02:00,30580.361816
2019-10-01 15:35:25.012705372+02:00,1569936925012705372,1,bid,0.4299999999999926,84.63,84.64,84.2,23706.82244827,0,23706.82244827,quantile,0.95,0.269999999999996,2019-10-01T09:00:18.190257102+02:00,2019-10-01T09:00:18.190257102+02:00,2019-10-01T17:29:58.552073359+02:00,30580.361816
2019-10-01 15:36:25.483375289+02:00,1569936985483375289,1,bid,0.4399999999999977,84.62,84.64,84.18,23767.293118187,0,23767.293118187,quantile,0.95,0.269999999999996,2019-10-01T09:00:18.190257102+02:00,2019-10-01T09:00:18.190257102+02:00,2019-10-01T17:29:58.552073359+02:00,30580.361816
2019-10-01 15:36:35.485029833+02:00,1569936995485029833,1,bid,0.2700000000000102,84.62,84.64,84.35,23777.294772731,0,23777.294772731,quantile,0.95,0.269999999999996,2019-10-01T09:00:18.190257102+02:00,2019-10-01T09:00:18.190257102+02:00,2019-10-01T17:29:58.552073359+02:00,30580.361816
2019-10-01 15:36:59.281493225+02:00,1569937019281493225,1,bid,0.269999999999996,84.61,84.63,84.34,23801.091236123,0,23801.091236123,quantile,0.95,0.269999999999996,2019-10-01T09:00:18.190257102+02:00,2019-10-01T09:00:18.190257102+02:00,2019-10-01T17:29:58.552073359+02:00,30580.361816
2019-10-01 15:37:03.479220216+02:00,1569937023479220216,1,bid,0.4399999999999977,84.6,84.62,84.16,23805.288963114,0,23805.288963114,quantile,0.95,0.269999999999996,2019-10-01T09:00:18.190257102+02:00,2019-10-01T09:00:18.190257102+02:00,2019-10-01T17:29:58.552073359+02:00,30580.361816
2019-10-01 15:37:10.618280702+02:00,1569937030618280702,1,bid,0.4500000000000028,84.59,84.6,84.14,23812.4280236,0,23812.4280236,quantile,0.95,0.269999999999996,2019-10-01T09:00:18.190257102+02:00,2019-10-01T09:00:18.190257102+02:00,2019-10-01T17:29:58.552073359+02:00,30580.361816
2019-10-01 15:37:19.584274069+02:00,1569937039584274069,1,bid,0.4499999999999886,84.57,84.58,84.12,23821.394016967,0,23821.394016967,quantile,0.95,0.269999999999996,2019-10-01T09:00:18.190257102+02:00,2019-10-01T09:00:18.190257102+02:00,2019-10-01T17:29:58.552073359+02:00,30580.361816
2019-10-01 15:37:27.847809742+02:00,1569937047847809742,1,bid,0.6000000000000085,84.56,84.58,83.96,23829.65755264,0,23829.65755264,quantile,0.95,0.269999999999996,2019-10-01T09:00:18.190257102+02:00,2019-10-01T09:00:18.190257102+02:00,2019-10-01T17:29:58.552073359+02:00,30580.361816
2019-10-01 15:37:37.888315709+02:00,1569937057888315709,1,bid,0.4299999999999926,84.57,84.58,84.14,23839.698058607,0,23839.698058607,quantile,0.95,0.269999999999996,2019-10-01T09:00:18.190257102+02:00,2019-10-01T09:00:18.190257102+02:00,2019-10-01T17:29:58.552073359+02:00,30580.361816
2019-10-01 15:37:39.310413933+02:00,1569937059310413933,1,bid,0.269999999999996,84.57,84.58,84.3,23841.120156831,0,23841.120156831,quantile,0.95,0.269999999999996,2019-10-01T09:00:18.190257102+02:00,2019-10-01T09:00:18.190257102+02:00,2019-10-01T17:29:58.552073359+02:00,30580.361816
2019-10-01 15:37:44.888321432+02:00,1569937064888321432,1,bid,0.4300000000000068,84.56,84.57,84.13,23846.69806433,0,23846.69806433,quantile,0.95,0.269999999999996,2019-10-01T09:00:18.190257102+02:00,2019-10-01T09:00:18.190257102+02:00,2019-10-01T17:29:58.552073359+02:00,30580.361816
2019-10-01 15:37:47.415644215+02:00,1569937067415644215,1,bid,0.4500000000000028,84.55,84.56,84.1,23849.225387113,0,23849.225387113,quantile,0.95,0.269999999999996,2019-10-01T09:00:18.190257102+02:00,2019-10-01T09:00:18.190257102+02:00,2019-10-01T17:29:58.552073359+02:00,30580.361816
2019-10-01 15:37:51.888319140+02:00,1569937071888319140,1,bid,0.4299999999999926,84.55,84.56,84.12,23853.698062038,0,23853.698062038,quantile,0.95,0.269999999999996,2019-10-01T09:00:18.190257102+02:00,2019-10-01T09:00:18.190257102+02:00,2019-10-01T17:29:58.552073359+02:00,30580.361816
2019-10-01 15:37:57.888320318+02:00,1569937077888320318,1,bid,0.4300000000000068,84.54,84.55,84.11,23859.698063216,0,23859.698063216,quantile,0.95,0.269999999999996,2019-10-01T09:00:18.190257102+02:00,2019-10-01T09:00:18.190257102+02:00,2019-10-01T17:29:58.552073359+02:00,30580.361816
2019-10-01 15:38:09.313777822+02:00,1569937089313777822,1,bid,0.2700000000000102,84.54,84.55,84.27,23871.12352072,0,23871.12352072,quantile,0.95,0.269999999999996,2019-10-01T09:00:18.190257102+02:00,2019-10-01T09:00:18.190257102+02:00,2019-10-01T17:29:58.552073359+02:00,30580.361816
2019-10-01 15:38:34.573442595+02:00,1569937114573442595,1,bid,0.4399999999999977,84.52,84.53,84.08,23896.383185493,0,23896.383185493,quantile,0.95,0.269999999999996,2019-10-01T09:00:18.190257102+02:00,2019-10-01T09:00:18.190257102+02:00,2019-10-01T17:29:58.552073359+02:00,30580.361816
2019-10-01 15:38:34.888324866+02:00,1569937114888324866,1,bid,0.4200000000000017,84.52,84.53,84.1,23896.698067764,0,23896.698067764,quantile,0.95,0.269999999999996,2019-10-01T09:00:18.190257102+02:00,2019-10-01T09:00:18.190257102+02:00,2019-10-01T17:29:58.552073359+02:00,30580.361816
2019-10-01 15:38:45.068853509+02:00,1569937125068853509,1,bid,0.4400000000000119,84.51,84.52,84.07,23906.878596407,0,23906.878596407,quantile,0.95,0.269999999999996,2019-10-01T09:00:18.190257102+02:00,2019-10-01T09:00:18.190257102+02:00,2019-10-01T17:29:58.552073359+02:00,30580.361816
2019-10-01 15:38:45.888327243+02:00,1569937125888327243,1,bid,0.4200000000000017,84.51,84.52,84.09,23907.698070141,0,23907.698070141,quantile,0.95,0.269999999999996,2019-10-01T09:00:18.190257102+02:00,2019-10-01T09:00:18.190257102+02:00,2019-10-01T17:29:58.552073359+02:00,30580.361816
2019-10-01 15:38:52.766612846+02:00,1569937132766612846,1,bid,0.4499999999999886,84.49,84.51,84.04,23914.576355744,0,23914.576355744,quantile,0.95,0.269999999999996,2019-10-01T09:00:18.190257102+02:00,2019-10-01T09:00:18.190257102+02:00,2019-10-01T17:29:58.552073359+02:00,30580.361816
2019-10-01 15:38:52.766883130+02:00,1569937132766883130,1,bid,0.8199999999999932,84.49,84.5,83.67,23914.576626028,0,23914.576626028,quantile,0.95,0.269999999999996,2019-10-01T09:00:18.190257102+02:00,2019-10-01T09:00:18.190257102+02:00,2019-10-01T17:29:58.552073359+02:00,30580.361816
2019-10-01 15:38:52.888324577+02:00,1569937132888324577,1,bid,0.4099999999999966,84.49,84.51,84.08,23914.698067475,0,23914.698067475,quantile,0.95,0.269999999999996,2019-10-01T09:00:18.190257102+02:00,2019-10-01T09:00:18.190257102+02:00,2019-10-01T17:29:58.552073359+02:00,30580.361816
2019-10-01 15:38:53.888327231+02:00,1569937133888327231,1,bid,0.4200000000000017,84.49,84.51,84.07,23915.698070129,0,23915.698070129,quantile,0.95,0.269999999999996,2019-10-01T09:00:18.190257102+02:00,2019-10-01T09:00:18.190257102+02:00,2019-10-01T17:29:58.552073359+02:00,30580.361816
2019-10-01 15:38:59.888329092+02:00,1569937139888329092,1,bid,0.4200000000000017,84.48,84.5,84.06,23921.69807199,0,23921.69807199,quantile,0.95,0.269999999999996,2019-10-01T09:00:18.190257102+02:00,2019-10-01T09:00:18.190257102+02:00,2019-10-01T17:29:58.552073359+02:00,30580.361816
2019-10-01 15:39:05.176943854+02:00,1569937145176943854,1,bid,0.4399999999999977,84.46,84.48,84.02,23926.986686752,0,23926.986686752,quantile,0.95,0.269999999999996,2019-10-01T09:00:18.190257102+02:00,2019-10-01T09:00:18.190257102+02:00,2019-10-01T17:29:58.552073359+02:00,30580.361816
2019-10-01 15:39:06.888327779+02:00,1569937146888327779,1,bid,0.4099999999999966,84.46,84.48,84.05,23928.698070677,0,23928.698070677,quantile,0.95,0.269999999999996,2019-10-01T09:00:18.190257102+02:00,2019-10-01T09:00:18.190257102+02:00,2019-10-01T17:29:58.552073359+02:00,30580.361816
2019-10-01 15:39:07.177735420+02:00,1569937147177735420,1,bid,0.6000000000000085,84.45,84.48,83.85,23928.987478318,0,23928.987478318,quantile,0.95,0.269999999999996,2019-10-01T09:00:18.190257102+02:00,2019-10-01T09:00:18.190257102+02:00,2019-10-01T17:29:58.552073359+02:00,30580.361816
2019-10-01 15:39:07.179262260+02:00,1569937147179262260,1,bid,0.4500000000000028,84.45,84.47,84.0,23928.989005158,0,23928.989005158,quantile,0.95,0.269999999999996,2019-10-01T09:00:18.190257102+02:00,2019-10-01T09:00:18.190257102+02:00,2019-10-01T17:29:58.552073359+02:00,30580.361816
2019-10-01 15:39:08.888332393+02:00,1569937148888332393,1,bid,0.4099999999999966,84.45,84.47,84.04,23930.698075291,0,23930.698075291,quantile,0.95,0.269999999999996,2019-10-01T09:00:18.190257102+02:00,2019-10-01T09:00:18.190257102+02:00,2019-10-01T17:29:58.552073359+02:00,30580.361816
2019-10-01 15:39:10.888329095+02:00,1569937150888329095,1,bid,0.4200000000000017,84.45,84.46,84.03,23932.698071993,0,23932.698071993,quantile,0.95,0.269999999999996,2019-10-01T09:00:18.190257102+02:00,2019-10-01T09:00:18.190257102+02:00,2019-10-01T17:29:58.552073359+02:00,30580.361816
2019-10-01 15:39:16.888327533+02:00,1569937156888327533,1,bid,0.4200000000000017,84.44,84.46,84.02,23938.698070431,0,23938.698070431,quantile,0.95,0.269999999999996,2019-10-01T09:00:18.190257102+02:00,2019-10-01T09:00:18.190257102+02:00,2019-10-01T17:29:58.552073359+02:00,30580.361816
2019-10-01 15:39:22.903694617+02:00,1569937162903694617,1,bid,0.269999999999996,84.46,84.47,84.19,23944.713437515,0,23944.713437515,quantile,0.95,0.269999999999996,2019-10-01T09:00:18.190257102+02:00,2019-10-01T09:00:18.190257102+02:00,2019-10-01T17:29:58.552073359+02:00,30580.361816
2019-10-01 15:39:26.174437802+02:00,1569937166174437802,1,bid,0.4399999999999977,84.47,84.48,84.03,23947.9841807,0,23947.9841807,quantile,0.95,0.269999999999996,2019-10-01T09:00:18.190257102+02:00,2019-10-01T09:00:18.190257102+02:00,2019-10-01T17:29:58.552073359+02:00,30580.361816
2019-10-01 15:39:26.404461618+02:00,1569937166404461618,1,bid,0.4299999999999926,84.49,84.51,84.06,23948.214204516,0,23948.214204516,quantile,0.95,0.269999999999996,2019-10-01T09:00:18.190257102+02:00,2019-10-01T09:00:18.190257102+02:00,2019-10-01T17:29:58.552073359+02:00,30580.361816
2019-10-01 15:39:32.950639521+02:00,1569937172950639521,1,bid,0.4399999999999977,84.48,84.51,84.04,23954.760382419,0,23954.760382419,quantile,0.95,0.269999999999996,2019-10-01T09:00:18.190257102+02:00,2019-10-01T09:00:18.190257102+02:00,2019-10-01T17:29:58.552073359+02:00,30580.361816
2019-10-01 15:39:35.633551757+02:00,1569937175633551757,1,bid,0.4400000000000119,84.51,84.52,84.07,23957.443294655,0,23957.443294655,quantile,0.95,0.269999999999996,2019-10-01T09:00:18.190257102+02:00,2019-10-01T09:00:18.190257102+02:00,2019-10-01T17:29:58.552073359+02:00,30580.361816
2019-10-01 15:39:39.096262780+02:00,1569937179096262780,1,bid,0.4399999999999977,84.49,84.51,84.05,23960.906005678,0,23960.906005678,quantile,0.95,0.269999999999996,2019-10-01T09:00:18.190257102+02:00,2019-10-01T09:00:18.190257102+02:00,2019-10-01T17:29:58.552073359+02:00,30580.361816
2019-10-01 15:39:51.327033344+02:00,1569937191327033344,1,bid,0.4399999999999977,84.47,84.49,84.03,23973.136776242,0,23973.136776242,quantile,0.95,0.269999999999996,2019-10-01T09:00:18.190257102+02:00,2019-10-01T09:00:18.190257102+02:00,2019-10-01T17:29:58.552073359+02:00,30580.361816
2019-10-01 15:39:53.973971433+02:00,1569937193973971433,1,bid,0.4499999999999886,84.46,84.47,84.01,23975.783714331,0,23975.783714331,quantile,0.95,0.269999999999996,2019-10-01T09:00:18.190257102+02:00,2019-10-01T09:00:18.190257102+02:00,2019-10-01T17:29:58.552073359+02:00,30580.361816
2019-10-01 15:40:07.473584456+02:00,1569937207473584456,1,bid,0.4500000000000028,84.44,84.46,83.99,23989.283327354,0,23989.283327354,quantile,0.95,0.269999999999996,2019-10-01T09:00:18.190257102+02:00,2019-10-01T09:00:18.190257102+02:00,2019-10-01T17:29:58.552073359+02:00,30580.361816
2019-10-01 15:40:15.888335222+02:00,1569937215888335222,1,bid,0.4200000000000017,84.43,84.45,84.01,23997.69807812,0,23997.69807812,quantile,0.95,0.269999999999996,2019-10-01T09:00:18.190257102+02:00,2019-10-01T09:00:18.190257102+02:00,2019-10-01T17:29:58.552073359+02:00,30580.361816
2019-10-01 15:40:22.888337228+02:00,1569937222888337228,1,bid,0.4200000000000017,84.42,84.44,84.0,24004.698080126,0,24004.698080126,quantile,0.95,0.269999999999996,2019-10-01T09:00:18.190257102+02:00,2019-10-01T09:00:18.190257102+02:00,2019-10-01T17:29:58.552073359+02:00,30580.361816
2019-10-01 15:40:24.595456844+02:00,1569937224595456844,1,bid,0.4500000000000028,84.41,84.43,83.96,24006.405199742,0,24006.405199742,quantile,0.95,0.269999999999996,2019-10-01T09:00:18.190257102+02:00,2019-10-01T09:00:18.190257102+02:00,2019-10-01T17:29:58.552073359+02:00,30580.361816
2019-10-01 15:40:24.888336020+02:00,1569937224888336020,1,bid,0.4200000000000017,84.41,84.43,83.99,24006.698078918,0,24006.698078918,quantile,0.95,0.269999999999996,2019-10-01T09:00:18.190257102+02:00,2019-10-01T09:00:18.190257102+02:00,2019-10-01T17:29:58.552073359+02:00,30580.361816
2019-10-01 15:40:25.888335100+02:00,1569937225888335100,1,bid,0.4200000000000017,84.4,84.43,83.98,24007.698077998,0,24007.698077998,quantile,0.95,0.269999999999996,2019-10-01T09:00:18.190257102+02:00,2019-10-01T09:00:18.190257102+02:00,2019-10-01T17:29:58.552073359+02:00,30580.361816
2019-10-01 15:40:31.240996611+02:00,1569937231240996611,1,bid,0.4300000000000068,84.42,84.45,83.99,24013.050739509,0,24013.050739509,quantile,0.95,0.269999999999996,2019-10-01T09:00:18.190257102+02:00,2019-10-01T09:00:18.190257102+02:00,2019-10-01T17:29:58.552073359+02:00,30580.361816
2019-10-01 15:40:46.918617824+02:00,1569937246918617824,1,bid,0.269999999999996,84.42,84.44,84.15,24028.728360722,0,24028.728360722,quantile,0.95,0.269999999999996,2019-10-01T09:00:18.190257102+02:00,2019-10-01T09:00:18.190257102+02:00,2019-10-01T17:29:58.552073359+02:00,30580.361816
2019-10-01 15:40:54.694728273+02:00,1569937254694728273,1,bid,0.4400000000000119,84.4,84.42,83.96,24036.504471171,0,24036.504471171,quantile,0.95,0.269999999999996,2019-10-01T09:00:18.190257102+02:00,2019-10-01T09:00:18.190257102+02:00,2019-10-01T17:29:58.552073359+02:00,30580.361816
2019-10-01 15:40:58.888338582+02:00,1569937258888338582,1,bid,0.4200000000000017,84.39,84.41,83.97,24040.69808148,0,24040.69808148,quantile,0.95,0.269999999999996,2019-10-01T09:00:18.190257102+02:00,2019-10-01T09:00:18.190257102+02:00,2019-10-01T17:29:58.552073359+02:00,30580.361816
2019-10-01 15:41:01.266405050+02:00,1569937261266405050,1,bid,0.4599999999999937,84.39,84.41,83.93,24043.076147948,0,24043.076147948,quantile,0.95,0.269999999999996,2019-10-01T09:00:18.190257102+02:00,2019-10-01T09:00:18.190257102+02:00,2019-10-01T17:29:58.552073359+02:00,30580.361816
2019-10-01 15:41:01.344210660+02:00,1569937261344210660,1,bid,0.4300000000000068,84.39,84.42,83.96,24043.153953558,0,24043.153953558,quantile,0.95,0.269999999999996,2019-10-01T09:00:18.190257102+02:00,2019-10-01T09:00:18.190257102+02:00,2019-10-01T17:29:58.552073359+02:00,30580.361816
2019-10-01 15:41:20.550445479+02:00,1569937280550445479,1,bid,0.4499999999999886,84.38,84.4,83.93,24062.360188377,0,24062.360188377,quantile,0.95,0.269999999999996,2019-10-01T09:00:18.190257102+02:00,2019-10-01T09:00:18.190257102+02:00,2019-10-01T17:29:58.552073359+02:00,30580.361816
2019-10-01 15:41:20.888343941+02:00,1569937280888343941,1,bid,0.4200000000000017,84.38,84.4,83.96,24062.698086839,0,24062.698086839,quantile,0.95,0.269999999999996,2019-10-01T09:00:18.190257102+02:00,2019-10-01T09:00:18.190257102+02:00,2019-10-01T17:29:58.552073359+02:00,30580.361816
2019-10-01 15:41:27.888340929+02:00,1569937287888340929,1,bid,0.4299999999999926,84.38,84.39,83.95,24069.698083827,0,24069.698083827,quantile,0.95,0.269999999999996,2019-10-01T09:00:18.190257102+02:00,2019-10-01T09:00:18.190257102+02:00,2019-10-01T17:29:58.552073359+02:00,30580.361816
2019-10-01 15:41:53.888344449+02:00,1569937313888344449,1,bid,0.4200000000000017,84.36,84.38,83.94,24095.698087347,0,24095.698087347,quantile,0.95,0.269999999999996,2019-10-01T09:00:18.190257102+02:00,2019-10-01T09:00:18.190257102+02:00,2019-10-01T17:29:58.552073359+02:00,30580.361816
2019-10-01 15:41:55.888340613+02:00,1569937315888340613,1,bid,0.4299999999999926,84.36,84.37,83.93,24097.698083511,0,24097.698083511,quantile,0.95,0.269999999999996,2019-10-01T09:00:18.190257102+02:00,2019-10-01T09:00:18.190257102+02:00,2019-10-01T17:29:58.552073359+02:00,30580.361816
2019-10-01 15:42:06.984575392+02:00,1569937326984575392,1,bid,0.269999999999996,84.36,84.37,84.09,24108.79431829,0,24108.79431829,quantile,0.95,0.269999999999996,2019-10-01T09:00:18.190257102+02:00,2019-10-01T09:00:18.190257102+02:00,2019-10-01T17:29:58.552073359+02:00,30580.361816
2019-10-01 15:42:26.992088409+02:00,1569937346992088409,1,bid,0.269999999999996,84.39,84.41,84.12,24128.801831307,0,24128.801831307,quantile,0.95,0.269999999999996,2019-10-01T09:00:18.190257102+02:00,2019-10-01T09:00:18.190257102+02:00,2019-10-01T17:29:58.552073359+02:00,30580.361816
2019-10-01 15:42:35.152401349+02:00,1569937355152401349,1,bid,0.4300000000000068,84.39,84.41,83.96,24136.962144247,0,24136.962144247,quantile,0.95,0.269999999999996,2019-10-01T09:00:18.190257102+02:00,2019-10-01T09:00:18.190257102+02:00,2019-10-01T17:29:58.552073359+02:00,30580.361816
2019-10-01 15:42:53.046231630+02:00,1569937373046231630,1,bid,0.4499999999999886,84.38,84.4,83.93,24154.855974528,0,24154.855974528,quantile,0.95,0.269999999999996,2019-10-01T09:00:18.190257102+02:00,2019-10-01T09:00:18.190257102+02:00,2019-10-01T17:29:58.552073359+02:00,30580.361816
2019-10-01 15:43:06.643532986+02:00,1569937386643532986,1,bid,0.269999999999996,84.38,84.4,84.11,24168.453275884,0,24168.453275884,quantile,0.95,0.269999999999996,2019-10-01T09:00:18.190257102+02:00,2019-10-01T09:00:18.190257102+02:00,2019-10-01T17:29:58.552073359+02:00,30580.361816
2019-10-01 15:44:06.013083475+02:00,1569937446013083475,1,bid,0.4200000000000017,84.38,84.41,83.96,24227.822826373,0,24227.822826373,quantile,0.95,0.269999999999996,2019-10-01T09:00:18.190257102+02:00,2019-10-01T09:00:18.190257102+02:00,2019-10-01T17:29:58.552073359+02:00,30580.361816
2019-10-01 15:44:16.834292952+02:00,1569937456834292952,1,bid,0.4500000000000028,84.37,84.39,83.92,24238.64403585,0,24238.64403585,quantile,0.95,0.269999999999996,2019-10-01T09:00:18.190257102+02:00,2019-10-01T09:00:18.190257102+02:00,2019-10-01T17:29:58.552073359+02:00,30580.361816
2019-10-01 15:44:32.090553677+02:00,1569937472090553677,1,bid,0.4299999999999926,84.38,84.4,83.95,24253.900296575,0,24253.900296575,quantile,0.95,0.269999999999996,2019-10-01T09:00:18.190257102+02:00,2019-10-01T09:00:18.190257102+02:00,2019-10-01T17:29:58.552073359+02:00,30580.361816
2019-10-01 15:44:43.225856893+02:00,1569937483225856893,1,bid,0.2700000000000102,84.4,84.42,84.13,24265.035599791,0,24265.035599791,quantile,0.95,0.269999999999996,2019-10-01T09:00:18.190257102+02:00,2019-10-01T09:00:18.190257102+02:00,2019-10-01T17:29:58.552073359+02:00,30580.361816
2019-10-01 15:44:53.226988901+02:00,1569937493226988901,1,bid,0.269999999999996,84.39,84.41,84.12,24275.036731799,0,24275.036731799,quantile,0.95,0.269999999999996,2019-10-01T09:00:18.190257102+02:00,2019-10-01T09:00:18.190257102+02:00,2019-10-01T17:29:58.552073359+02:00,30580.361816
2019-10-01 15:45:34.524221986+02:00,1569937534524221986,1,bid,0.2700000000000102,84.4,84.42,84.13,24316.333964884,0,24316.333964884,quantile,0.95,0.269999999999996,2019-10-01T09:00:18.190257102+02:00,2019-10-01T09:00:18.190257102+02:00,2019-10-01T17:29:58.552073359+02:00,30580.361816
2019-10-01 15:45:41.799008410+02:00,1569937541799008410,1,bid,0.4399999999999977,84.42,84.43,83.98,24323.608751308,0,24323.608751308,quantile,0.95,0.269999999999996,2019-10-01T09:00:18.190257102+02:00,2019-10-01T09:00:18.190257102+02:00,2019-10-01T17:29:58.552073359+02:00,30580.361816
2019-10-01 15:46:10.080870442+02:00,1569937570080870442,1,bid,0.269999999999996,84.42,84.44,84.15,24351.89061334,0,24351.89061334,quantile,0.95,0.269999999999996,2019-10-01T09:00:18.190257102+02:00,2019-10-01T09:00:18.190257102+02:00,2019-10-01T17:29:58.552073359+02:00,30580.361816
2019-10-01 15:46:29.878422874+02:00,1569937589878422874,1,bid,0.4399999999999977,84.45,84.47,84.01,24371.688165772,0,24371.688165772,quantile,0.95,0.269999999999996,2019-10-01T09:00:18.190257102+02:00,2019-10-01T09:00:18.190257102+02:00,2019-10-01T17:29:58.552073359+02:00,30580.361816
2019-10-01 15:46:34.006578821+02:00,1569937594006578821,1,bid,0.4299999999999926,84.47,84.49,84.04,24375.816321719,0,24375.816321719,quantile,0.95,0.269999999999996,2019-10-01T09:00:18.190257102+02:00,2019-10-01T09:00:18.190257102+02:00,2019-10-01T17:29:58.552073359+02:00,30580.361816
2019-10-01 15:46:35.260317913+02:00,1569937595260317913,1,bid,0.4500000000000028,84.47,84.49,84.02,24377.070060811,0,24377.070060811,quantile,0.95,0.269999999999996,2019-10-01T09:00:18.190257102+02:00,2019-10-01T09:00:18.190257102+02:00,2019-10-01T17:29:58.552073359+02:00,30580.361816
2019-10-01 15:46:37.218576709+02:00,1569937597218576709,1,bid,0.4200000000000017,84.47,84.5,84.05,24379.028319607,0,24379.028319607,quantile,0.95,0.269999999999996,2019-10-01T09:00:18.190257102+02:00,2019-10-01T09:00:18.190257102+02:00,2019-10-01T17:29:58.552073359+02:00,30580.361816
2019-10-01 15:46:40.106002825+02:00,1569937600106002825,1,bid,0.4500000000000028,84.48,84.5,84.03,24381.915745723,0,24381.915745723,quantile,0.95,0.269999999999996,2019-10-01T09:00:18.190257102+02:00,2019-10-01T09:00:18.190257102+02:00,2019-10-01T17:29:58.552073359+02:00,30580.361816
2019-10-01 15:46:47.079367894+02:00,1569937607079367894,1,bid,0.269999999999996,84.47,84.49,84.2,24388.889110792,0,24388.889110792,quantile,0.95,0.269999999999996,2019-10-01T09:00:18.190257102+02:00,2019-10-01T09:00:18.190257102+02:00,2019-10-01T17:29:58.552073359+02:00,30580.361816
2019-10-01 15:46:57.382952347+02:00,1569937617382952347,1,bid,0.4299999999999926,84.49,84.51,84.06,24399.192695245,0,24399.192695245,quantile,0.95,0.269999999999996,2019-10-01T09:00:18.190257102+02:00,2019-10-01T09:00:18.190257102+02:00,2019-10-01T17:29:58.552073359+02:00,30580.361816
2019-10-01 15:47:00.400755175+02:00,1569937620400755175,1,bid,0.5999999999999943,84.49,84.51,83.89,24402.210498073,0,24402.210498073,quantile,0.95,0.269999999999996,2019-10-01T09:00:18.190257102+02:00,2019-10-01T09:00:18.190257102+02:00,2019-10-01T17:29:58.552073359+02:00,30580.361816
2019-10-01 15:47:07.236734725+02:00,1569937627236734725,1,bid,0.8299999999999983,84.5,84.51,83.67,24409.046477623,0,24409.046477623,quantile,0.95,0.269999999999996,2019-10-01T09:00:18.190257102+02:00,2019-10-01T09:00:18.190257102+02:00,2019-10-01T17:29:58.552073359+02:00,30580.361816
2019-10-01 15:47:07.382461523+02:00,1569937627382461523,1,bid,0.269999999999996,84.5,84.51,84.23,24409.192204421,0,24409.192204421,quantile,0.95,0.269999999999996,2019-10-01T09:00:18.190257102+02:00,2019-10-01T09:00:18.190257102+02:00,2019-10-01T17:29:58.552073359+02:00,30580.361816
2019-10-01 15:47:25.082006388+02:00,1569937645082006388,1,bid,0.4399999999999977,84.53,84.54,84.09,24426.891749286,0,24426.891749286,quantile,0.95,0.269999999999996,2019-10-01T09:00:18.190257102+02:00,2019-10-01T09:00:18.190257102+02:00,2019-10-01T17:29:58.552073359+02:00,30580.361816
2019-10-01 15:47:27.394018815+02:00,1569937647394018815,1,bid,0.269999999999996,84.53,84.55,84.26,24429.203761713,0,24429.203761713,quantile,0.95,0.269999999999996,2019-10-01T09:00:18.190257102+02:00,2019-10-01T09:00:18.190257102+02:00,2019-10-01T17:29:58.552073359+02:00,30580.361816
2019-10-01 15:47:52.392131035+02:00,1569937672392131035,1,bid,0.4399999999999977,84.56,84.58,84.12,24454.201873933,0,24454.201873933,quantile,0.95,0.269999999999996,2019-10-01T09:00:18.190257102+02:00,2019-10-01T09:00:18.190257102+02:00,2019-10-01T17:29:58.552073359+02:00,30580.361816
2019-10-01 15:48:06.013555602+02:00,1569937686013555602,1,bid,0.269999999999996,84.57,84.59,84.3,24467.8232985,0,24467.8232985,quantile,0.95,0.269999999999996,2019-10-01T09:00:18.190257102+02:00,2019-10-01T09:00:18.190257102+02:00,2019-10-01T17:29:58.552073359+02:00,30580.361816
2019-10-01 15:48:14.396990391+02:00,1569937694396990391,1,bid,0.4500000000000028,84.54,84.55,84.09,24476.206733289,0,24476.206733289,quantile,0.95,0.269999999999996,2019-10-01T09:00:18.190257102+02:00,2019-10-01T09:00:18.190257102+02:00,2019-10-01T17:29:58.552073359+02:00,30580.361816
2019-10-01 15:48:21.007401442+02:00,1569937701007401442,1,bid,0.4500000000000028,84.52,84.55,84.07,24482.81714434,0,24482.81714434,quantile,0.95,0.269999999999996,2019-10-01T09:00:18.190257102+02:00,2019-10-01T09:00:18.190257102+02:00,2019-10-01T17:29:58.552073359+02:00,30580.361816
2019-10-01 15:48:26.025242922+02:00,1569937706025242922,1,bid,0.269999999999996,84.52,84.53,84.25,24487.83498582,0,24487.83498582,quantile,0.95,0.269999999999996,2019-10-01T09:00:18.190257102+02:00,2019-10-01T09:00:18.190257102+02:00,2019-10-01T17:29:58.552073359+02:00,30580.361816
2019-10-01 15:48:34.411961759+02:00,1569937714411961759,1,bid,0.4300000000000068,84.53,84.55,84.1,24496.221704657,0,24496.221704657,quantile,0.95,0.269999999999996,2019-10-01T09:00:18.190257102+02:00,2019-10-01T09:00:18.190257102+02:00,2019-10-01T17:29:58.552073359+02:00,30580.361816
2019-10-01 15:48:34.511427253+02:00,1569937714511427253,1,bid,0.4500000000000028,84.53,84.54,84.08,24496.321170151,0,24496.321170151,quantile,0.95,0.269999999999996,2019-10-01T09:00:18.190257102+02:00,2019-10-01T09:00:18.190257102+02:00,2019-10-01T17:29:58.552073359+02:00,30580.361816
2019-10-01 15:48:51.008144804+02:00,1569937731008144804,1,bid,0.4500000000000028,84.51,84.53,84.06,24512.817887702,0,24512.817887702,quantile,0.95,0.269999999999996,2019-10-01T09:00:18.190257102+02:00,2019-10-01T09:00:18.190257102+02:00,2019-10-01T17:29:58.552073359+02:00,30580.361816
2019-10-01 15:49:01.017890651+02:00,1569937741017890651,1,bid,0.2700000000000102,84.51,84.53,84.24,24522.827633549,0,24522.827633549,quantile,0.95,0.269999999999996,2019-10-01T09:00:18.190257102+02:00,2019-10-01T09:00:18.190257102+02:00,2019-10-01T17:29:58.552073359+02:00,30580.361816
2019-10-01 15:49:28.349982748+02:00,1569937768349982748,1,bid,0.4299999999999926,84.52,84.55,84.09,24550.159725646,0,24550.159725646,quantile,0.95,0.269999999999996,2019-10-01T09:00:18.190257102+02:00,2019-10-01T09:00:18.190257102+02:00,2019-10-01T17:29:58.552073359+02:00,30580.361816
2019-10-01 15:49:32.844666137+02:00,1569937772844666137,1,bid,0.4400000000000119,84.51,84.54,84.07,24554.654409035,0,24554.654409035,quantile,0.95,0.269999999999996,2019-10-01T09:00:18.190257102+02:00,2019-10-01T09:00:18.190257102+02:00,2019-10-01T17:29:58.552073359+02:00,30580.361816
2019-10-01 15:49:48.874769274+02:00,1569937788874769274,1,bid,0.4400000000000119,84.54,84.56,84.1,24570.684512172,0,24570.684512172,quantile,0.95,0.269999999999996,2019-10-01T09:00:18.190257102+02:00,2019-10-01T09:00:18.190257102+02:00,2019-10-01T17:29:58.552073359+02:00,30580.361816
2019-10-01 15:49:49.832009691+02:00,1569937789832009691,1,bid,0.4500000000000028,84.53,84.55,84.08,24571.641752589,0,24571.641752589,quantile,0.95,0.269999999999996,2019-10-01T09:00:18.190257102+02:00,2019-10-01T09:00:18.190257102+02:00,2019-10-01T17:29:58.552073359+02:00,30580.361816
2019-10-01 15:49:54.096574195+02:00,1569937794096574195,1,bid,0.4599999999999937,84.52,84.53,84.06,24575.906317093,0,24575.906317093,quantile,0.95,0.269999999999996,2019-10-01T09:00:18.190257102+02:00,2019-10-01T09:00:18.190257102+02:00,2019-10-01T17:29:58.552073359+02:00,30580.361816
2019-10-01 15:49:56.329353539+02:00,1569937796329353539,1,bid,0.4499999999999886,84.49,84.51,84.04,24578.139096437,0,24578.139096437,quantile,0.95,0.269999999999996,2019-10-01T09:00:18.190257102+02:00,2019-10-01T09:00:18.190257102+02:00,2019-10-01T17:29:58.552073359+02:00,30580.361816
2019-10-01 15:50:05.013628126+02:00,1569937805013628126,1,bid,0.4400000000000119,84.51,84.52,84.07,24586.823371024,0,24586.823371024,quantile,0.95,0.269999999999996,2019-10-01T09:00:18.190257102+02:00,2019-10-01T09:00:18.190257102+02:00,2019-10-01T17:29:58.552073359+02:00,30580.361816
2019-10-01 15:50:06.081338068+02:00,1569937806081338068,1,bid,0.4399999999999977,84.49,84.51,84.05,24587.891080966,0,24587.891080966,quantile,0.95,0.269999999999996,2019-10-01T09:00:18.190257102+02:00,2019-10-01T09:00:18.190257102+02:00,2019-10-01T17:29:58.552073359+02:00,30580.361816
2019-10-01 15:50:08.900577507+02:00,1569937808900577507,1,bid,0.269999999999996,84.49,84.51,84.22,24590.710320405,0,24590.710320405,quantile,0.95,0.269999999999996,2019-10-01T09:00:18.190257102+02:00,2019-10-01T09:00:18.190257102+02:00,2019-10-01T17:29:58.552073359+02:00,30580.361816
2019-10-01 15:50:14.858284341+02:00,1569937814858284341,1,bid,0.4500000000000028,84.53,84.54,84.08,24596.668027239,0,24596.668027239,quantile,0.95,0.269999999999996,2019-10-01T09:00:18.190257102+02:00,2019-10-01T09:00:18.190257102+02:00,2019-10-01T17:29:58.552073359+02:00,30580.361816
2019-10-01 15:50:34.015672969+02:00,1569937834015672969,1,bid,0.4500000000000028,84.51,84.52,84.06,24615.825415867,0,24615.825415867,quantile,0.95,0.269999999999996,2019-10-01T09:00:18.190257102+02:00,2019-10-01T09:00:18.190257102+02:00,2019-10-01T17:29:58.552073359+02:00,30580.361816
2019-10-01 15:50:40.056646354+02:00,1569937840056646354,1,bid,0.4499999999999886,84.49,84.51,84.04,24621.866389252,0,24621.866389252,quantile,0.95,0.269999999999996,2019-10-01T09:00:18.190257102+02:00,2019-10-01T09:00:18.190257102+02:00,2019-10-01T17:29:58.552073359+02:00,30580.361816
2019-10-01 15:50:53.013080676+02:00,1569937853013080676,1,bid,0.4400000000000119,84.51,84.52,84.07,24634.822823574,0,24634.822823574,quantile,0.95,0.269999999999996,2019-10-01T09:00:18.190257102+02:00,2019-10-01T09:00:18.190257102+02:00,2019-10-01T17:29:58.552073359+02:00,30580.361816
2019-10-01 15:51:03.014597378+02:00,1569937863014597378,1,bid,0.269999999999996,84.52,84.54,84.25,24644.824340276,0,24644.824340276,quantile,0.95,0.269999999999996,2019-10-01T09:00:18.190257102+02:00,2019-10-01T09:00:18.190257102+02:00,2019-10-01T17:29:58.552073359+02:00,30580.361816
2019-10-01 15:51:21.224060703+02:00,1569937881224060703,1,bid,0.4400000000000119,84.54,84.55,84.1,24663.033803601,0,24663.033803601,quantile,0.95,0.269999999999996,2019-10-01T09:00:18.190257102+02:00,2019-10-01T09:00:18.190257102+02:00,2019-10-01T17:29:58.552073359+02:00,30580.361816
2019-10-01 15:51:26.047063101+02:00,1569937886047063101,1,bid,0.2700000000000102,84.54,84.56,84.27,24667.856805999,0,24667.856805999,quantile,0.95,0.269999999999996,2019-10-01T09:00:18.190257102+02:00,2019-10-01T09:00:18.190257102+02:00,2019-10-01T17:29:58.552073359+02:00,30580.361816
2019-10-01 15:51:38.310171689+02:00,1569937898310171689,1,bid,0.4399999999999977,84.57,84.58,84.13,24680.119914587,0,24680.119914587,quantile,0.95,0.269999999999996,2019-10-01T09:00:18.190257102+02:00,2019-10-01T09:00:18.190257102+02:00,2019-10-01T17:29:58.552073359+02:00,30580.361816
2019-10-01 15:51:48.300398873+02:00,1569937908300398873,1,bid,0.269999999999996,84.57,84.59,84.3,24690.110141771,0,24690.110141771,quantile,0.95,0.269999999999996,2019-10-01T09:00:18.190257102+02:00,2019-10-01T09:00:18.190257102+02:00,2019-10-01T17:29:58.552073359+02:00,30580.361816
2019-10-01 15:52:00.003431702+02:00,1569937920003431702,1,bid,0.5999999999999943,84.6,84.61,84.0,24701.8131746,0,24701.8131746,quantile,0.95,0.269999999999996,2019-10-01T09:00:18.190257102+02:00,2019-10-01T09:00:18.190257102+02:00,2019-10-01T17:29:58.552073359+02:00,30580.361816
2019-10-01 15:52:00.003466240+02:00,1569937920003466240,1,bid,0.4399999999999977,84.6,84.61,84.16,24701.813209138,0,24701.813209138,quantile,0.95,0.269999999999996,2019-10-01T09:00:18.190257102+02:00,2019-10-01T09:00:18.190257102+02:00,2019-10-01T17:29:58.552073359+02:00,30580.361816
2019-10-01 15:52:06.549924239+02:00,1569937926549924239,1,bid,0.4500000000000028,84.59,84.61,84.14,24708.359667137,0,24708.359667137,quantile,0.95,0.269999999999996,2019-10-01T09:00:18.190257102+02:00,2019-10-01T09:00:18.190257102+02:00,2019-10-01T17:29:58.552073359+02:00,30580.361816
2019-10-01 15:52:08.304470646+02:00,1569937928304470646,1,bid,0.2700000000000102,84.59,84.61,84.32,24710.114213544,0,24710.114213544,quantile,0.95,0.269999999999996,2019-10-01T09:00:18.190257102+02:00,2019-10-01T09:00:18.190257102+02:00,2019-10-01T17:29:58.552073359+02:00,30580.361816
2019-10-01 15:52:25.224174654+02:00,1569937945224174654,1,bid,0.4399999999999977,84.56,84.58,84.12,24727.033917552,0,24727.033917552,quantile,0.95,0.269999999999996,2019-10-01T09:00:18.190257102+02:00,2019-10-01T09:00:18.190257102+02:00,2019-10-01T17:29:58.552073359+02:00,30580.361816
2019-10-01 15:52:32.239924286+02:00,1569937952239924286,1,bid,0.269999999999996,84.58,84.59,84.31,24734.049667184,0,24734.049667184,quantile,0.95,0.269999999999996,2019-10-01T09:00:18.190257102+02:00,2019-10-01T09:00:18.190257102+02:00,2019-10-01T17:29:58.552073359+02:00,30580.361816
2019-10-01 15:52:48.614354695+02:00,1569937968614354695,1,bid,0.4299999999999926,84.58,84.6,84.15,24750.424097593,0,24750.424097593,quantile,0.95,0.269999999999996,2019-10-01T09:00:18.190257102+02:00,2019-10-01T09:00:18.190257102+02:00,2019-10-01T17:29:58.552073359+02:00,30580.361816
2019-10-01 15:53:06.840138115+02:00,1569937986840138115,1,bid,0.4399999999999977,84.57,84.59,84.13,24768.649881013,0,24768.649881013,quantile,0.95,0.269999999999996,2019-10-01T09:00:18.190257102+02:00,2019-10-01T09:00:18.190257102+02:00,2019-10-01T17:29:58.552073359+02:00,30580.361816
2019-10-01 15:53:37.722913811+02:00,1569938017722913811,1,bid,0.269999999999996,84.57,84.59,84.3,24799.532656709,0,24799.532656709,quantile,0.95,0.269999999999996,2019-10-01T09:00:18.190257102+02:00,2019-10-01T09:00:18.190257102+02:00,2019-10-01T17:29:58.552073359+02:00,30580.361816
2019-10-01 15:53:49.382630008+02:00,1569938029382630008,1,bid,0.4300000000000068,84.59,84.61,84.16,24811.192372906,0,24811.192372906,quantile,0.95,0.269999999999996,2019-10-01T09:00:18.190257102+02:00,2019-10-01T09:00:18.190257102+02:00,2019-10-01T17:29:58.552073359+02:00,30580.361816
2019-10-01 15:53:49.389976723+02:00,1569938029389976723,1,bid,0.4399999999999977,84.58,84.6,84.14,24811.199719621,0,24811.199719621,quantile,0.95,0.269999999999996,2019-10-01T09:00:18.190257102+02:00,2019-10-01T09:00:18.190257102+02:00,2019-10-01T17:29:58.552073359+02:00,30580.361816
2019-10-01 15:54:03.781301385+02:00,1569938043781301385,1,bid,0.4399999999999977,84.56,84.58,84.12,24825.591044283,0,24825.591044283,quantile,0.95,0.269999999999996,2019-10-01T09:00:18.190257102+02:00,2019-10-01T09:00:18.190257102+02:00,2019-10-01T17:29:58.552073359+02:00,30580.361816
2019-10-01 15:54:08.058546217+02:00,1569938048058546217,1,bid,0.4500000000000028,84.55,84.57,84.1,24829.868289115,0,24829.868289115,quantile,0.95,0.269999999999996,2019-10-01T09:00:18.190257102+02:00,2019-10-01T09:00:18.190257102+02:00,2019-10-01T17:29:58.552073359+02:00,30580.361816
2019-10-01 15:54:14.077089494+02:00,1569938054077089494,1,bid,0.4300000000000068,84.56,84.58,84.13,24835.886832392,0,24835.886832392,quantile,0.95,0.269999999999996,2019-10-01T09:00:18.190257102+02:00,2019-10-01T09:00:18.190257102+02:00,2019-10-01T17:29:58.552073359+02:00,30580.361816
2019-10-01 15:54:38.981264793+02:00,1569938078981264793,1,bid,0.4399999999999977,84.55,84.58,84.11,24860.791007691,0,24860.791007691,quantile,0.95,0.269999999999996,2019-10-01T09:00:18.190257102+02:00,2019-10-01T09:00:18.190257102+02:00,2019-10-01T17:29:58.552073359+02:00,30580.361816
2019-10-01 15:54:59.434755605+02:00,1569938099434755605,1,bid,0.2700000000000102,84.54,84.55,84.27,24881.244498503,0,24881.244498503,quantile,0.95,0.269999999999996,2019-10-01T09:00:18.190257102+02:00,2019-10-01T09:00:18.190257102+02:00,2019-10-01T17:29:58.552073359+02:00,30580.361816
2019-10-01 15:54:59.454670329+02:00,1569938099454670329,1,bid,0.4500000000000028,84.53,84.55,84.08,24881.264413227,0,24881.264413227,quantile,0.95,0.269999999999996,2019-10-01T09:00:18.190257102+02:00,2019-10-01T09:00:18.190257102+02:00,2019-10-01T17:29:58.552073359+02:00,30580.361816
2019-10-01 15:55:13.026891631+02:00,1569938113026891631,1,bid,0.4300000000000068,84.54,84.56,84.11,24894.836634529,0,24894.836634529,quantile,0.95,0.269999999999996,2019-10-01T09:00:18.190257102+02:00,2019-10-01T09:00:18.190257102+02:00,2019-10-01T17:29:58.552073359+02:00,30580.361816
2019-10-01 15:55:28.104807268+02:00,1569938128104807268,1,bid,0.4399999999999977,84.52,84.54,84.08,24909.914550166,0,24909.914550166,quantile,0.95,0.269999999999996,2019-10-01T09:00:18.190257102+02:00,2019-10-01T09:00:18.190257102+02:00,2019-10-01T17:29:58.552073359+02:00,30580.361816
2019-10-01 15:55:31.626777679+02:00,1569938131626777679,1,bid,0.2900000000000062,84.51,84.53,84.22,24913.436520577,0,24913.436520577,quantile,0.95,0.269999999999996,2019-10-01T09:00:18.190257102+02:00,2019-10-01T09:00:18.190257102+02:00,2019-10-01T17:29:58.552073359+02:00,30580.361816
2019-10-01 15:55:38.109409317+02:00,1569938138109409317,1,bid,0.269999999999996,84.53,84.55,84.26,24919.919152215,0,24919.919152215,quantile,0.95,0.269999999999996,2019-10-01T09:00:18.190257102+02:00,2019-10-01T09:00:18.190257102+02:00,2019-10-01T17:29:58.552073359+02:00,30580.361816
2019-10-01 15:56:08.148675358+02:00,1569938168148675358,1,bid,0.2700000000000102,84.51,84.53,84.24,24949.958418256,0,24949.958418256,quantile,0.95,0.269999999999996,2019-10-01T09:00:18.190257102+02:00,2019-10-01T09:00:18.190257102+02:00,2019-10-01T17:29:58.552073359+02:00,30580.361816
2019-10-01 15:56:10.872195092+02:00,1569938170872195092,1,bid,0.4500000000000028,84.51,84.52,84.06,24952.68193799,0,24952.68193799,quantile,0.95,0.269999999999996,2019-10-01T09:00:18.190257102+02:00,2019-10-01T09:00:18.190257102+02:00,2019-10-01T17:29:58.552073359+02:00,30580.361816
2019-10-01 15:56:25.051199893+02:00,1569938185051199893,1,bid,0.4299999999999926,84.52,84.53,84.09,24966.860942791,0,24966.860942791,quantile,0.95,0.269999999999996,2019-10-01T09:00:18.190257102+02:00,2019-10-01T09:00:18.190257102+02:00,2019-10-01T17:29:58.552073359+02:00,30580.361816
2019-10-01 15:56:31.232012731+02:00,1569938191232012731,1,bid,0.4500000000000028,84.52,84.54,84.07,24973.041755629,0,24973.041755629,quantile,0.95,0.269999999999996,2019-10-01T09:00:18.190257102+02:00,2019-10-01T09:00:18.190257102+02:00,2019-10-01T17:29:58.552073359+02:00,30580.361816
2019-10-01 15:56:51.086626252+02:00,1569938211086626252,1,bid,0.4300000000000068,84.53,84.55,84.1,24992.89636915,0,24992.89636915,quantile,0.95,0.269999999999996,2019-10-01T09:00:18.190257102+02:00,2019-10-01T09:00:18.190257102+02:00,2019-10-01T17:29:58.552073359+02:00,30580.361816
2019-10-01 15:56:54.099853800+02:00,1569938214099853800,1,bid,0.4500000000000028,84.52,84.54,84.07,24995.909596698,0,24995.909596698,quantile,0.95,0.269999999999996,2019-10-01T09:00:18.190257102+02:00,2019-10-01T09:00:18.190257102+02:00,2019-10-01T17:29:58.552073359+02:00,30580.361816
2019-10-01 15:57:07.870891954+02:00,1569938227870891954,1,bid,0.5900000000000034,84.53,84.54,83.94,25009.680634852,0,25009.680634852,quantile,0.95,0.269999999999996,2019-10-01T09:00:18.190257102+02:00,2019-10-01T09:00:18.190257102+02:00,2019-10-01T17:29:58.552073359+02:00,30580.361816
2019-10-01 15:57:12.174294370+02:00,1569938232174294370,1,bid,0.269999999999996,84.53,84.55,84.26,25013.984037268,0,25013.984037268,quantile,0.95,0.269999999999996,2019-10-01T09:00:18.190257102+02:00,2019-10-01T09:00:18.190257102+02:00,2019-10-01T17:29:58.552073359+02:00,30580.361816
2019-10-01 15:57:16.030289907+02:00,1569938236030289907,1,bid,0.4399999999999977,84.55,84.56,84.11,25017.840032805,0,25017.840032805,quantile,0.95,0.269999999999996,2019-10-01T09:00:18.190257102+02:00,2019-10-01T09:00:18.190257102+02:00,2019-10-01T17:29:58.552073359+02:00,30580.361816
2019-10-01 15:58:02.196024608+02:00,1569938282196024608,1,bid,0.269999999999996,84.55,84.57,84.28,25064.005767506,0,25064.005767506,quantile,0.95,0.269999999999996,2019-10-01T09:00:18.190257102+02:00,2019-10-01T09:00:18.190257102+02:00,2019-10-01T17:29:58.552073359+02:00,30580.361816
2019-10-01 15:58:25.709275928+02:00,1569938305709275928,1,bid,0.4500000000000028,84.54,84.56,84.09,25087.519018826,0,25087.519018826,quantile,0.95,0.269999999999996,2019-10-01T09:00:18.190257102+02:00,2019-10-01T09:00:18.190257102+02:00,2019-10-01T17:29:58.552073359+02:00,30580.361816
2019-10-01 15:58:33.024864656+02:00,1569938313024864656,1,bid,0.4399999999999977,84.56,84.57,84.12,25094.834607554,0,25094.834607554,quantile,0.95,0.269999999999996,2019-10-01T09:00:18.190257102+02:00,2019-10-01T09:00:18.190257102+02:00,2019-10-01T17:29:58.552073359+02:00,30580.361816
2019-10-01 15:58:56.600264827+02:00,1569938336600264827,1,bid,0.4600000000000079,84.56,84.57,84.1,25118.410007725,0,25118.410007725,quantile,0.95,0.269999999999996,2019-10-01T09:00:18.190257102+02:00,2019-10-01T09:00:18.190257102+02:00,2019-10-01T17:29:58.552073359+02:00,30580.361816
2019-10-01 15:59:23.051266425+02:00,1569938363051266425,1,bid,0.2700000000000102,84.54,84.56,84.27,25144.861009323,0,25144.861009323,quantile,0.95,0.269999999999996,2019-10-01T09:00:18.190257102+02:00,2019-10-01T09:00:18.190257102+02:00,2019-10-01T17:29:58.552073359+02:00,30580.361816
2019-10-01 15:59:38.449260398+02:00,1569938378449260398,1,bid,0.4399999999999977,84.52,84.53,84.08,25160.259003296,0,25160.259003296,quantile,0.95,0.269999999999996,2019-10-01T09:00:18.190257102+02:00,2019-10-01T09:00:18.190257102+02:00,2019-10-01T17:29:58.552073359+02:00,30580.361816
2019-10-01 15:59:38.458789019+02:00,1569938378458789019,1,bid,0.4500000000000028,84.51,84.53,84.06,25160.268531917,0,25160.268531917,quantile,0.95,0.269999999999996,2019-10-01T09:00:18.190257102+02:00,2019-10-01T09:00:18.190257102+02:00,2019-10-01T17:29:58.552073359+02:00,30580.361816
2019-10-01 15:59:38.781554678+02:00,1569938378781554678,1,bid,0.4499999999999886,84.49,84.5,84.04,25160.591297576,0,25160.591297576,quantile,0.95,0.269999999999996,2019-10-01T09:00:18.190257102+02:00,2019-10-01T09:00:18.190257102+02:00,2019-10-01T17:29:58.552073359+02:00,30580.361816
2019-10-01 15:59:58.458298850+02:00,1569938398458298850,1,bid,0.269999999999996,84.49,84.51,84.22,25180.268041748,0,25180.268041748,quantile,0.95,0.269999999999996,2019-10-01T09:00:18.190257102+02:00,2019-10-01T09:00:18.190257102+02:00,2019-10-01T17:29:58.552073359+02:00,30580.361816
2019-10-01 16:00:00.034769930+02:00,1569938400034769930,1,bid,0.4299999999999926,84.38,84.44,83.95,25181.844512828,0,25181.844512828,quantile,0.95,0.269999999999996,2019-10-01T09:00:18.190257102+02:00,2019-10-01T09:00:18.190257102+02:00,2019-10-01T17:29:58.552073359+02:00,30580.361816
2019-10-01 16:00:00.115425209+02:00,1569938400115425209,1,bid,0.4399999999999977,84.35,84.41,83.91,25181.925168107,0,25181.925168107,quantile,0.95,0.269999999999996,2019-10-01T09:00:18.190257102+02:00,2019-10-01T09:00:18.190257102+02:00,2019-10-01T17:29:58.552073359+02:00,30580.361816
2019-10-01 16:00:00.349288085+02:00,1569938400349288085,1,bid,0.4200000000000017,84.3,84.36,83.88,25182.159030983,0,25182.159030983,quantile,0.95,0.269999999999996,2019-10-01T09:00:18.190257102+02:00,2019-10-01T09:00:18.190257102+02:00,2019-10-01T17:29:58.552073359+02:00,30580.361816
2019-10-01 16:00:02.010159131+02:00,1569938402010159131,1,bid,0.5,84.28,84.35,83.78,25183.819902029,0,25183.819902029,quantile,0.95,0.269999999999996,2019-10-01T09:00:18.190257102+02:00,2019-10-01T09:00:18.190257102+02:00,2019-10-01T17:29:58.552073359+02:00,30580.361816
2019-10-01 16:00:02.678128399+02:00,1569938402678128399,1,bid,0.4500000000000028,84.28,84.35,83.83,25184.487871297,0,25184.487871297,quantile,0.95,0.269999999999996,2019-10-01T09:00:18.190257102+02:00,2019-10-01T09:00:18.190257102+02:00,2019-10-01T17:29:58.552073359+02:00,30580.361816
2019-10-01 16:00:04.626974113+02:00,1569938404626974113,1,bid,0.4500000000000028,84.29,84.36,83.84,25186.436717011,0,25186.436717011,quantile,0.95,0.269999999999996,2019-10-01T09:00:18.190257102+02:00,2019-10-01T09:00:18.190257102+02:00,2019-10-01T17:29:58.552073359+02:00,30580.361816
2019-10-01 16:00:08.277152558+02:00,1569938408277152558,1,bid,0.4399999999999977,84.31,84.37,83.87,25190.086895456,0,25190.086895456,quantile,0.95,0.269999999999996,2019-10-01T09:00:18.190257102+02:00,2019-10-01T09:00:18.190257102+02:00,2019-10-01T17:29:58.552073359+02:00,30580.361816
2019-10-01 16:00:12.095569367+02:00,1569938412095569367,1,bid,4.329999999999998,84.33,84.37,80.0,25193.905312265,0,25193.905312265,quantile,0.95,0.269999999999996,2019-10-01T09:00:18.190257102+02:00,2019-10-01T09:00:18.190257102+02:00,2019-10-01T17:29:58.552073359+02:00,30580.361816
2019-10-01 16:00:12.493363553+02:00,1569938412493363553,1,bid,0.4299999999999926,84.33,84.37,83.9,25194.303106451,0,25194.303106451,quantile,0.95,0.269999999999996,2019-10-01T09:00:18.190257102+02:00,2019-10-01T09:00:18.190257102+02:00,2019-10-01T17:29:58.552073359+02:00,30580.361816
2019-10-01 16:00:16.781298819+02:00,1569938416781298819,1,bid,0.4399999999999977,84.37,84.41,83.93,25198.591041717,0,25198.591041717,quantile,0.95,0.269999999999996,2019-10-01T09:00:18.190257102+02:00,2019-10-01T09:00:18.190257102+02:00,2019-10-01T17:29:58.552073359+02:00,30580.361816
2019-10-01 16:00:27.383995570+02:00,1569938427383995570,1,bid,0.4599999999999937,84.35,84.36,83.89,25209.193738468,0,25209.193738468,quantile,0.95,0.269999999999996,2019-10-01T09:00:18.190257102+02:00,2019-10-01T09:00:18.190257102+02:00,2019-10-01T17:29:58.552073359+02:00,30580.361816
2019-10-01 16:00:30.055676774+02:00,1569938430055676774,1,bid,0.2900000000000062,84.31,84.35,84.02,25211.865419672,0,25211.865419672,quantile,0.95,0.269999999999996,2019-10-01T09:00:18.190257102+02:00,2019-10-01T09:00:18.190257102+02:00,2019-10-01T17:29:58.552073359+02:00,30580.361816
2019-10-01 16:00:38.152598421+02:00,1569938438152598421,1,bid,0.4500000000000028,84.37,84.41,83.92,25219.962341319,0,25219.962341319,quantile,0.95,0.269999999999996,2019-10-01T09:00:18.190257102+02:00,2019-10-01T09:00:18.190257102+02:00,2019-10-01T17:29:58.552073359+02:00,30580.361816
2019-10-01 16:00:40.415950291+02:00,1569938440415950291,1,bid,0.4399999999999977,84.39,84.41,83.95,25222.225693189,0,25222.225693189,quantile,0.95,0.269999999999996,2019-10-01T09:00:18.190257102+02:00,2019-10-01T09:00:18.190257102+02:00,2019-10-01T17:29:58.552073359+02:00,30580.361816
2019-10-01 16:00:46.637931644+02:00,1569938446637931644,1,bid,0.4500000000000028,84.36,84.4,83.91,25228.447674542,0,25228.447674542,quantile,0.95,0.269999999999996,2019-10-01T09:00:18.190257102+02:00,2019-10-01T09:00:18.190257102+02:00,2019-10-01T17:29:58.552073359+02:00,30580.361816
2019-10-01 16:00:51.626643933+02:00,1569938451626643933,1,bid,0.4499999999999886,84.38,84.41,83.93,25233.436386831,0,25233.436386831,quantile,0.95,0.269999999999996,2019-10-01T09:00:18.190257102+02:00,2019-10-01T09:00:18.190257102+02:00,2019-10-01T17:29:58.552073359+02:00,30580.361816
2019-10-01 16:00:51.670558197+02:00,1569938451670558197,1,bid,0.4699999999999988,84.37,84.4,83.9,25233.480301095,0,25233.480301095,quantile,0.95,0.269999999999996,2019-10-01T09:00:18.190257102+02:00,2019-10-01T09:00:18.190257102+02:00,2019-10-01T17:29:58.552073359+02:00,30580.361816
2019-10-01 16:00:55.012530356+02:00,1569938455012530356,1,bid,0.4399999999999977,84.37,84.4,83.93,25236.822273254,0,25236.822273254,quantile,0.95,0.269999999999996,2019-10-01T09:00:18.190257102+02:00,2019-10-01T09:00:18.190257102+02:00,2019-10-01T17:29:58.552073359+02:00,30580.361816
2019-10-01 16:00:56.795959098+02:00,1569938456795959098,1,bid,0.2700000000000102,84.37,84.4,84.1,25238.605701996,0,25238.605701996,quantile,0.95,0.269999999999996,2019-10-01T09:00:18.190257102+02:00,2019-10-01T09:00:18.190257102+02:00,2019-10-01T17:29:58.552073359+02:00,30580.361816
2019-10-01 16:01:12.817371560+02:00,1569938472817371560,1,bid,0.4499999999999886,84.35,84.38,83.9,25254.627114458,0,25254.627114458,quantile,0.95,0.269999999999996,2019-10-01T09:00:18.190257102+02:00,2019-10-01T09:00:18.190257102+02:00,2019-10-01T17:29:58.552073359+02:00,30580.361816
2019-10-01 16:01:14.006481935+02:00,1569938474006481935,1,bid,0.4399999999999977,84.37,84.39,83.93,25255.816224833,0,25255.816224833,quantile,0.95,0.269999999999996,2019-10-01T09:00:18.190257102+02:00,2019-10-01T09:00:18.190257102+02:00,2019-10-01T17:29:58.552073359+02:00,30580.361816
2019-10-01 16:01:16.037864963+02:00,1569938476037864963,1,bid,0.4400000000000119,84.4,84.42,83.96,25257.847607861,0,25257.847607861,quantile,0.95,0.269999999999996,2019-10-01T09:00:18.190257102+02:00,2019-10-01T09:00:18.190257102+02:00,2019-10-01T17:29:58.552073359+02:00,30580.361816
2019-10-01 16:01:26.819859613+02:00,1569938486819859613,1,bid,0.269999999999996,84.41,84.44,84.14,25268.629602511,0,25268.629602511,quantile,0.95,0.269999999999996,2019-10-01T09:00:18.190257102+02:00,2019-10-01T09:00:18.190257102+02:00,2019-10-01T17:29:58.552073359+02:00,30580.361816
2019-10-01 16:01:30.522522020+02:00,1569938490522522020,1,bid,0.4300000000000068,84.43,84.46,84.0,25272.332264918,0,25272.332264918,quantile,0.95,0.269999999999996,2019-10-01T09:00:18.190257102+02:00,2019-10-01T09:00:18.190257102+02:00,2019-10-01T17:29:58.552073359+02:00,30580.361816
2019-10-01 16:01:36.860637104+02:00,1569938496860637104,1,bid,0.4400000000000119,84.4,84.42,83.96,25278.670380002,0,25278.670380002,quantile,0.95,0.269999999999996,2019-10-01T09:00:18.190257102+02:00,2019-10-01T09:00:18.190257102+02:00,2019-10-01T17:29:58.552073359+02:00,30580.361816
2019-10-01 16:01:46.540212829+02:00,1569938506540212829,1,bid,0.4500000000000028,84.43,84.46,83.98,25288.349955727,0,25288.349955727,quantile,0.95,0.269999999999996,2019-10-01T09:00:18.190257102+02:00,2019-10-01T09:00:18.190257102+02:00,2019-10-01T17:29:58.552073359+02:00,30580.361816
2019-10-01 16:01:47.201020092+02:00,1569938507201020092,1,bid,0.4599999999999937,84.41,84.42,83.95,25289.01076299,0,25289.01076299,quantile,0.95,0.269999999999996,2019-10-01T09:00:18.190257102+02:00,2019-10-01T09:00:18.190257102+02:00,2019-10-01T17:29:58.552073359+02:00,30580.361816
2019-10-01 16:01:47.949672637+02:00,1569938507949672637,1,bid,0.2700000000000102,84.4,84.41,84.13,25289.759415535,0,25289.759415535,quantile,0.95,0.269999999999996,2019-10-01T09:00:18.190257102+02:00,2019-10-01T09:00:18.190257102+02:00,2019-10-01T17:29:58.552073359+02:00,30580.361816
2019-10-01 16:01:52.664089313+02:00,1569938512664089313,1,bid,0.4399999999999977,84.42,84.44,83.98,25294.473832211,0,25294.473832211,quantile,0.95,0.269999999999996,2019-10-01T09:00:18.190257102+02:00,2019-10-01T09:00:18.190257102+02:00,2019-10-01T17:29:58.552073359+02:00,30580.361816
2019-10-01 16:02:00.685765101+02:00,1569938520685765101,1,bid,0.6000000000000085,84.43,84.45,83.83,25302.495507999,0,25302.495507999,quantile,0.95,0.269999999999996,2019-10-01T09:00:18.190257102+02:00,2019-10-01T09:00:18.190257102+02:00,2019-10-01T17:29:58.552073359+02:00,30580.361816
2019-10-01 16:02:01.960151928+02:00,1569938521960151928,1,bid,0.5900000000000034,84.43,84.46,83.84,25303.769894826,0,25303.769894826,quantile,0.95,0.269999999999996,2019-10-01T09:00:18.190257102+02:00,2019-10-01T09:00:18.190257102+02:00,2019-10-01T17:29:58.552073359+02:00,30580.361816
2019-10-01 16:02:07.231294895+02:00,1569938527231294895,1,bid,0.8200000000000074,84.42,84.44,83.6,25309.041037793,0,25309.041037793,quantile,0.95,0.269999999999996,2019-10-01T09:00:18.190257102+02:00,2019-10-01T09:00:18.190257102+02:00,2019-10-01T17:29:58.552073359+02:00,30580.361816
2019-10-01 16:02:17.419634979+02:00,1569938537419634979,1,bid,0.4599999999999937,84.41,84.43,83.95,25319.229377877,0,25319.229377877,quantile,0.95,0.269999999999996,2019-10-01T09:00:18.190257102+02:00,2019-10-01T09:00:18.190257102+02:00,2019-10-01T17:29:58.552073359+02:00,30580.361816
2019-10-01 16:02:19.475692959+02:00,1569938539475692959,1,bid,0.269999999999996,84.42,84.43,84.15,25321.285435857,0,25321.285435857,quantile,0.95,0.269999999999996,2019-10-01T09:00:18.190257102+02:00,2019-10-01T09:00:18.190257102+02:00,2019-10-01T17:29:58.552073359+02:00,30580.361816
2019-10-01 16:02:20.051752991+02:00,1569938540051752991,1,bid,0.4399999999999977,84.42,84.43,83.98,25321.861495889,0,25321.861495889,quantile,0.95,0.269999999999996,2019-10-01T09:00:18.190257102+02:00,2019-10-01T09:00:18.190257102+02:00,2019-10-01T17:29:58.552073359+02:00,30580.361816
2019-10-01 16:02:23.994259658+02:00,1569938543994259658,1,bid,0.4600000000000079,84.4,84.41,83.94,25325.804002556,0,25325.804002556,quantile,0.95,0.269999999999996,2019-10-01T09:00:18.190257102+02:00,2019-10-01T09:00:18.190257102+02:00,2019-10-01T17:29:58.552073359+02:00,30580.361816
2019-10-01 16:02:26.204720965+02:00,1569938546204720965,1,bid,0.4500000000000028,84.41,84.43,83.96,25328.014463863,0,25328.014463863,quantile,0.95,0.269999999999996,2019-10-01T09:00:18.190257102+02:00,2019-10-01T09:00:18.190257102+02:00,2019-10-01T17:29:58.552073359+02:00,30580.361816
2019-10-01 16:02:29.499246981+02:00,1569938549499246981,1,bid,0.269999999999996,84.41,84.44,84.14,25331.308989879,0,25331.308989879,quantile,0.95,0.269999999999996,2019-10-01T09:00:18.190257102+02:00,2019-10-01T09:00:18.190257102+02:00,2019-10-01T17:29:58.552073359+02:00,30580.361816
2019-10-01 16:03:03.296212081+02:00,1569938583296212081,1,bid,0.269999999999996,84.38,84.4,84.11,25365.105954979,0,25365.105954979,quantile,0.95,0.269999999999996,2019-10-01T09:00:18.190257102+02:00,2019-10-01T09:00:18.190257102+02:00,2019-10-01T17:29:58.552073359+02:00,30580.361816
2019-10-01 16:03:06.713383086+02:00,1569938586713383086,1,bid,1.0,84.39,84.42,83.39,25368.523125984,0,25368.523125984,quantile,0.95,0.269999999999996,2019-10-01T09:00:18.190257102+02:00,2019-10-01T09:00:18.190257102+02:00,2019-10-01T17:29:58.552073359+02:00,30580.361816
2019-10-01 16:03:14.535458314+02:00,1569938594535458314,1,bid,0.4299999999999926,84.36,84.38,83.93,25376.345201212,0,25376.345201212,quantile,0.95,0.269999999999996,2019-10-01T09:00:18.190257102+02:00,2019-10-01T09:00:18.190257102+02:00,2019-10-01T17:29:58.552073359+02:00,30580.361816
2019-10-01 16:03:16.812887499+02:00,1569938596812887499,1,bid,1.0,84.36,84.38,83.36,25378.622630397,0,25378.622630397,quantile,0.95,0.269999999999996,2019-10-01T09:00:18.190257102+02:00,2019-10-01T09:00:18.190257102+02:00,2019-10-01T17:29:58.552073359+02:00,30580.361816
2019-10-01 16:03:22.475875860+02:00,1569938602475875860,1,bid,0.4399999999999977,84.34,84.36,83.9,25384.285618758,0,25384.285618758,quantile,0.95,0.269999999999996,2019-10-01T09:00:18.190257102+02:00,2019-10-01T09:00:18.190257102+02:00,2019-10-01T17:29:58.552073359+02:00,30580.361816
2019-10-01 16:03:23.888468702+02:00,1569938603888468702,1,bid,0.4200000000000017,84.34,84.36,83.92,25385.6982116,0,25385.6982116,quantile,0.95,0.269999999999996,2019-10-01T09:00:18.190257102+02:00,2019-10-01T09:00:18.190257102+02:00,2019-10-01T17:29:58.552073359+02:00,30580.361816
2019-10-01 16:03:33.299925441+02:00,1569938613299925441,1,bid,0.2700000000000102,84.34,84.36,84.07,25395.109668339,0,25395.109668339,quantile,0.95,0.269999999999996,2019-10-01T09:00:18.190257102+02:00,2019-10-01T09:00:18.190257102+02:00,2019-10-01T17:29:58.552073359+02:00,30580.361816
2019-10-01 16:03:34.684523152+02:00,1569938614684523152,1,bid,0.5999999999999943,84.32,84.34,83.72,25396.49426605,0,25396.49426605,quantile,0.95,0.269999999999996,2019-10-01T09:00:18.190257102+02:00,2019-10-01T09:00:18.190257102+02:00,2019-10-01T17:29:58.552073359+02:00,30580.361816
2019-10-01 16:03:34.686468293+02:00,1569938614686468293,1,bid,0.4499999999999886,84.32,84.33,83.87,25396.496211191,0,25396.496211191,quantile,0.95,0.269999999999996,2019-10-01T09:00:18.190257102+02:00,2019-10-01T09:00:18.190257102+02:00,2019-10-01T17:29:58.552073359+02:00,30580.361816
2019-10-01 16:03:34.888467560+02:00,1569938614888467560,1,bid,0.4000000000000057,84.31,84.33,83.91,25396.698210458,0,25396.698210458,quantile,0.95,0.269999999999996,2019-10-01T09:00:18.190257102+02:00,2019-10-01T09:00:18.190257102+02:00,2019-10-01T17:29:58.552073359+02:00,30580.361816
2019-10-01 16:03:35.888468570+02:00,1569938615888468570,1,bid,0.4099999999999966,84.31,84.33,83.9,25397.698211468,0,25397.698211468,quantile,0.95,0.269999999999996,2019-10-01T09:00:18.190257102+02:00,2019-10-01T09:00:18.190257102+02:00,2019-10-01T17:29:58.552073359+02:00,30580.361816
2019-10-01 16:03:42.888470332+02:00,1569938622888470332,1,bid,0.4099999999999966,84.3,84.31,83.89,25404.69821323,0,25404.69821323,quantile,0.95,0.269999999999996,2019-10-01T09:00:18.190257102+02:00,2019-10-01T09:00:18.190257102+02:00,2019-10-01T17:29:58.552073359+02:00,30580.361816
2019-10-01 16:03:43.454234560+02:00,1569938623454234560,1,bid,0.4399999999999977,84.28,84.29,83.84,25405.263977458,0,25405.263977458,quantile,0.95,0.269999999999996,2019-10-01T09:00:18.190257102+02:00,2019-10-01T09:00:18.190257102+02:00,2019-10-01T17:29:58.552073359+02:00,30580.361816
2019-10-01 16:03:43.888480869+02:00,1569938623888480869,1,bid,0.4000000000000057,84.28,84.3,83.88,25405.698223767,0,25405.698223767,quantile,0.95,0.269999999999996,2019-10-01T09:00:18.190257102+02:00,2019-10-01T09:00:18.190257102+02:00,2019-10-01T17:29:58.552073359+02:00,30580.361816
2019-10-01 16:03:44.888472647+02:00,1569938624888472647,1,bid,0.4099999999999966,84.28,84.3,83.87,25406.698215545,0,25406.698215545,quantile,0.95,0.269999999999996,2019-10-01T09:00:18.190257102+02:00,2019-10-01T09:00:18.190257102+02:00,2019-10-01T17:29:58.552073359+02:00,30580.361816
2019-10-01 16:03:48.525743793+02:00,1569938628525743793,1,bid,0.4400000000000119,84.26,84.28,83.82,25410.335486691,0,25410.335486691,quantile,0.95,0.269999999999996,2019-10-01T09:00:18.190257102+02:00,2019-10-01T09:00:18.190257102+02:00,2019-10-01T17:29:58.552073359+02:00,30580.361816
2019-10-01 16:03:48.685866072+02:00,1569938628685866072,1,bid,0.4100000000000108,84.26,84.28,83.85,25410.49560897,0,25410.49560897,quantile,0.95,0.269999999999996,2019-10-01T09:00:18.190257102+02:00,2019-10-01T09:00:18.190257102+02:00,2019-10-01T17:29:58.552073359+02:00,30580.361816
2019-10-01 16:03:48.686993042+02:00,1569938628686993042,1,bid,0.4400000000000119,84.26,84.28,83.82,25410.49673594,0,25410.49673594,quantile,0.95,0.269999999999996,2019-10-01T09:00:18.190257102+02:00,2019-10-01T09:00:18.190257102+02:00,2019-10-01T17:29:58.552073359+02:00,30580.361816
2019-10-01 16:03:49.888521118+02:00,1569938629888521118,1,bid,0.4000000000000057,84.26,84.28,83.86,25411.698264016,0,25411.698264016,quantile,0.95,0.269999999999996,2019-10-01T09:00:18.190257102+02:00,2019-10-01T09:00:18.190257102+02:00,2019-10-01T17:29:58.552073359+02:00,30580.361816
2019-10-01 16:03:50.888485901+02:00,1569938630888485901,1,bid,0.4100000000000108,84.26,84.28,83.85,25412.698228799,0,25412.698228799,quantile,0.95,0.269999999999996,2019-10-01T09:00:18.190257102+02:00,2019-10-01T09:00:18.190257102+02:00,2019-10-01T17:29:58.552073359+02:00,30580.361816
2019-10-01 16:03:54.519078401+02:00,1569938634519078401,1,bid,0.8299999999999983,84.26,84.27,83.43,25416.328821299,0,25416.328821299,quantile,0.95,0.269999999999996,2019-10-01T09:00:18.190257102+02:00,2019-10-01T09:00:18.190257102+02:00,2019-10-01T17:29:58.552073359+02:00,30580.361816
2019-10-01 16:03:54.888470389+02:00,1569938634888470389,1,bid,0.4099999999999966,84.25,84.26,83.84,25416.698213287,0,25416.698213287,quantile,0.95,0.269999999999996,2019-10-01T09:00:18.190257102+02:00,2019-10-01T09:00:18.190257102+02:00,2019-10-01T17:29:58.552073359+02:00,30580.361816
2019-10-01 16:03:55.285763508+02:00,1569938635285763508,1,bid,0.4399999999999977,84.24,84.26,83.8,25417.095506406,0,25417.095506406,quantile,0.95,0.269999999999996,2019-10-01T09:00:18.190257102+02:00,2019-10-01T09:00:18.190257102+02:00,2019-10-01T17:29:58.552073359+02:00,30580.361816
2019-10-01 16:03:55.888522334+02:00,1569938635888522334,1,bid,0.3900000000000005,84.22,84.25,83.83,25417.698265232,0,25417.698265232,quantile,0.95,0.269999999999996,2019-10-01T09:00:18.190257102+02:00,2019-10-01T09:00:18.190257102+02:00,2019-10-01T17:29:58.552073359+02:00,30580.361816
2019-10-01 16:03:56.627396588+02:00,1569938636627396588,1,bid,0.5999999999999943,84.21,84.23,83.61,25418.437139486,0,25418.437139486,quantile,0.95,0.269999999999996,2019-10-01T09:00:18.190257102+02:00,2019-10-01T09:00:18.190257102+02:00,2019-10-01T17:29:58.552073359+02:00,30580.361816
2019-10-01 16:03:56.888508504+02:00,1569938636888508504,1,bid,0.3900000000000005,84.21,84.23,83.82,25418.698251402,0,25418.698251402,quantile,0.95,0.269999999999996,2019-10-01T09:00:18.190257102+02:00,2019-10-01T09:00:18.190257102+02:00,2019-10-01T17:29:58.552073359+02:00,30580.361816
2019-10-01 16:03:57.888468999+02:00,1569938637888468999,1,bid,0.3999999999999915,84.21,84.23,83.81,25419.698211897,0,25419.698211897,quantile,0.95,0.269999999999996,2019-10-01T09:00:18.190257102+02:00,2019-10-01T09:00:18.190257102+02:00,2019-10-01T17:29:58.552073359+02:00,30580.361816
2019-10-01 16:04:00.230183331+02:00,1569938640230183331,1,bid,0.4499999999999886,84.21,84.23,83.76,25422.039926229,0,25422.039926229,quantile,0.95,0.269999999999996,2019-10-01T09:00:18.190257102+02:00,2019-10-01T09:00:18.190257102+02:00,2019-10-01T17:29:58.552073359+02:00,30580.361816
2019-10-01 16:04:00.888519654+02:00,1569938640888519654,1,bid,0.4099999999999966,84.21,84.22,83.8,25422.698262552,0,25422.698262552,quantile,0.95,0.269999999999996,2019-10-01T09:00:18.190257102+02:00,2019-10-01T09:00:18.190257102+02:00,2019-10-01T17:29:58.552073359+02:00,30580.361816
2019-10-01 16:04:01.888476897+02:00,1569938641888476897,1,bid,0.3999999999999915,84.19,84.21,83.79,25423.698219795,0,25423.698219795,quantile,0.95,0.269999999999996,2019-10-01T09:00:18.190257102+02:00,2019-10-01T09:00:18.190257102+02:00,2019-10-01T17:29:58.552073359+02:00,30580.361816
2019-10-01 16:04:02.350592688+02:00,1569938642350592688,1,bid,0.75,84.17,84.19,83.42,25424.160335586,0,25424.160335586,quantile,0.95,0.269999999999996,2019-10-01T09:00:18.190257102+02:00,2019-10-01T09:00:18.190257102+02:00,2019-10-01T17:29:58.552073359+02:00,30580.361816
2019-10-01 16:04:02.355452995+02:00,1569938642355452995,1,bid,0.4399999999999977,84.17,84.19,83.73,25424.165195893,0,25424.165195893,quantile,0.95,0.269999999999996,2019-10-01T09:00:18.190257102+02:00,2019-10-01T09:00:18.190257102+02:00,2019-10-01T17:29:58.552073359+02:00,30580.361816
2019-10-01 16:04:02.888486894+02:00,1569938642888486894,1,bid,0.3900000000000005,84.17,84.21,83.78,25424.698229792,0,25424.698229792,quantile,0.95,0.269999999999996,2019-10-01T09:00:18.190257102+02:00,2019-10-01T09:00:18.190257102+02:00,2019-10-01T17:29:58.552073359+02:00,30580.361816
2019-10-01 16:04:06.056905502+02:00,1569938646056905502,1,bid,0.4399999999999977,84.2,84.22,83.76,25427.8666484,0,25427.8666484,quantile,0.95,0.269999999999996,2019-10-01T09:00:18.190257102+02:00,2019-10-01T09:00:18.190257102+02:00,2019-10-01T17:29:58.552073359+02:00,30580.361816
2019-10-01 16:04:17.980851696+02:00,1569938657980851696,1,bid,0.4299999999999926,84.22,84.25,83.79,25439.790594594,0,25439.790594594,quantile,0.95,0.269999999999996,2019-10-01T09:00:18.190257102+02:00,2019-10-01T09:00:18.190257102+02:00,2019-10-01T17:29:58.552073359+02:00,30580.361816
2019-10-01 16:04:24.528711722+02:00,1569938664528711722,1,bid,0.4299999999999926,84.19,84.21,83.76,25446.33845462,0,25446.33845462,quantile,0.95,0.269999999999996,2019-10-01T09:00:18.190257102+02:00,2019-10-01T09:00:18.190257102+02:00,2019-10-01T17:29:58.552073359+02:00,30580.361816
2019-10-01 16:04:44.416010624+02:00,1569938684416010624,1,bid,6.209999999999994,84.21,84.23,78.0,25466.225753522,0,25466.225753522,quantile,0.95,0.269999999999996,2019-10-01T09:00:18.190257102+02:00,2019-10-01T09:00:18.190257102+02:00,2019-10-01T17:29:58.552073359+02:00,30580.361816
2019-10-01 16:05:05.888523448+02:00,1569938705888523448,1,bid,0.4100000000000108,84.18,84.2,83.77,25487.698266346,0,25487.698266346,quantile,0.95,0.269999999999996,2019-10-01T09:00:18.190257102+02:00,2019-10-01T09:00:18.190257102+02:00,2019-10-01T17:29:58.552073359+02:00,30580.361816
2019-10-01 16:05:11.734699332+02:00,1569938711734699332,1,bid,0.2700000000000102,84.18,84.21,83.91,25493.54444223,0,25493.54444223,quantile,0.95,0.269999999999996,2019-10-01T09:00:18.190257102+02:00,2019-10-01T09:00:18.190257102+02:00,2019-10-01T17:29:58.552073359+02:00,30580.361816
2019-10-01 16:05:15.701312909+02:00,1569938715701312909,1,bid,0.4500000000000028,84.18,84.19,83.73,25497.511055807,0,25497.511055807,quantile,0.95,0.269999999999996,2019-10-01T09:00:18.190257102+02:00,2019-10-01T09:00:18.190257102+02:00,2019-10-01T17:29:58.552073359+02:00,30580.361816
2019-10-01 16:05:20.005922487+02:00,1569938720005922487,1,bid,0.4600000000000079,84.15,84.19,83.69,25501.815665385,0,25501.815665385,quantile,0.95,0.269999999999996,2019-10-01T09:00:18.190257102+02:00,2019-10-01T09:00:18.190257102+02:00,2019-10-01T17:29:58.552073359+02:00,30580.361816
2019-10-01 16:05:20.888488728+02:00,1569938720888488728,1,bid,0.3900000000000005,84.15,84.17,83.76,25502.698231626,0,25502.698231626,quantile,0.95,0.269999999999996,2019-10-01T09:00:18.190257102+02:00,2019-10-01T09:00:18.190257102+02:00,2019-10-01T17:29:58.552073359+02:00,30580.361816
2019-10-01 16:05:21.888490124+02:00,1569938721888490124,1,bid,0.4000000000000057,84.15,84.17,83.75,25503.698233022,0,25503.698233022,quantile,0.95,0.269999999999996,2019-10-01T09:00:18.190257102+02:00,2019-10-01T09:00:18.190257102+02:00,2019-10-01T17:29:58.552073359+02:00,30580.361816
2019-10-01 16:05:22.888484585+02:00,1569938722888484585,1,bid,0.4100000000000108,84.15,84.17,83.74,25504.698227483,0,25504.698227483,quantile,0.95,0.269999999999996,2019-10-01T09:00:18.190257102+02:00,2019-10-01T09:00:18.190257102+02:00,2019-10-01T17:29:58.552073359+02:00,30580.361816
2019-10-01 16:05:23.888480159+02:00,1569938723888480159,1,bid,0.4099999999999966,84.14,84.16,83.73,25505.698223057,0,25505.698223057,quantile,0.95,0.269999999999996,2019-10-01T09:00:18.190257102+02:00,2019-10-01T09:00:18.190257102+02:00,2019-10-01T17:29:58.552073359+02:00,30580.361816
2019-10-01 16:05:30.306906618+02:00,1569938730306906618,1,bid,0.4600000000000079,84.12,84.13,83.66,25512.116649516,0,25512.116649516,quantile,0.95,0.269999999999996,2019-10-01T09:00:18.190257102+02:00,2019-10-01T09:00:18.190257102+02:00,2019-10-01T17:29:58.552073359+02:00,30580.361816
2019-10-01 16:05:31.139442209+02:00,1569938731139442209,1,bid,0.4399999999999977,84.13,84.15,83.69,25512.949185107,0,25512.949185107,quantile,0.95,0.269999999999996,2019-10-01T09:00:18.190257102+02:00,2019-10-01T09:00:18.190257102+02:00,2019-10-01T17:29:58.552073359+02:00,30580.361816
2019-10-01 16:05:31.888483920+02:00,1569938731888483920,1,bid,0.4099999999999966,84.13,84.17,83.72,25513.698226818,0,25513.698226818,quantile,0.95,0.269999999999996,2019-10-01T09:00:18.190257102+02:00,2019-10-01T09:00:18.190257102+02:00,2019-10-01T17:29:58.552073359+02:00,30580.361816
2019-10-01 16:05:34.888532981+02:00,1569938734888532981,1,bid,0.4000000000000057,84.11,84.14,83.71,25516.698275879,0,25516.698275879,quantile,0.95,0.269999999999996,2019-10-01T09:00:18.190257102+02:00,2019-10-01T09:00:18.190257102+02:00,2019-10-01T17:29:58.552073359+02:00,30580.361816
2019-10-01 16:05:58.009419575+02:00,1569938758009419575,1,bid,0.4399999999999977,84.16,84.17,83.72,25539.819162473,0,25539.819162473,quantile,0.95,0.269999999999996,2019-10-01T09:00:18.190257102+02:00,2019-10-01T09:00:18.190257102+02:00,2019-10-01T17:29:58.552073359+02:00,30580.361816
2019-10-01 16:06:12.804103714+02:00,1569938772804103714,1,bid,0.4300000000000068,84.18,84.21,83.75,25554.613846612,0,25554.613846612,quantile,0.95,0.269999999999996,2019-10-01T09:00:18.190257102+02:00,2019-10-01T09:00:18.190257102+02:00,2019-10-01T17:29:58.552073359+02:00,30580.361816
2019-10-01 16:06:21.750999631+02:00,1569938781750999631,1,bid,0.2700000000000102,84.18,84.19,83.91,25563.560742529,0,25563.560742529,quantile,0.95,0.269999999999996,2019-10-01T09:00:18.190257102+02:00,2019-10-01T09:00:18.190257102+02:00,2019-10-01T17:29:58.552073359+02:00,30580.361816
2019-10-01 16:06:23.844258264+02:00,1569938783844258264,1,bid,0.4399999999999977,84.16,84.18,83.72,25565.654001162,0,25565.654001162,quantile,0.95,0.269999999999996,2019-10-01T09:00:18.190257102+02:00,2019-10-01T09:00:18.190257102+02:00,2019-10-01T17:29:58.552073359+02:00,30580.361816
2019-10-01 16:06:36.983436020+02:00,1569938796983436020,1,bid,0.4300000000000068,84.18,84.21,83.75,25578.793178918,0,25578.793178918,quantile,0.95,0.269999999999996,2019-10-01T09:00:18.190257102+02:00,2019-10-01T09:00:18.190257102+02:00,2019-10-01T17:29:58.552073359+02:00,30580.361816
2019-10-01 16:06:41.757783824+02:00,1569938801757783824,1,bid,0.269999999999996,84.17,84.2,83.9,25583.567526722,0,25583.567526722,quantile,0.95,0.269999999999996,2019-10-01T09:00:18.190257102+02:00,2019-10-01T09:00:18.190257102+02:00,2019-10-01T17:29:58.552073359+02:00,30580.361816
2019-10-01 16:06:58.246417852+02:00,1569938818246417852,1,bid,0.269999999999996,84.16,84.19,83.89,25600.05616075,0,25600.05616075,quantile,0.95,0.269999999999996,2019-10-01T09:00:18.190257102+02:00,2019-10-01T09:00:18.190257102+02:00,2019-10-01T17:29:58.552073359+02:00,30580.361816
2019-10-01 16:06:58.246562221+02:00,1569938818246562221,1,bid,0.4500000000000028,84.16,84.19,83.71,25600.056305119,0,25600.056305119,quantile,0.95,0.269999999999996,2019-10-01T09:00:18.190257102+02:00,2019-10-01T09:00:18.190257102+02:00,2019-10-01T17:29:58.552073359+02:00,30580.361816
2019-10-01 16:07:04.052059537+02:00,1569938824052059537,1,bid,0.4399999999999977,84.12,84.15,83.68,25605.861802435,0,25605.861802435,quantile,0.95,0.269999999999996,2019-10-01T09:00:18.190257102+02:00,2019-10-01T09:00:18.190257102+02:00,2019-10-01T17:29:58.552073359+02:00,30580.361816
2019-10-01 16:07:05.888504095+02:00,1569938825888504095,1,bid,0.4099999999999966,84.11,84.12,83.7,25607.698246993,0,25607.698246993,quantile,0.95,0.269999999999996,2019-10-01T09:00:18.190257102+02:00,2019-10-01T09:00:18.190257102+02:00,2019-10-01T17:29:58.552073359+02:00,30580.361816
2019-10-01 16:07:18.249564939+02:00,1569938838249564939,1,bid,0.269999999999996,84.13,84.15,83.86,25620.059307837,0,25620.059307837,quantile,0.95,0.269999999999996,2019-10-01T09:00:18.190257102+02:00,2019-10-01T09:00:18.190257102+02:00,2019-10-01T17:29:58.552073359+02:00,30580.361816
2019-10-01 16:07:28.249853436+02:00,1569938848249853436,1,bid,0.2700000000000102,84.12,84.15,83.85,25630.059596334,0,25630.059596334,quantile,0.95,0.269999999999996,2019-10-01T09:00:18.190257102+02:00,2019-10-01T09:00:18.190257102+02:00,2019-10-01T17:29:58.552073359+02:00,30580.361816
2019-10-01 16:08:10.029309+02:00,1569938890029309000,1,bid,0.3999999999999915,84.13,84.15,83.73,25671.839051898,0,25671.839051898,quantile,0.95,0.269999999999996,2019-10-01T09:00:18.190257102+02:00,2019-10-01T09:00:18.190257102+02:00,2019-10-01T17:29:58.552073359+02:00,30580.361816
2019-10-01 16:08:21.191736464+02:00,1569938901191736464,1,bid,0.4400000000000119,84.15,84.17,83.71,25683.001479362,0,25683.001479362,quantile,0.95,0.269999999999996,2019-10-01T09:00:18.190257102+02:00,2019-10-01T09:00:18.190257102+02:00,2019-10-01T17:29:58.552073359+02:00,30580.361816
2019-10-01 16:08:53.640589103+02:00,1569938933640589103,1,bid,0.2700000000000102,84.15,84.17,83.88,25715.450332001,0,25715.450332001,quantile,0.95,0.269999999999996,2019-10-01T09:00:18.190257102+02:00,2019-10-01T09:00:18.190257102+02:00,2019-10-01T17:29:58.552073359+02:00,30580.361816
2019-10-01 16:09:00.658857976+02:00,1569938940658857976,1,bid,0.4300000000000068,84.17,84.19,83.74,25722.468600874,0,25722.468600874,quantile,0.95,0.269999999999996,2019-10-01T09:00:18.190257102+02:00,2019-10-01T09:00:18.190257102+02:00,2019-10-01T17:29:58.552073359+02:00,30580.361816
2019-10-01 16:09:23.650184104+02:00,1569938963650184104,1,bid,0.2700000000000102,84.18,84.2,83.91,25745.459927002,0,25745.459927002,quantile,0.95,0.269999999999996,2019-10-01T09:00:18.190257102+02:00,2019-10-01T09:00:18.190257102+02:00,2019-10-01T17:29:58.552073359+02:00,30580.361816
2019-10-01 16:09:33.843170534+02:00,1569938973843170534,1,bid,0.4400000000000119,84.15,84.17,83.71,25755.652913432,0,25755.652913432,quantile,0.95,0.269999999999996,2019-10-01T09:00:18.190257102+02:00,2019-10-01T09:00:18.190257102+02:00,2019-10-01T17:29:58.552073359+02:00,30580.361816
2019-10-01 16:09:54.205055801+02:00,1569938994205055801,1,bid,0.4499999999999886,84.13,84.14,83.68,25776.014798699,0,25776.014798699,quantile,0.95,0.269999999999996,2019-10-01T09:00:18.190257102+02:00,2019-10-01T09:00:18.190257102+02:00,2019-10-01T17:29:58.552073359+02:00,30580.361816
2019-10-01 16:10:02.122267628+02:00,1569939002122267628,1,bid,0.5999999999999943,84.1,84.13,83.5,25783.932010526,0,25783.932010526,quantile,0.95,0.269999999999996,2019-10-01T09:00:18.190257102+02:00,2019-10-01T09:00:18.190257102+02:00,2019-10-01T17:29:58.552073359+02:00,30580.361816
2019-10-01 16:10:02.888511234+02:00,1569939002888511234,1,bid,0.4200000000000017,84.11,84.12,83.69,25784.698254132,0,25784.698254132,quantile,0.95,0.269999999999996,2019-10-01T09:00:18.190257102+02:00,2019-10-01T09:00:18.190257102+02:00,2019-10-01T17:29:58.552073359+02:00,30580.361816
2019-10-01 16:10:04.682680395+02:00,1569939004682680395,1,bid,0.4399999999999977,84.1,84.11,83.66,25786.492423293,0,25786.492423293,quantile,0.95,0.269999999999996,2019-10-01T09:00:18.190257102+02:00,2019-10-01T09:00:18.190257102+02:00,2019-10-01T17:29:58.552073359+02:00,30580.361816
2019-10-01 16:10:04.888507151+02:00,1569939004888507151,1,bid,0.4199999999999875,84.1,84.11,83.68,25786.698250049,0,25786.698250049,quantile,0.95,0.269999999999996,2019-10-01T09:00:18.190257102+02:00,2019-10-01T09:00:18.190257102+02:00,2019-10-01T17:29:58.552073359+02:00,30580.361816
2019-10-01 16:10:11.483947435+02:00,1569939011483947435,1,bid,0.4699999999999988,84.1,84.11,83.63,25793.293690333,0,25793.293690333,quantile,0.95,0.269999999999996,2019-10-01T09:00:18.190257102+02:00,2019-10-01T09:00:18.190257102+02:00,2019-10-01T17:29:58.552073359+02:00,30580.361816
2019-10-01 16:10:11.485101843+02:00,1569939011485101843,1,bid,0.4500000000000028,84.09,84.1,83.64,25793.294844741,0,25793.294844741,quantile,0.95,0.269999999999996,2019-10-01T09:00:18.190257102+02:00,2019-10-01T09:00:18.190257102+02:00,2019-10-01T17:29:58.552073359+02:00,30580.361816
2019-10-01 16:10:17.873586309+02:00,1569939017873586309,1,bid,0.4399999999999977,84.11,84.12,83.67,25799.683329207,0,25799.683329207,quantile,0.95,0.269999999999996,2019-10-01T09:00:18.190257102+02:00,2019-10-01T09:00:18.190257102+02:00,2019-10-01T17:29:58.552073359+02:00,30580.361816
2019-10-01 16:10:23.688469286+02:00,1569939023688469286,1,bid,0.269999999999996,84.1,84.13,83.83,25805.498212184,0,25805.498212184,quantile,0.95,0.269999999999996,2019-10-01T09:00:18.190257102+02:00,2019-10-01T09:00:18.190257102+02:00,2019-10-01T17:29:58.552073359+02:00,30580.361816
2019-10-01 16:10:43.713351604+02:00,1569939043713351604,1,bid,0.2700000000000102,84.12,84.14,83.85,25825.523094502,0,25825.523094502,quantile,0.95,0.269999999999996,2019-10-01T09:00:18.190257102+02:00,2019-10-01T09:00:18.190257102+02:00,2019-10-01T17:29:58.552073359+02:00,30580.361816
2019-10-01 16:10:45.494178402+02:00,1569939045494178402,1,bid,0.4299999999999926,84.13,84.15,83.7,25827.3039213,0,25827.3039213,quantile,0.95,0.269999999999996,2019-10-01T09:00:18.190257102+02:00,2019-10-01T09:00:18.190257102+02:00,2019-10-01T17:29:58.552073359+02:00,30580.361816
2019-10-01 16:10:45.641123206+02:00,1569939045641123206,1,bid,0.4200000000000017,84.15,84.18,83.73,25827.450866104,0,25827.450866104,quantile,0.95,0.269999999999996,2019-10-01T09:00:18.190257102+02:00,2019-10-01T09:00:18.190257102+02:00,2019-10-01T17:29:58.552073359+02:00,30580.361816
2019-10-01 16:11:05.191563979+02:00,1569939065191563979,1,bid,0.4500000000000028,84.15,84.17,83.7,25847.001306877,0,25847.001306877,quantile,0.95,0.269999999999996,2019-10-01T09:00:18.190257102+02:00,2019-10-01T09:00:18.190257102+02:00,2019-10-01T17:29:58.552073359+02:00,30580.361816
2019-10-01 16:11:33.739396106+02:00,1569939093739396106,1,bid,0.269999999999996,84.14,84.16,83.87,25875.549139004,0,25875.549139004,quantile,0.95,0.269999999999996,2019-10-01T09:00:18.190257102+02:00,2019-10-01T09:00:18.190257102+02:00,2019-10-01T17:29:58.552073359+02:00,30580.361816
2019-10-01 16:12:02.943369660+02:00,1569939122943369660,1,bid,0.269999999999996,84.13,84.15,83.86,25904.753112558,0,25904.753112558,quantile,0.95,0.269999999999996,2019-10-01T09:00:18.190257102+02:00,2019-10-01T09:00:18.190257102+02:00,2019-10-01T17:29:58.552073359+02:00,30580.361816
2019-10-01 16:12:13.847563122+02:00,1569939133847563122,1,bid,0.4200000000000017,84.16,84.19,83.74,25915.65730602,0,25915.65730602,quantile,0.95,0.269999999999996,2019-10-01T09:00:18.190257102+02:00,2019-10-01T09:00:18.190257102+02:00,2019-10-01T17:29:58.552073359+02:00,30580.361816
2019-10-01 16:12:31.972658745+02:00,1569939151972658745,1,bid,0.4400000000000119,84.15,84.17,83.71,25933.782401643,0,25933.782401643,quantile,0.95,0.269999999999996,2019-10-01T09:00:18.190257102+02:00,2019-10-01T09:00:18.190257102+02:00,2019-10-01T17:29:58.552073359+02:00,30580.361816
2019-10-01 16:12:33.758293091+02:00,1569939153758293091,1,bid,0.269999999999996,84.17,84.19,83.9,25935.568035989,0,25935.568035989,quantile,0.95,0.269999999999996,2019-10-01T09:00:18.190257102+02:00,2019-10-01T09:00:18.190257102+02:00,2019-10-01T17:29:58.552073359+02:00,30580.361816
2019-10-01 16:12:52.098942067+02:00,1569939172098942067,1,bid,0.4400000000000119,84.18,84.2,83.74,25953.908684965,0,25953.908684965,quantile,0.95,0.269999999999996,2019-10-01T09:00:18.190257102+02:00,2019-10-01T09:00:18.190257102+02:00,2019-10-01T17:29:58.552073359+02:00,30580.361816
2019-10-01 16:12:52.116822548+02:00,1569939172116822548,1,bid,0.5999999999999943,84.21,84.23,83.61,25953.926565446,0,25953.926565446,quantile,0.95,0.269999999999996,2019-10-01T09:00:18.190257102+02:00,2019-10-01T09:00:18.190257102+02:00,2019-10-01T17:29:58.552073359+02:00,30580.361816
2019-10-01 16:12:52.119726802+02:00,1569939172119726802,1,bid,0.4399999999999977,84.21,84.23,83.77,25953.9294697,0,25953.9294697,quantile,0.95,0.269999999999996,2019-10-01T09:00:18.190257102+02:00,2019-10-01T09:00:18.190257102+02:00,2019-10-01T17:29:58.552073359+02:00,30580.361816
2019-10-01 16:12:54.627559291+02:00,1569939174627559291,1,bid,0.4500000000000028,84.19,84.2,83.74,25956.437302189,0,25956.437302189,quantile,0.95,0.269999999999996,2019-10-01T09:00:18.190257102+02:00,2019-10-01T09:00:18.190257102+02:00,2019-10-01T17:29:58.552073359+02:00,30580.361816
2019-10-01 16:13:02.105948318+02:00,1569939182105948318,1,bid,0.4500000000000028,84.16,84.18,83.71,25963.915691216,0,25963.915691216,quantile,0.95,0.269999999999996,2019-10-01T09:00:18.190257102+02:00,2019-10-01T09:00:18.190257102+02:00,2019-10-01T17:29:58.552073359+02:00,30580.361816
2019-10-01 16:13:12.131492545+02:00,1569939192131492545,1,bid,0.269999999999996,84.16,84.17,83.89,25973.941235443,0,25973.941235443,quantile,0.95,0.269999999999996,2019-10-01T09:00:18.190257102+02:00,2019-10-01T09:00:18.190257102+02:00,2019-10-01T17:29:58.552073359+02:00,30580.361816
2019-10-01 16:13:14.453479099+02:00,1569939194453479099,1,bid,0.4499999999999886,84.13,84.15,83.68,25976.263221997,0,25976.263221997,quantile,0.95,0.269999999999996,2019-10-01T09:00:18.190257102+02:00,2019-10-01T09:00:18.190257102+02:00,2019-10-01T17:29:58.552073359+02:00,30580.361816
2019-10-01 16:13:21.158232614+02:00,1569939201158232614,1,bid,0.5999999999999943,84.1,84.13,83.5,25982.967975512,0,25982.967975512,quantile,0.95,0.269999999999996,2019-10-01T09:00:18.190257102+02:00,2019-10-01T09:00:18.190257102+02:00,2019-10-01T17:29:58.552073359+02:00,30580.361816
2019-10-01 16:13:24.408603347+02:00,1569939204408603347,1,bid,0.4500000000000028,84.16,84.19,83.71,25986.218346245,0,25986.218346245,quantile,0.95,0.269999999999996,2019-10-01T09:00:18.190257102+02:00,2019-10-01T09:00:18.190257102+02:00,2019-10-01T17:29:58.552073359+02:00,30580.361816
2019-10-01 16:13:24.484645457+02:00,1569939204484645457,1,bid,0.4400000000000119,84.18,84.19,83.74,25986.294388355,0,25986.294388355,quantile,0.95,0.269999999999996,2019-10-01T09:00:18.190257102+02:00,2019-10-01T09:00:18.190257102+02:00,2019-10-01T17:29:58.552073359+02:00,30580.361816
2019-10-01 16:13:52.779293198+02:00,1569939232779293198,1,bid,0.5999999999999943,84.21,84.22,83.61,26014.589036096,0,26014.589036096,quantile,0.95,0.269999999999996,2019-10-01T09:00:18.190257102+02:00,2019-10-01T09:00:18.190257102+02:00,2019-10-01T17:29:58.552073359+02:00,30580.361816
2019-10-01 16:13:52.870409063+02:00,1569939232870409063,1,bid,0.4399999999999977,84.21,84.22,83.77,26014.680151961,0,26014.680151961,quantile,0.95,0.269999999999996,2019-10-01T09:00:18.190257102+02:00,2019-10-01T09:00:18.190257102+02:00,2019-10-01T17:29:58.552073359+02:00,30580.361816
2019-10-01 16:13:58.057389933+02:00,1569939238057389933,1,bid,0.269999999999996,84.2,84.22,83.93,26019.867132831,0,26019.867132831,quantile,0.95,0.269999999999996,2019-10-01T09:00:18.190257102+02:00,2019-10-01T09:00:18.190257102+02:00,2019-10-01T17:29:58.552073359+02:00,30580.361816
2019-10-01 16:14:08.061321129+02:00,1569939248061321129,1,bid,0.269999999999996,84.19,84.21,83.92,26029.871064027,0,26029.871064027,quantile,0.95,0.269999999999996,2019-10-01T09:00:18.190257102+02:00,2019-10-01T09:00:18.190257102+02:00,2019-10-01T17:29:58.552073359+02:00,30580.361816
2019-10-01 16:14:11.774780340+02:00,1569939251774780340,1,bid,0.4399999999999977,84.17,84.19,83.73,26033.584523238,0,26033.584523238,quantile,0.95,0.269999999999996,2019-10-01T09:00:18.190257102+02:00,2019-10-01T09:00:18.190257102+02:00,2019-10-01T17:29:58.552073359+02:00,30580.361816
2019-10-01 16:14:13.030795614+02:00,1569939253030795614,1,bid,0.4299999999999926,84.19,84.21,83.76,26034.840538512,0,26034.840538512,quantile,0.95,0.269999999999996,2019-10-01T09:00:18.190257102+02:00,2019-10-01T09:00:18.190257102+02:00,2019-10-01T17:29:58.552073359+02:00,30580.361816
2019-10-01 16:14:25.252533742+02:00,1569939265252533742,1,bid,0.4500000000000028,84.18,84.19,83.73,26047.06227664,0,26047.06227664,quantile,0.95,0.269999999999996,2019-10-01T09:00:18.190257102+02:00,2019-10-01T09:00:18.190257102+02:00,2019-10-01T17:29:58.552073359+02:00,30580.361816
2019-10-01 16:14:48.092181320+02:00,1569939288092181320,1,bid,0.269999999999996,84.16,84.18,83.89,26069.901924218,0,26069.901924218,quantile,0.95,0.269999999999996,2019-10-01T09:00:18.190257102+02:00,2019-10-01T09:00:18.190257102+02:00,2019-10-01T17:29:58.552073359+02:00,30580.361816
2019-10-01 16:15:16.596750938+02:00,1569939316596750938,1,bid,0.4399999999999977,84.2,84.22,83.76,26098.406493836,0,26098.406493836,quantile,0.95,0.269999999999996,2019-10-01T09:00:18.190257102+02:00,2019-10-01T09:00:18.190257102+02:00,2019-10-01T17:29:58.552073359+02:00,30580.361816
2019-10-01 16:15:21.597903417+02:00,1569939321597903417,1,bid,0.4299999999999926,84.22,84.24,83.79,26103.407646315,0,26103.407646315,quantile,0.95,0.269999999999996,2019-10-01T09:00:18.190257102+02:00,2019-10-01T09:00:18.190257102+02:00,2019-10-01T17:29:58.552073359+02:00,30580.361816
2019-10-01 16:15:31.277638351+02:00,1569939331277638351,1,bid,0.4399999999999977,84.2,84.22,83.76,26113.087381249,0,26113.087381249,quantile,0.95,0.269999999999996,2019-10-01T09:00:18.190257102+02:00,2019-10-01T09:00:18.190257102+02:00,2019-10-01T17:29:58.552073359+02:00,30580.361816
2019-10-01 16:15:38.457355285+02:00,1569939338457355285,1,bid,0.4599999999999937,84.19,84.2,83.73,26120.267098183,0,26120.267098183,quantile,0.95,0.269999999999996,2019-10-01T09:00:18.190257102+02:00,2019-10-01T09:00:18.190257102+02:00,2019-10-01T17:29:58.552073359+02:00,30580.361816
2019-10-01 16:15:52.942858958+02:00,1569939352942858958,1,bid,0.4299999999999926,84.19,84.21,83.76,26134.752601856,0,26134.752601856,quantile,0.95,0.269999999999996,2019-10-01T09:00:18.190257102+02:00,2019-10-01T09:00:18.190257102+02:00,2019-10-01T17:29:58.552073359+02:00,30580.361816
2019-10-01 16:16:00.948344636+02:00,1569939360948344636,1,bid,0.4599999999999937,84.19,84.2,83.73,26142.758087534,0,26142.758087534,quantile,0.95,0.269999999999996,2019-10-01T09:00:18.190257102+02:00,2019-10-01T09:00:18.190257102+02:00,2019-10-01T17:29:58.552073359+02:00,30580.361816
2019-10-01 16:16:04.536816179+02:00,1569939364536816179,1,bid,0.4399999999999977,84.2,84.21,83.76,26146.346559077,0,26146.346559077,quantile,0.95,0.269999999999996,2019-10-01T09:00:18.190257102+02:00,2019-10-01T09:00:18.190257102+02:00,2019-10-01T17:29:58.552073359+02:00,30580.361816
2019-10-01 16:16:07.315360494+02:00,1569939367315360494,1,bid,0.4399999999999977,84.17,84.2,83.73,26149.125103392,0,26149.125103392,quantile,0.95,0.269999999999996,2019-10-01T09:00:18.190257102+02:00,2019-10-01T09:00:18.190257102+02:00,2019-10-01T17:29:58.552073359+02:00,30580.361816
2019-10-01 16:16:19.844703662+02:00,1569939379844703662,1,bid,0.4399999999999977,84.2,84.22,83.76,26161.65444656,0,26161.65444656,quantile,0.95,0.269999999999996,2019-10-01T09:00:18.190257102+02:00,2019-10-01T09:00:18.190257102+02:00,2019-10-01T17:29:58.552073359+02:00,30580.361816
2019-10-01 16:16:47.011617753+02:00,1569939407011617753,1,bid,0.4399999999999977,84.23,84.24,83.79,26188.821360651,0,26188.821360651,quantile,0.95,0.269999999999996,2019-10-01T09:00:18.190257102+02:00,2019-10-01T09:00:18.190257102+02:00,2019-10-01T17:29:58.552073359+02:00,30580.361816
2019-10-01 16:16:58.999572760+02:00,1569939418999572760,1,bid,0.269999999999996,84.22,84.24,83.95,26200.809315658,0,26200.809315658,quantile,0.95,0.269999999999996,2019-10-01T09:00:18.190257102+02:00,2019-10-01T09:00:18.190257102+02:00,2019-10-01T17:29:58.552073359+02:00,30580.361816
2019-10-01 16:17:01.297867669+02:00,1569939421297867669,1,bid,0.4399999999999977,84.2,84.23,83.76,26203.107610567,0,26203.107610567,quantile,0.95,0.269999999999996,2019-10-01T09:00:18.190257102+02:00,2019-10-01T09:00:18.190257102+02:00,2019-10-01T17:29:58.552073359+02:00,30580.361816
2019-10-01 16:17:34.363866577+02:00,1569939454363866577,1,bid,0.4399999999999977,84.17,84.19,83.73,26236.173609475,0,26236.173609475,quantile,0.95,0.269999999999996,2019-10-01T09:00:18.190257102+02:00,2019-10-01T09:00:18.190257102+02:00,2019-10-01T17:29:58.552073359+02:00,30580.361816
2019-10-01 16:17:49.051026099+02:00,1569939469051026099,1,bid,0.2700000000000102,84.18,84.2,83.91,26250.860768997,0,26250.860768997,quantile,0.95,0.269999999999996,2019-10-01T09:00:18.190257102+02:00,2019-10-01T09:00:18.190257102+02:00,2019-10-01T17:29:58.552073359+02:00,30580.361816
2019-10-01 16:17:53.135267570+02:00,1569939473135267570,1,bid,0.4299999999999926,84.19,84.21,83.76,26254.945010468,0,26254.945010468,quantile,0.95,0.269999999999996,2019-10-01T09:00:18.190257102+02:00,2019-10-01T09:00:18.190257102+02:00,2019-10-01T17:29:58.552073359+02:00,30580.361816
2019-10-01 16:18:21.957376058+02:00,1569939501957376058,1,bid,0.4399999999999977,84.23,84.24,83.79,26283.767118956,0,26283.767118956,quantile,0.95,0.269999999999996,2019-10-01T09:00:18.190257102+02:00,2019-10-01T09:00:18.190257102+02:00,2019-10-01T17:29:58.552073359+02:00,30580.361816
2019-10-01 16:18:24.178063107+02:00,1569939504178063107,1,bid,0.4499999999999886,84.21,84.23,83.76,26285.987806005,0,26285.987806005,quantile,0.95,0.269999999999996,2019-10-01T09:00:18.190257102+02:00,2019-10-01T09:00:18.190257102+02:00,2019-10-01T17:29:58.552073359+02:00,30580.361816
2019-10-01 16:18:38.499461051+02:00,1569939518499461051,1,bid,0.4399999999999977,84.23,84.24,83.79,26300.309203949,0,26300.309203949,quantile,0.95,0.269999999999996,2019-10-01T09:00:18.190257102+02:00,2019-10-01T09:00:18.190257102+02:00,2019-10-01T17:29:58.552073359+02:00,30580.361816
2019-10-01 16:18:49.197456003+02:00,1569939529197456003,1,bid,0.4500000000000028,84.27,84.29,83.82,26311.007198901,0,26311.007198901,quantile,0.95,0.269999999999996,2019-10-01T09:00:18.190257102+02:00,2019-10-01T09:00:18.190257102+02:00,2019-10-01T17:29:58.552073359+02:00,30580.361816
2019-10-01 16:19:11.406190124+02:00,1569939551406190124,1,bid,0.4399999999999977,84.24,84.27,83.8,26333.215933022,0,26333.215933022,quantile,0.95,0.269999999999996,2019-10-01T09:00:18.190257102+02:00,2019-10-01T09:00:18.190257102+02:00,2019-10-01T17:29:58.552073359+02:00,30580.361816
2019-10-01 16:19:19.723007042+02:00,1569939559723007042,1,bid,0.4399999999999977,84.27,84.29,83.83,26341.53274994,0,26341.53274994,quantile,0.95,0.269999999999996,2019-10-01T09:00:18.190257102+02:00,2019-10-01T09:00:18.190257102+02:00,2019-10-01T17:29:58.552073359+02:00,30580.361816
2019-10-01 16:19:23.708425632+02:00,1569939563708425632,1,bid,0.5900000000000034,84.26,84.29,83.67,26345.51816853,0,26345.51816853,quantile,0.95,0.269999999999996,2019-10-01T09:00:18.190257102+02:00,2019-10-01T09:00:18.190257102+02:00,2019-10-01T17:29:58.552073359+02:00,30580.361816
2019-10-01 16:19:24.448115847+02:00,1569939564448115847,1,bid,0.4399999999999977,84.3,84.31,83.86,26346.257858745,0,26346.257858745,quantile,0.95,0.269999999999996,2019-10-01T09:00:18.190257102+02:00,2019-10-01T09:00:18.190257102+02:00,2019-10-01T17:29:58.552073359+02:00,30580.361816
2019-10-01 16:19:33.144960717+02:00,1569939573144960717,1,bid,0.4400000000000119,84.26,84.28,83.82,26354.954703615,0,26354.954703615,quantile,0.95,0.269999999999996,2019-10-01T09:00:18.190257102+02:00,2019-10-01T09:00:18.190257102+02:00,2019-10-01T17:29:58.552073359+02:00,30580.361816
2019-10-01 16:19:42.591144371+02:00,1569939582591144371,1,bid,0.4399999999999977,84.23,84.25,83.79,26364.400887269,0,26364.400887269,quantile,0.95,0.269999999999996,2019-10-01T09:00:18.190257102+02:00,2019-10-01T09:00:18.190257102+02:00,2019-10-01T17:29:58.552073359+02:00,30580.361816
2019-10-01 16:19:57.297642329+02:00,1569939597297642329,1,bid,0.269999999999996,84.24,84.26,83.97,26379.107385227,0,26379.107385227,quantile,0.95,0.269999999999996,2019-10-01T09:00:18.190257102+02:00,2019-10-01T09:00:18.190257102+02:00,2019-10-01T17:29:58.552073359+02:00,30580.361816
2019-10-01 16:20:17.136537541+02:00,1569939617136537541,1,bid,0.4499999999999886,84.21,84.22,83.76,26398.946280439,0,26398.946280439,quantile,0.95,0.269999999999996,2019-10-01T09:00:18.190257102+02:00,2019-10-01T09:00:18.190257102+02:00,2019-10-01T17:29:58.552073359+02:00,30580.361816
2019-10-01 16:20:22.327905470+02:00,1569939622327905470,1,bid,0.4500000000000028,84.18,84.2,83.73,26404.137648368,0,26404.137648368,quantile,0.95,0.269999999999996,2019-10-01T09:00:18.190257102+02:00,2019-10-01T09:00:18.190257102+02:00,2019-10-01T17:29:58.552073359+02:00,30580.361816
2019-10-01 16:20:25.179970347+02:00,1569939625179970347,1,bid,0.4399999999999977,84.2,84.22,83.76,26406.989713245,0,26406.989713245,quantile,0.95,0.269999999999996,2019-10-01T09:00:18.190257102+02:00,2019-10-01T09:00:18.190257102+02:00,2019-10-01T17:29:58.552073359+02:00,30580.361816
2019-10-01 16:20:39.090073327+02:00,1569939639090073327,1,bid,0.269999999999996,84.2,84.22,83.93,26420.899816225,0,26420.899816225,quantile,0.95,0.269999999999996,2019-10-01T09:00:18.190257102+02:00,2019-10-01T09:00:18.190257102+02:00,2019-10-01T17:29:58.552073359+02:00,30580.361816
2019-10-01 16:21:19.645486111+02:00,1569939679645486111,1,bid,0.4299999999999926,84.22,84.24,83.79,26461.455229009,0,26461.455229009,quantile,0.95,0.269999999999996,2019-10-01T09:00:18.190257102+02:00,2019-10-01T09:00:18.190257102+02:00,2019-10-01T17:29:58.552073359+02:00,30580.361816
2019-10-01 16:22:02.586719612+02:00,1569939722586719612,1,bid,0.269999999999996,84.21,84.23,83.94,26504.39646251,0,26504.39646251,quantile,0.95,0.269999999999996,2019-10-01T09:00:18.190257102+02:00,2019-10-01T09:00:18.190257102+02:00,2019-10-01T17:29:58.552073359+02:00,30580.361816
2019-10-01 16:22:02.769035954+02:00,1569939722769035954,1,bid,0.4399999999999977,84.2,84.22,83.76,26504.578778852,0,26504.578778852,quantile,0.95,0.269999999999996,2019-10-01T09:00:18.190257102+02:00,2019-10-01T09:00:18.190257102+02:00,2019-10-01T17:29:58.552073359+02:00,30580.361816
2019-10-01 16:22:13.572945965+02:00,1569939733572945965,1,bid,0.4500000000000028,84.17,84.19,83.72,26515.382688863,0,26515.382688863,quantile,0.95,0.269999999999996,2019-10-01T09:00:18.190257102+02:00,2019-10-01T09:00:18.190257102+02:00,2019-10-01T17:29:58.552073359+02:00,30580.361816
2019-10-01 16:22:27.777419420+02:00,1569939747777419420,1,bid,0.4500000000000028,84.14,84.15,83.69,26529.587162318,0,26529.587162318,quantile,0.95,0.269999999999996,2019-10-01T09:00:18.190257102+02:00,2019-10-01T09:00:18.190257102+02:00,2019-10-01T17:29:58.552073359+02:00,30580.361816
2019-10-01 16:22:52.600837881+02:00,1569939772600837881,1,bid,0.269999999999996,84.13,84.16,83.86,26554.410580779,0,26554.410580779,quantile,0.95,0.269999999999996,2019-10-01T09:00:18.190257102+02:00,2019-10-01T09:00:18.190257102+02:00,2019-10-01T17:29:58.552073359+02:00,30580.361816
2019-10-01 16:23:49.702687489+02:00,1569939829702687489,1,bid,0.4400000000000119,84.18,84.2,83.74,26611.512430387,0,26611.512430387,quantile,0.95,0.269999999999996,2019-10-01T09:00:18.190257102+02:00,2019-10-01T09:00:18.190257102+02:00,2019-10-01T17:29:58.552073359+02:00,30580.361816
2019-10-01 16:24:13.340744368+02:00,1569939853340744368,1,bid,0.4399999999999977,84.21,84.22,83.77,26635.150487266,0,26635.150487266,quantile,0.95,0.269999999999996,2019-10-01T09:00:18.190257102+02:00,2019-10-01T09:00:18.190257102+02:00,2019-10-01T17:29:58.552073359+02:00,30580.361816
2019-10-01 16:24:19.904299530+02:00,1569939859904299530,1,bid,0.269999999999996,84.21,84.23,83.94,26641.714042428,0,26641.714042428,quantile,0.95,0.269999999999996,2019-10-01T09:00:18.190257102+02:00,2019-10-01T09:00:18.190257102+02:00,2019-10-01T17:29:58.552073359+02:00,30580.361816
2019-10-01 16:24:49.938832572+02:00,1569939889938832572,1,bid,0.269999999999996,84.2,84.21,83.93,26671.74857547,0,26671.74857547,quantile,0.95,0.269999999999996,2019-10-01T09:00:18.190257102+02:00,2019-10-01T09:00:18.190257102+02:00,2019-10-01T17:29:58.552073359+02:00,30580.361816
2019-10-01 16:25:00.033337473+02:00,1569939900033337473,1,bid,0.4399999999999977,84.24,84.26,83.8,26681.843080371,0,26681.843080371,quantile,0.95,0.269999999999996,2019-10-01T09:00:18.190257102+02:00,2019-10-01T09:00:18.190257102+02:00,2019-10-01T17:29:58.552073359+02:00,30580.361816
2019-10-01 16:25:10.969685972+02:00,1569939910969685972,1,bid,0.4399999999999977,84.21,84.23,83.77,26692.77942887,0,26692.77942887,quantile,0.95,0.269999999999996,2019-10-01T09:00:18.190257102+02:00,2019-10-01T09:00:18.190257102+02:00,2019-10-01T17:29:58.552073359+02:00,30580.361816
2019-10-01 16:25:11.063292547+02:00,1569939911063292547,1,bid,0.4399999999999977,84.19,84.22,83.75,26692.873035445,0,26692.873035445,quantile,0.95,0.269999999999996,2019-10-01T09:00:18.190257102+02:00,2019-10-01T09:00:18.190257102+02:00,2019-10-01T17:29:58.552073359+02:00,30580.361816
2019-10-01 16:25:59.395284891+02:00,1569939959395284891,1,bid,0.4200000000000017,84.2,84.23,83.78,26741.205027789,0,26741.205027789,quantile,0.95,0.269999999999996,2019-10-01T09:00:18.190257102+02:00,2019-10-01T09:00:18.190257102+02:00,2019-10-01T17:29:58.552073359+02:00,30580.361816
2019-10-01 16:26:05.534505600+02:00,1569939965534505600,1,bid,0.4400000000000119,84.18,84.2,83.74,26747.344248498,0,26747.344248498,quantile,0.95,0.269999999999996,2019-10-01T09:00:18.190257102+02:00,2019-10-01T09:00:18.190257102+02:00,2019-10-01T17:29:58.552073359+02:00,30580.361816
2019-10-01 16:26:09.608824122+02:00,1569939969608824122,1,bid,0.4500000000000028,84.16,84.18,83.71,26751.41856702,0,26751.41856702,quantile,0.95,0.269999999999996,2019-10-01T09:00:18.190257102+02:00,2019-10-01T09:00:18.190257102+02:00,2019-10-01T17:29:58.552073359+02:00,30580.361816
2019-10-01 16:26:30.427324637+02:00,1569939990427324637,1,bid,0.2700000000000102,84.15,84.16,83.88,26772.237067535,0,26772.237067535,quantile,0.95,0.269999999999996,2019-10-01T09:00:18.190257102+02:00,2019-10-01T09:00:18.190257102+02:00,2019-10-01T17:29:58.552073359+02:00,30580.361816
2019-10-01 16:26:45.621448564+02:00,1569940005621448564,1,bid,0.4399999999999977,84.12,84.14,83.68,26787.431191462,0,26787.431191462,quantile,0.95,0.269999999999996,2019-10-01T09:00:18.190257102+02:00,2019-10-01T09:00:18.190257102+02:00,2019-10-01T17:29:58.552073359+02:00,30580.361816
2019-10-01 16:26:50.443016604+02:00,1569940010443016604,1,bid,0.269999999999996,84.14,84.16,83.87,26792.252759502,0,26792.252759502,quantile,0.95,0.269999999999996,2019-10-01T09:00:18.190257102+02:00,2019-10-01T09:00:18.190257102+02:00,2019-10-01T17:29:58.552073359+02:00,30580.361816
2019-10-01 16:27:00.451404111+02:00,1569940020451404111,1,bid,0.269999999999996,84.13,84.15,83.86,26802.261147009,0,26802.261147009,quantile,0.95,0.269999999999996,2019-10-01T09:00:18.190257102+02:00,2019-10-01T09:00:18.190257102+02:00,2019-10-01T17:29:58.552073359+02:00,30580.361816
2019-10-01 16:27:07.062270977+02:00,1569940027062270977,1,bid,0.4400000000000119,84.15,84.16,83.71,26808.872013875,0,26808.872013875,quantile,0.95,0.269999999999996,2019-10-01T09:00:18.190257102+02:00,2019-10-01T09:00:18.190257102+02:00,2019-10-01T17:29:58.552073359+02:00,30580.361816
2019-10-01 16:27:13.696425973+02:00,1569940033696425973,1,bid,0.4499999999999886,84.13,84.16,83.68,26815.506168871,0,26815.506168871,quantile,0.95,0.269999999999996,2019-10-01T09:00:18.190257102+02:00,2019-10-01T09:00:18.190257102+02:00,2019-10-01T17:29:58.552073359+02:00,30580.361816
2019-10-01 16:27:23.901126056+02:00,1569940043901126056,1,bid,0.2700000000000102,84.12,84.13,83.85,26825.710868954,0,26825.710868954,quantile,0.95,0.269999999999996,2019-10-01T09:00:18.190257102+02:00,2019-10-01T09:00:18.190257102+02:00,2019-10-01T17:29:58.552073359+02:00,30580.361816
2019-10-01 16:27:24.379382378+02:00,1569940044379382378,1,bid,0.5999999999999943,84.1,84.11,83.5,26826.189125276,0,26826.189125276,quantile,0.95,0.269999999999996,2019-10-01T09:00:18.190257102+02:00,2019-10-01T09:00:18.190257102+02:00,2019-10-01T17:29:58.552073359+02:00,30580.361816
2019-10-01 16:28:13.944930275+02:00,1569940093944930275,1,bid,0.269999999999996,84.11,84.12,83.84,26875.754673173,0,26875.754673173,quantile,0.95,0.269999999999996,2019-10-01T09:00:18.190257102+02:00,2019-10-01T09:00:18.190257102+02:00,2019-10-01T17:29:58.552073359+02:00,30580.361816
2019-10-01 16:29:44.469213230+02:00,1569940184469213230,1,bid,0.4300000000000068,84.14,84.16,83.71,26966.278956128,0,26966.278956128,quantile,0.95,0.269999999999996,2019-10-01T09:00:18.190257102+02:00,2019-10-01T09:00:18.190257102+02:00,2019-10-01T17:29:58.552073359+02:00,30580.361816
2019-10-01 16:29:52.704611744+02:00,1569940192704611744,1,bid,0.4499999999999886,84.13,84.15,83.68,26974.514354642,0,26974.514354642,quantile,0.95,0.269999999999996,2019-10-01T09:00:18.190257102+02:00,2019-10-01T09:00:18.190257102+02:00,2019-10-01T17:29:58.552073359+02:00,30580.361816
2019-10-01 16:30:04.580510924+02:00,1569940204580510924,1,bid,0.4499999999999886,84.1,84.11,83.65,26986.390253822,0,26986.390253822,quantile,0.95,0.269999999999996,2019-10-01T09:00:18.190257102+02:00,2019-10-01T09:00:18.190257102+02:00,2019-10-01T17:29:58.552073359+02:00,30580.361816
2019-10-01 16:30:08.888623846+02:00,1569940208888623846,1,bid,0.4200000000000017,84.09,84.11,83.67,26990.698366744,0,26990.698366744,quantile,0.95,0.269999999999996,2019-10-01T09:00:18.190257102+02:00,2019-10-01T09:00:18.190257102+02:00,2019-10-01T17:29:58.552073359+02:00,30580.361816
2019-10-01 16:30:26.190867437+02:00,1569940226190867437,1,bid,0.2700000000000102,84.09,84.1,83.82,27008.000610335,0,27008.000610335,quantile,0.95,0.269999999999996,2019-10-01T09:00:18.190257102+02:00,2019-10-01T09:00:18.190257102+02:00,2019-10-01T17:29:58.552073359+02:00,30580.361816
2019-10-01 16:30:27.888624851+02:00,1569940227888624851,1,bid,0.4300000000000068,84.09,84.1,83.66,27009.698367749,0,27009.698367749,quantile,0.95,0.269999999999996,2019-10-01T09:00:18.190257102+02:00,2019-10-01T09:00:18.190257102+02:00,2019-10-01T17:29:58.552073359+02:00,30580.361816
2019-10-01 16:30:31.177501031+02:00,1569940231177501031,1,bid,0.4599999999999937,84.08,84.09,83.62,27012.987243929,0,27012.987243929,quantile,0.95,0.269999999999996,2019-10-01T09:00:18.190257102+02:00,2019-10-01T09:00:18.190257102+02:00,2019-10-01T17:29:58.552073359+02:00,30580.361816
2019-10-01 16:30:33.888624456+02:00,1569940233888624456,1,bid,0.4199999999999875,84.07,84.08,83.65,27015.698367354,0,27015.698367354,quantile,0.95,0.269999999999996,2019-10-01T09:00:18.190257102+02:00,2019-10-01T09:00:18.190257102+02:00,2019-10-01T17:29:58.552073359+02:00,30580.361816
2019-10-01 16:30:39.888625010+02:00,1569940239888625010,1,bid,0.4200000000000017,84.06,84.07,83.64,27021.698367908,0,27021.698367908,quantile,0.95,0.269999999999996,2019-10-01T09:00:18.190257102+02:00,2019-10-01T09:00:18.190257102+02:00,2019-10-01T17:29:58.552073359+02:00,30580.361816
2019-10-01 16:30:46.193807028+02:00,1569940246193807028,1,bid,0.269999999999996,84.08,84.1,83.81,27028.003549926,0,27028.003549926,quantile,0.95,0.269999999999996,2019-10-01T09:00:18.190257102+02:00,2019-10-01T09:00:18.190257102+02:00,2019-10-01T17:29:58.552073359+02:00,30580.361816
2019-10-01 16:31:02.384253936+02:00,1569940262384253936,1,bid,0.269999999999996,84.07,84.09,83.8,27044.193996834,0,27044.193996834,quantile,0.95,0.269999999999996,2019-10-01T09:00:18.190257102+02:00,2019-10-01T09:00:18.190257102+02:00,2019-10-01T17:29:58.552073359+02:00,30580.361816
2019-10-01 16:31:06.859688750+02:00,1569940266859688750,1,bid,0.4299999999999926,84.08,84.1,83.65,27048.669431648,0,27048.669431648,quantile,0.95,0.269999999999996,2019-10-01T09:00:18.190257102+02:00,2019-10-01T09:00:18.190257102+02:00,2019-10-01T17:29:58.552073359+02:00,30580.361816
2019-10-01 16:31:21.101333173+02:00,1569940281101333173,1,bid,0.4399999999999977,84.12,84.14,83.68,27062.911076071,0,27062.911076071,quantile,0.95,0.269999999999996,2019-10-01T09:00:18.190257102+02:00,2019-10-01T09:00:18.190257102+02:00,2019-10-01T17:29:58.552073359+02:00,30580.361816
2019-10-01 16:31:32.394642321+02:00,1569940292394642321,1,bid,0.2700000000000102,84.12,84.13,83.85,27074.204385219,0,27074.204385219,quantile,0.95,0.269999999999996,2019-10-01T09:00:18.190257102+02:00,2019-10-01T09:00:18.190257102+02:00,2019-10-01T17:29:58.552073359+02:00,30580.361816
2019-10-01 16:31:49.823397104+02:00,1569940309823397104,1,bid,0.4400000000000119,84.15,84.17,83.71,27091.633140002,0,27091.633140002,quantile,0.95,0.269999999999996,2019-10-01T09:00:18.190257102+02:00,2019-10-01T09:00:18.190257102+02:00,2019-10-01T17:29:58.552073359+02:00,30580.361816
2019-10-01 16:31:52.401477782+02:00,1569940312401477782,1,bid,0.2700000000000102,84.15,84.17,83.88,27094.21122068,0,27094.21122068,quantile,0.95,0.269999999999996,2019-10-01T09:00:18.190257102+02:00,2019-10-01T09:00:18.190257102+02:00,2019-10-01T17:29:58.552073359+02:00,30580.361816
2019-10-01 16:32:22.008094922+02:00,1569940342008094922,1,bid,0.4499999999999886,84.13,84.14,83.68,27123.81783782,0,27123.81783782,quantile,0.95,0.269999999999996,2019-10-01T09:00:18.190257102+02:00,2019-10-01T09:00:18.190257102+02:00,2019-10-01T17:29:58.552073359+02:00,30580.361816
2019-10-01 16:32:42.432678376+02:00,1569940362432678376,1,bid,0.269999999999996,84.11,84.12,83.84,27144.242421274,0,27144.242421274,quantile,0.95,0.269999999999996,2019-10-01T09:00:18.190257102+02:00,2019-10-01T09:00:18.190257102+02:00,2019-10-01T17:29:58.552073359+02:00,30580.361816
2019-10-01 16:32:44.369722994+02:00,1569940364369722994,1,bid,0.4499999999999886,84.1,84.12,83.65,27146.179465892,0,27146.179465892,quantile,0.95,0.269999999999996,2019-10-01T09:00:18.190257102+02:00,2019-10-01T09:00:18.190257102+02:00,2019-10-01T17:29:58.552073359+02:00,30580.361816
2019-10-01 16:33:02.451134639+02:00,1569940382451134639,1,bid,0.2700000000000102,84.09,84.11,83.82,27164.260877537,0,27164.260877537,quantile,0.95,0.269999999999996,2019-10-01T09:00:18.190257102+02:00,2019-10-01T09:00:18.190257102+02:00,2019-10-01T17:29:58.552073359+02:00,30580.361816
2019-10-01 16:33:37.868075535+02:00,1569940417868075535,1,bid,0.4499999999999886,84.07,84.08,83.62,27199.677818433,0,27199.677818433,quantile,0.95,0.269999999999996,2019-10-01T09:00:18.190257102+02:00,2019-10-01T09:00:18.190257102+02:00,2019-10-01T17:29:58.552073359+02:00,30580.361816
2019-10-01 16:33:41.957270875+02:00,1569940421957270875,1,bid,0.4599999999999937,84.05,84.06,83.59,27203.767013773,0,27203.767013773,quantile,0.95,0.269999999999996,2019-10-01T09:00:18.190257102+02:00,2019-10-01T09:00:18.190257102+02:00,2019-10-01T17:29:58.552073359+02:00,30580.361816
2019-10-01 16:33:42.888639666+02:00,1569940422888639666,1,bid,0.4200000000000017,84.05,84.06,83.63,27204.698382564,0,27204.698382564,quantile,0.95,0.269999999999996,2019-10-01T09:00:18.190257102+02:00,2019-10-01T09:00:18.190257102+02:00,2019-10-01T17:29:58.552073359+02:00,30580.361816
2019-10-01 16:33:46.888645055+02:00,1569940426888645055,1,bid,0.4299999999999926,84.05,84.06,83.62,27208.698387953,0,27208.698387953,quantile,0.95,0.269999999999996,2019-10-01T09:00:18.190257102+02:00,2019-10-01T09:00:18.190257102+02:00,2019-10-01T17:29:58.552073359+02:00,30580.361816
2019-10-01 16:33:49.086003200+02:00,1569940429086003200,1,bid,0.4299999999999926,84.05,84.08,83.62,27210.895746098,0,27210.895746098,quantile,0.95,0.269999999999996,2019-10-01T09:00:18.190257102+02:00,2019-10-01T09:00:18.190257102+02:00,2019-10-01T17:29:58.552073359+02:00,30580.361816
2019-10-01 16:33:57.968188353+02:00,1569940437968188353,1,bid,0.269999999999996,84.06,84.08,83.79,27219.777931251,0,27219.777931251,quantile,0.95,0.269999999999996,2019-10-01T09:00:18.190257102+02:00,2019-10-01T09:00:18.190257102+02:00,2019-10-01T17:29:58.552073359+02:00,30580.361816
2019-10-01 16:34:17.973990167+02:00,1569940457973990167,1,bid,0.269999999999996,84.08,84.09,83.81,27239.783733065,0,27239.783733065,quantile,0.95,0.269999999999996,2019-10-01T09:00:18.190257102+02:00,2019-10-01T09:00:18.190257102+02:00,2019-10-01T17:29:58.552073359+02:00,30580.361816
2019-10-01 16:34:28.567852472+02:00,1569940468567852472,1,bid,0.4399999999999977,84.09,84.1,83.65,27250.37759537,0,27250.37759537,quantile,0.95,0.269999999999996,2019-10-01T09:00:18.190257102+02:00,2019-10-01T09:00:18.190257102+02:00,2019-10-01T17:29:58.552073359+02:00,30580.361816
2019-10-01 16:35:17.808645295+02:00,1569940517808645295,1,bid,0.4399999999999977,84.06,84.09,83.62,27299.618388193,0,27299.618388193,quantile,0.95,0.269999999999996,2019-10-01T09:00:18.190257102+02:00,2019-10-01T09:00:18.190257102+02:00,2019-10-01T17:29:58.552073359+02:00,30580.361816
2019-10-01 16:35:28.599316296+02:00,1569940528599316296,1,bid,0.269999999999996,84.06,84.08,83.79,27310.409059194,0,27310.409059194,quantile,0.95,0.269999999999996,2019-10-01T09:00:18.190257102+02:00,2019-10-01T09:00:18.190257102+02:00,2019-10-01T17:29:58.552073359+02:00,30580.361816
2019-10-01 16:36:48.992400031+02:00,1569940608992400031,1,bid,0.2700000000000102,84.04,84.05,83.77,27390.802142929,0,27390.802142929,quantile,0.95,0.269999999999996,2019-10-01T09:00:18.190257102+02:00,2019-10-01T09:00:18.190257102+02:00,2019-10-01T17:29:58.552073359+02:00,30580.361816
2019-10-01 16:37:32.801251036+02:00,1569940652801251036,1,bid,0.269999999999996,84.05,84.06,83.78,27434.610993934,0,27434.610993934,quantile,0.95,0.269999999999996,2019-10-01T09:00:18.190257102+02:00,2019-10-01T09:00:18.190257102+02:00,2019-10-01T17:29:58.552073359+02:00,30580.361816
2019-10-01 16:37:42.801406282+02:00,1569940662801406282,1,bid,0.2700000000000102,84.04,84.06,83.77,27444.61114918,0,27444.61114918,quantile,0.95,0.269999999999996,2019-10-01T09:00:18.190257102+02:00,2019-10-01T09:00:18.190257102+02:00,2019-10-01T17:29:58.552073359+02:00,30580.361816
2019-10-01 16:37:52.647902846+02:00,1569940672647902846,1,bid,2.049999999999997,84.05,84.06,82.0,27454.457645744,0,27454.457645744,quantile,0.95,0.269999999999996,2019-10-01T09:00:18.190257102+02:00,2019-10-01T09:00:18.190257102+02:00,2019-10-01T17:29:58.552073359+02:00,30580.361816
2019-10-01 16:38:36.128439072+02:00,1569940716128439072,1,bid,0.4500000000000028,84.04,84.05,83.59,27497.93818197,0,27497.93818197,quantile,0.95,0.269999999999996,2019-10-01T09:00:18.190257102+02:00,2019-10-01T09:00:18.190257102+02:00,2019-10-01T17:29:58.552073359+02:00,30580.361816
2019-10-01 16:38:37.888667295+02:00,1569940717888667295,1,bid,0.4200000000000017,84.03,84.04,83.61,27499.698410193,0,27499.698410193,quantile,0.95,0.269999999999996,2019-10-01T09:00:18.190257102+02:00,2019-10-01T09:00:18.190257102+02:00,2019-10-01T17:29:58.552073359+02:00,30580.361816
2019-10-01 16:38:39.888668367+02:00,1569940719888668367,1,bid,0.4200000000000017,84.02,84.03,83.6,27501.698411265,0,27501.698411265,quantile,0.95,0.269999999999996,2019-10-01T09:00:18.190257102+02:00,2019-10-01T09:00:18.190257102+02:00,2019-10-01T17:29:58.552073359+02:00,30580.361816
2019-10-01 16:38:40.437588797+02:00,1569940720437588797,1,bid,0.8200000000000074,84.01,84.03,83.19,27502.247331695,0,27502.247331695,quantile,0.95,0.269999999999996,2019-10-01T09:00:18.190257102+02:00,2019-10-01T09:00:18.190257102+02:00,2019-10-01T17:29:58.552073359+02:00,30580.361816
2019-10-01 16:38:41.168633861+02:00,1569940721168633861,1,bid,0.4500000000000028,84.01,84.03,83.56,27502.978376759,0,27502.978376759,quantile,0.95,0.269999999999996,2019-10-01T09:00:18.190257102+02:00,2019-10-01T09:00:18.190257102+02:00,2019-10-01T17:29:58.552073359+02:00,30580.361816
2019-10-01 16:38:43.888670666+02:00,1569940723888670666,1,bid,0.4200000000000017,84.01,84.03,83.59,27505.698413564,0,27505.698413564,quantile,0.95,0.269999999999996,2019-10-01T09:00:18.190257102+02:00,2019-10-01T09:00:18.190257102+02:00,2019-10-01T17:29:58.552073359+02:00,30580.361816
2019-10-01 16:38:51.888672403+02:00,1569940731888672403,1,bid,0.4200000000000017,84.0,84.01,83.58,27513.698415301,0,27513.698415301,quantile,0.95,0.269999999999996,2019-10-01T09:00:18.190257102+02:00,2019-10-01T09:00:18.190257102+02:00,2019-10-01T17:29:58.552073359+02:00,30580.361816
2019-10-01 16:39:07.059921089+02:00,1569940747059921089,1,bid,0.2700000000000102,84.01,84.03,83.74,27528.869663987,0,27528.869663987,quantile,0.95,0.269999999999996,2019-10-01T09:00:18.190257102+02:00,2019-10-01T09:00:18.190257102+02:00,2019-10-01T17:29:58.552073359+02:00,30580.361816
2019-10-01 16:39:25.900120599+02:00,1569940765900120599,1,bid,0.269999999999996,84.0,84.02,83.73,27547.709863497,0,27547.709863497,quantile,0.95,0.269999999999996,2019-10-01T09:00:18.190257102+02:00,2019-10-01T09:00:18.190257102+02:00,2019-10-01T17:29:58.552073359+02:00,30580.361816
2019-10-01 16:39:27.838783341+02:00,1569940767838783341,1,bid,0.5999999999999943,83.99,84.01,83.39,27549.648526239,0,27549.648526239,quantile,0.95,0.269999999999996,2019-10-01T09:00:18.190257102+02:00,2019-10-01T09:00:18.190257102+02:00,2019-10-01T17:29:58.552073359+02:00,30580.361816
2019-10-01 16:39:27.888676159+02:00,1569940767888676159,1,bid,0.4200000000000017,83.99,84.0,83.57,27549.698419057,0,27549.698419057,quantile,0.95,0.269999999999996,2019-10-01T09:00:18.190257102+02:00,2019-10-01T09:00:18.190257102+02:00,2019-10-01T17:29:58.552073359+02:00,30580.361816
2019-10-01 16:39:27.963174538+02:00,1569940767963174538,1,bid,0.4500000000000028,83.98,84.0,83.53,27549.772917436,0,27549.772917436,quantile,0.95,0.269999999999996,2019-10-01T09:00:18.190257102+02:00,2019-10-01T09:00:18.190257102+02:00,2019-10-01T17:29:58.552073359+02:00,30580.361816
2019-10-01 16:39:28.888676819+02:00,1569940768888676819,1,bid,0.4099999999999966,83.97,83.99,83.56,27550.698419717,0,27550.698419717,quantile,0.95,0.269999999999996,2019-10-01T09:00:18.190257102+02:00,2019-10-01T09:00:18.190257102+02:00,2019-10-01T17:29:58.552073359+02:00,30580.361816
2019-10-01 16:39:29.888677533+02:00,1569940769888677533,1,bid,0.4200000000000017,83.97,83.99,83.55,27551.698420431,0,27551.698420431,quantile,0.95,0.269999999999996,2019-10-01T09:00:18.190257102+02:00,2019-10-01T09:00:18.190257102+02:00,2019-10-01T17:29:58.552073359+02:00,30580.361816
2019-10-01 16:39:41.955306367+02:00,1569940781955306367,1,bid,0.4399999999999977,84.0,84.01,83.56,27563.765049265,0,27563.765049265,quantile,0.95,0.269999999999996,2019-10-01T09:00:18.190257102+02:00,2019-10-01T09:00:18.190257102+02:00,2019-10-01T17:29:58.552073359+02:00,30580.361816
2019-10-01 16:40:18.840182785+02:00,1569940818840182785,1,bid,0.4500000000000028,83.98,84.0,83.53,27600.649925683,0,27600.649925683,quantile,0.95,0.269999999999996,2019-10-01T09:00:18.190257102+02:00,2019-10-01T09:00:18.190257102+02:00,2019-10-01T17:29:58.552073359+02:00,30580.361816
2019-10-01 16:40:32.038786380+02:00,1569940832038786380,1,bid,0.4399999999999977,83.95,83.96,83.51,27613.848529278,0,27613.848529278,quantile,0.95,0.269999999999996,2019-10-01T09:00:18.190257102+02:00,2019-10-01T09:00:18.190257102+02:00,2019-10-01T17:29:58.552073359+02:00,30580.361816
2019-10-01 16:40:32.888683877+02:00,1569940832888683877,1,bid,0.4099999999999966,83.95,83.97,83.54,27614.698426775,0,27614.698426775,quantile,0.95,0.269999999999996,2019-10-01T09:00:18.190257102+02:00,2019-10-01T09:00:18.190257102+02:00,2019-10-01T17:29:58.552073359+02:00,30580.361816
2019-10-01 16:40:36.888685833+02:00,1569940836888685833,1,bid,0.4200000000000017,83.95,83.98,83.53,27618.698428731,0,27618.698428731,quantile,0.95,0.269999999999996,2019-10-01T09:00:18.190257102+02:00,2019-10-01T09:00:18.190257102+02:00,2019-10-01T17:29:58.552073359+02:00,30580.361816
2019-10-01 16:41:01.752063931+02:00,1569940861752063931,1,bid,0.269999999999996,83.96,83.98,83.69,27643.561806829,0,27643.561806829,quantile,0.95,0.269999999999996,2019-10-01T09:00:18.190257102+02:00,2019-10-01T09:00:18.190257102+02:00,2019-10-01T17:29:58.552073359+02:00,30580.361816
2019-10-01 16:41:07.168511323+02:00,1569940867168511323,1,bid,0.4399999999999977,83.98,83.99,83.54,27648.978254221,0,27648.978254221,quantile,0.95,0.269999999999996,2019-10-01T09:00:18.190257102+02:00,2019-10-01T09:00:18.190257102+02:00,2019-10-01T17:29:58.552073359+02:00,30580.361816
2019-10-01 16:41:16.939674108+02:00,1569940876939674108,1,bid,0.4300000000000068,84.0,84.03,83.57,27658.749417006,0,27658.749417006,quantile,0.95,0.269999999999996,2019-10-01T09:00:18.190257102+02:00,2019-10-01T09:00:18.190257102+02:00,2019-10-01T17:29:58.552073359+02:00,30580.361816
2019-10-01 16:41:31.759337126+02:00,1569940891759337126,1,bid,0.269999999999996,84.0,84.01,83.73,27673.569080024,0,27673.569080024,quantile,0.95,0.269999999999996,2019-10-01T09:00:18.190257102+02:00,2019-10-01T09:00:18.190257102+02:00,2019-10-01T17:29:58.552073359+02:00,30580.361816
2019-10-01 16:41:49.956712749+02:00,1569940909956712749,1,bid,0.4500000000000028,83.98,83.99,83.53,27691.766455647,0,27691.766455647,quantile,0.95,0.269999999999996,2019-10-01T09:00:18.190257102+02:00,2019-10-01T09:00:18.190257102+02:00,2019-10-01T17:29:58.552073359+02:00,30580.361816
2019-10-01 16:42:03.748827300+02:00,1569940923748827300,1,bid,0.4500000000000028,83.95,83.97,83.5,27705.558570198,0,27705.558570198,quantile,0.95,0.269999999999996,2019-10-01T09:00:18.190257102+02:00,2019-10-01T09:00:18.190257102+02:00,2019-10-01T17:29:58.552073359+02:00,30580.361816
2019-10-01 16:42:09.888688784+02:00,1569940929888688784,1,bid,0.4200000000000017,83.94,83.96,83.52,27711.698431682,0,27711.698431682,quantile,0.95,0.269999999999996,2019-10-01T09:00:18.190257102+02:00,2019-10-01T09:00:18.190257102+02:00,2019-10-01T17:29:58.552073359+02:00,30580.361816
2019-10-01 16:42:12.888690995+02:00,1569940932888690995,1,bid,0.4200000000000017,83.93,83.94,83.51,27714.698433893,0,27714.698433893,quantile,0.95,0.269999999999996,2019-10-01T09:00:18.190257102+02:00,2019-10-01T09:00:18.190257102+02:00,2019-10-01T17:29:58.552073359+02:00,30580.361816
2019-10-01 16:42:21.781298110+02:00,1569940941781298110,1,bid,0.269999999999996,83.95,83.97,83.68,27723.591041008,0,27723.591041008,quantile,0.95,0.269999999999996,2019-10-01T09:00:18.190257102+02:00,2019-10-01T09:00:18.190257102+02:00,2019-10-01T17:29:58.552073359+02:00,30580.361816
2019-10-01 16:42:30.658442857+02:00,1569940950658442857,1,bid,0.8300000000000125,83.93,83.94,83.1,27732.468185755,0,27732.468185755,quantile,0.95,0.269999999999996,2019-10-01T09:00:18.190257102+02:00,2019-10-01T09:00:18.190257102+02:00,2019-10-01T17:29:58.552073359+02:00,30580.361816
2019-10-01 16:42:32.052701486+02:00,1569940952052701486,1,bid,0.4500000000000028,83.92,83.94,83.47,27733.862444384,0,27733.862444384,quantile,0.95,0.269999999999996,2019-10-01T09:00:18.190257102+02:00,2019-10-01T09:00:18.190257102+02:00,2019-10-01T17:29:58.552073359+02:00,30580.361816
2019-10-01 16:42:32.888736401+02:00,1569940952888736401,1,bid,0.4099999999999966,83.91,83.93,83.5,27734.698479299,0,27734.698479299,quantile,0.95,0.269999999999996,2019-10-01T09:00:18.190257102+02:00,2019-10-01T09:00:18.190257102+02:00,2019-10-01T17:29:58.552073359+02:00,30580.361816
2019-10-01 16:42:51.802219976+02:00,1569940971802219976,1,bid,0.269999999999996,83.92,83.94,83.65,27753.611962874,0,27753.611962874,quantile,0.95,0.269999999999996,2019-10-01T09:00:18.190257102+02:00,2019-10-01T09:00:18.190257102+02:00,2019-10-01T17:29:58.552073359+02:00,30580.361816
2019-10-01 16:43:11.838254821+02:00,1569940991838254821,1,bid,0.269999999999996,83.91,83.94,83.64,27773.647997719,0,27773.647997719,quantile,0.95,0.269999999999996,2019-10-01T09:00:18.190257102+02:00,2019-10-01T09:00:18.190257102+02:00,2019-10-01T17:29:58.552073359+02:00,30580.361816
2019-10-01 16:43:20.925967445+02:00,1569941000925967445,1,bid,0.4399999999999977,83.94,83.95,83.5,27782.735710343,0,27782.735710343,quantile,0.95,0.269999999999996,2019-10-01T09:00:18.190257102+02:00,2019-10-01T09:00:18.190257102+02:00,2019-10-01T17:29:58.552073359+02:00,30580.361816
2019-10-01 16:43:31.851527330+02:00,1569941011851527330,1,bid,0.2700000000000102,83.93,83.95,83.66,27793.661270228,0,27793.661270228,quantile,0.95,0.269999999999996,2019-10-01T09:00:18.190257102+02:00,2019-10-01T09:00:18.190257102+02:00,2019-10-01T17:29:58.552073359+02:00,30580.361816
2019-10-01 16:43:32.298657159+02:00,1569941012298657159,1,bid,0.4500000000000028,83.92,83.94,83.47,27794.108400057,0,27794.108400057,quantile,0.95,0.269999999999996,2019-10-01T09:00:18.190257102+02:00,2019-10-01T09:00:18.190257102+02:00,2019-10-01T17:29:58.552073359+02:00,30580.361816
2019-10-01 16:43:32.329767410+02:00,1569941012329767410,1,bid,0.4500000000000028,83.89,83.91,83.44,27794.139510308,0,27794.139510308,quantile,0.95,0.269999999999996,2019-10-01T09:00:18.190257102+02:00,2019-10-01T09:00:18.190257102+02:00,2019-10-01T17:29:58.552073359+02:00,30580.361816
2019-10-01 16:43:32.338760062+02:00,1569941012338760062,1,bid,0.5999999999999943,83.88,83.9,83.28,27794.14850296,0,27794.14850296,quantile,0.95,0.269999999999996,2019-10-01T09:00:18.190257102+02:00,2019-10-01T09:00:18.190257102+02:00,2019-10-01T17:29:58.552073359+02:00,30580.361816
2019-10-01 16:43:32.593374947+02:00,1569941012593374947,1,bid,0.269999999999996,83.86,83.88,83.59,27794.403117845,0,27794.403117845,quantile,0.95,0.269999999999996,2019-10-01T09:00:18.190257102+02:00,2019-10-01T09:00:18.190257102+02:00,2019-10-01T17:29:58.552073359+02:00,30580.361816
2019-10-01 16:43:32.701559219+02:00,1569941012701559219,1,bid,0.4500000000000028,83.86,83.88,83.41,27794.511302117,0,27794.511302117,quantile,0.95,0.269999999999996,2019-10-01T09:00:18.190257102+02:00,2019-10-01T09:00:18.190257102+02:00,2019-10-01T17:29:58.552073359+02:00,30580.361816
2019-10-01 16:43:33.888697860+02:00,1569941013888697860,1,bid,0.3800000000000096,83.87,83.89,83.49,27795.698440758,0,27795.698440758,quantile,0.95,0.269999999999996,2019-10-01T09:00:18.190257102+02:00,2019-10-01T09:00:18.190257102+02:00,2019-10-01T17:29:58.552073359+02:00,30580.361816
2019-10-01 16:43:34.888700163+02:00,1569941014888700163,1,bid,0.3900000000000005,83.87,83.89,83.48,27796.698443061,0,27796.698443061,quantile,0.95,0.269999999999996,2019-10-01T09:00:18.190257102+02:00,2019-10-01T09:00:18.190257102+02:00,2019-10-01T17:29:58.552073359+02:00,30580.361816
2019-10-01 16:43:35.658032361+02:00,1569941015658032361,1,bid,0.4399999999999977,83.88,83.9,83.44,27797.467775259,0,27797.467775259,quantile,0.95,0.269999999999996,2019-10-01T09:00:18.190257102+02:00,2019-10-01T09:00:18.190257102+02:00,2019-10-01T17:29:58.552073359+02:00,30580.361816
2019-10-01 16:43:39.888699472+02:00,1569941019888699472,1,bid,0.4099999999999966,83.88,83.9,83.47,27801.69844237,0,27801.69844237,quantile,0.95,0.269999999999996,2019-10-01T09:00:18.190257102+02:00,2019-10-01T09:00:18.190257102+02:00,2019-10-01T17:29:58.552073359+02:00,30580.361816
2019-10-01 16:43:42.888742556+02:00,1569941022888742556,1,bid,0.4000000000000057,83.86,83.88,83.46,27804.698485454,0,27804.698485454,quantile,0.95,0.269999999999996,2019-10-01T09:00:18.190257102+02:00,2019-10-01T09:00:18.190257102+02:00,2019-10-01T17:29:58.552073359+02:00,30580.361816
2019-10-01 16:43:43.351507404+02:00,1569941023351507404,1,bid,0.2700000000000102,83.87,83.88,83.6,27805.161250302,0,27805.161250302,quantile,0.95,0.269999999999996,2019-10-01T09:00:18.190257102+02:00,2019-10-01T09:00:18.190257102+02:00,2019-10-01T17:29:58.552073359+02:00,30580.361816
2019-10-01 16:43:50.888707447+02:00,1569941030888707447,1,bid,0.4200000000000017,83.87,83.89,83.45,27812.698450345,0,27812.698450345,quantile,0.95,0.269999999999996,2019-10-01T09:00:18.190257102+02:00,2019-10-01T09:00:18.190257102+02:00,2019-10-01T17:29:58.552073359+02:00,30580.361816
2019-10-01 16:44:14.245833024+02:00,1569941054245833024,1,bid,0.4500000000000028,83.86,83.88,83.41,27836.055575922,0,27836.055575922,quantile,0.95,0.269999999999996,2019-10-01T09:00:18.190257102+02:00,2019-10-01T09:00:18.190257102+02:00,2019-10-01T17:29:58.552073359+02:00,30580.361816
2019-10-01 16:44:14.888705629+02:00,1569941054888705629,1,bid,0.4099999999999966,83.85,83.87,83.44,27836.698448527,0,27836.698448527,quantile,0.95,0.269999999999996,2019-10-01T09:00:18.190257102+02:00,2019-10-01T09:00:18.190257102+02:00,2019-10-01T17:29:58.552073359+02:00,30580.361816
2019-10-01 16:44:24.248554482+02:00,1569941064248554482,1,bid,0.269999999999996,83.86,83.87,83.59,27846.05829738,0,27846.05829738,quantile,0.95,0.269999999999996,2019-10-01T09:00:18.190257102+02:00,2019-10-01T09:00:18.190257102+02:00,2019-10-01T17:29:58.552073359+02:00,30580.361816
2019-10-01 16:44:43.632596587+02:00,1569941083632596587,1,bid,0.4399999999999977,83.88,83.89,83.44,27865.442339485,0,27865.442339485,quantile,0.95,0.269999999999996,2019-10-01T09:00:18.190257102+02:00,2019-10-01T09:00:18.190257102+02:00,2019-10-01T17:29:58.552073359+02:00,30580.361816
2019-10-01 16:45:05.718713604+02:00,1569941105718713604,1,bid,0.269999999999996,83.88,83.9,83.61,27887.528456502,0,27887.528456502,quantile,0.95,0.269999999999996,2019-10-01T09:00:18.190257102+02:00,2019-10-01T09:00:18.190257102+02:00,2019-10-01T17:29:58.552073359+02:00,30580.361816
2019-10-01 16:45:55.351941730+02:00,1569941155351941730,1,bid,0.2700000000000102,83.87,83.89,83.6,27937.161684628,0,27937.161684628,quantile,0.95,0.269999999999996,2019-10-01T09:00:18.190257102+02:00,2019-10-01T09:00:18.190257102+02:00,2019-10-01T17:29:58.552073359+02:00,30580.361816
2019-10-01 16:46:35.543709956+02:00,1569941195543709956,1,bid,0.4500000000000028,83.86,83.87,83.41,27977.353452854,0,27977.353452854,quantile,0.95,0.269999999999996,2019-10-01T09:00:18.190257102+02:00,2019-10-01T09:00:18.190257102+02:00,2019-10-01T17:29:58.552073359+02:00,30580.361816
2019-10-01 16:46:35.888718475+02:00,1569941195888718475,1,bid,0.4199999999999875,83.85,83.87,83.43,27977.698461373,0,27977.698461373,quantile,0.95,0.269999999999996,2019-10-01T09:00:18.190257102+02:00,2019-10-01T09:00:18.190257102+02:00,2019-10-01T17:29:58.552073359+02:00,30580.361816
2019-10-01 16:46:57.705855961+02:00,1569941217705855961,1,bid,0.4500000000000028,83.83,83.85,83.38,27999.515598859,0,27999.515598859,quantile,0.95,0.269999999999996,2019-10-01T09:00:18.190257102+02:00,2019-10-01T09:00:18.190257102+02:00,2019-10-01T17:29:58.552073359+02:00,30580.361816
2019-10-01 16:46:57.888721099+02:00,1569941217888721099,1,bid,0.4099999999999966,83.83,83.85,83.42,27999.698463997,0,27999.698463997,quantile,0.95,0.269999999999996,2019-10-01T09:00:18.190257102+02:00,2019-10-01T09:00:18.190257102+02:00,2019-10-01T17:29:58.552073359+02:00,30580.361816
2019-10-01 16:46:59.888720914+02:00,1569941219888720914,1,bid,0.4099999999999966,83.82,83.84,83.41,28001.698463812,0,28001.698463812,quantile,0.95,0.269999999999996,2019-10-01T09:00:18.190257102+02:00,2019-10-01T09:00:18.190257102+02:00,2019-10-01T17:29:58.552073359+02:00,30580.361816
2019-10-01 16:47:03.108637652+02:00,1569941223108637652,1,bid,0.4399999999999977,83.85,83.86,83.41,28004.91838055,0,28004.91838055,quantile,0.95,0.269999999999996,2019-10-01T09:00:18.190257102+02:00,2019-10-01T09:00:18.190257102+02:00,2019-10-01T17:29:58.552073359+02:00,30580.361816
2019-10-01 16:47:06.013413036+02:00,1569941226013413036,1,bid,0.4500000000000028,83.83,83.86,83.38,28007.823155934,0,28007.823155934,quantile,0.95,0.269999999999996,2019-10-01T09:00:18.190257102+02:00,2019-10-01T09:00:18.190257102+02:00,2019-10-01T17:29:58.552073359+02:00,30580.361816
2019-10-01 16:47:15.001299673+02:00,1569941235001299673,1,bid,0.2700000000000102,83.84,83.86,83.57,28016.811042571,0,28016.811042571,quantile,0.95,0.269999999999996,2019-10-01T09:00:18.190257102+02:00,2019-10-01T09:00:18.190257102+02:00,2019-10-01T17:29:58.552073359+02:00,30580.361816
2019-10-01 16:47:18.872740158+02:00,1569941238872740158,1,bid,0.4399999999999977,83.85,83.87,83.41,28020.682483056,0,28020.682483056,quantile,0.95,0.269999999999996,2019-10-01T09:00:18.190257102+02:00,2019-10-01T09:00:18.190257102+02:00,2019-10-01T17:29:58.552073359+02:00,30580.361816
2019-10-01 16:47:36.306581005+02:00,1569941256306581005,1,bid,0.8499999999999943,83.85,83.87,83.0,28038.116323903,0,28038.116323903,quantile,0.95,0.269999999999996,2019-10-01T09:00:18.190257102+02:00,2019-10-01T09:00:18.190257102+02:00,2019-10-01T17:29:58.552073359+02:00,30580.361816
2019-10-01 16:48:10.867384351+02:00,1569941290867384351,1,bid,0.269999999999996,83.86,83.89,83.59,28072.677127249,0,28072.677127249,quantile,0.95,0.269999999999996,2019-10-01T09:00:18.190257102+02:00,2019-10-01T09:00:18.190257102+02:00,2019-10-01T17:29:58.552073359+02:00,30580.361816
2019-10-01 16:49:06.769269808+02:00,1569941346769269808,1,bid,0.4500000000000028,83.83,83.85,83.38,28128.579012706,0,28128.579012706,quantile,0.95,0.269999999999996,2019-10-01T09:00:18.190257102+02:00,2019-10-01T09:00:18.190257102+02:00,2019-10-01T17:29:58.552073359+02:00,30580.361816
2019-10-01 16:49:11.888781229+02:00,1569941351888781229,1,bid,0.4199999999999875,83.82,83.84,83.4,28133.698524127,0,28133.698524127,quantile,0.95,0.269999999999996,2019-10-01T09:00:18.190257102+02:00,2019-10-01T09:00:18.190257102+02:00,2019-10-01T17:29:58.552073359+02:00,30580.361816
2019-10-01 16:49:13.888732969+02:00,1569941353888732969,1,bid,0.4200000000000017,83.81,83.83,83.39,28135.698475867,0,28135.698475867,quantile,0.95,0.269999999999996,2019-10-01T09:00:18.190257102+02:00,2019-10-01T09:00:18.190257102+02:00,2019-10-01T17:29:58.552073359+02:00,30580.361816
2019-10-01 16:49:26.696114701+02:00,1569941366696114701,1,bid,0.4500000000000028,83.8,83.81,83.35,28148.505857599,0,28148.505857599,quantile,0.95,0.269999999999996,2019-10-01T09:00:18.190257102+02:00,2019-10-01T09:00:18.190257102+02:00,2019-10-01T17:29:58.552073359+02:00,30580.361816
2019-10-01 16:49:26.888742780+02:00,1569941366888742780,1,bid,0.4100000000000108,83.79,83.81,83.38,28148.698485678,0,28148.698485678,quantile,0.95,0.269999999999996,2019-10-01T09:00:18.190257102+02:00,2019-10-01T09:00:18.190257102+02:00,2019-10-01T17:29:58.552073359+02:00,30580.361816
2019-10-01 16:49:27.888740103+02:00,1569941367888740103,1,bid,0.4200000000000017,83.79,83.81,83.37,28149.698483001,0,28149.698483001,quantile,0.95,0.269999999999996,2019-10-01T09:00:18.190257102+02:00,2019-10-01T09:00:18.190257102+02:00,2019-10-01T17:29:58.552073359+02:00,30580.361816
2019-10-01 16:49:46.314688046+02:00,1569941386314688046,1,bid,0.4300000000000068,83.81,83.84,83.38,28168.124430944,0,28168.124430944,quantile,0.95,0.269999999999996,2019-10-01T09:00:18.190257102+02:00,2019-10-01T09:00:18.190257102+02:00,2019-10-01T17:29:58.552073359+02:00,30580.361816
2019-10-01 16:49:47.368687093+02:00,1569941387368687093,1,bid,0.269999999999996,83.81,83.82,83.54,28169.178429991,0,28169.178429991,quantile,0.95,0.269999999999996,2019-10-01T09:00:18.190257102+02:00,2019-10-01T09:00:18.190257102+02:00,2019-10-01T17:29:58.552073359+02:00,30580.361816
2019-10-01 16:49:47.431400207+02:00,1569941387431400207,1,bid,0.4600000000000079,83.81,83.82,83.35,28169.241143105,0,28169.241143105,quantile,0.95,0.269999999999996,2019-10-01T09:00:18.190257102+02:00,2019-10-01T09:00:18.190257102+02:00,2019-10-01T17:29:58.552073359+02:00,30580.361816
2019-10-01 16:49:54.437055510+02:00,1569941394437055510,1,bid,0.6099999999999994,83.76,83.79,83.15,28176.246798408,0,28176.246798408,quantile,0.95,0.269999999999996,2019-10-01T09:00:18.190257102+02:00,2019-10-01T09:00:18.190257102+02:00,2019-10-01T17:29:58.552073359+02:00,30580.361816
2019-10-01 16:49:54.445433352+02:00,1569941394445433352,1,bid,0.4399999999999977,83.75,83.77,83.31,28176.25517625,0,28176.25517625,quantile,0.95,0.269999999999996,2019-10-01T09:00:18.190257102+02:00,2019-10-01T09:00:18.190257102+02:00,2019-10-01T17:29:58.552073359+02:00,30580.361816
2019-10-01 16:49:54.506460435+02:00,1569941394506460435,1,bid,0.2800000000000011,83.75,83.77,83.47,28176.316203333,0,28176.316203333,quantile,0.95,0.269999999999996,2019-10-01T09:00:18.190257102+02:00,2019-10-01T09:00:18.190257102+02:00,2019-10-01T17:29:58.552073359+02:00,30580.361816
2019-10-01 16:49:54.657402701+02:00,1569941394657402701,1,bid,0.4599999999999937,83.74,83.76,83.28,28176.467145599,0,28176.467145599,quantile,0.95,0.269999999999996,2019-10-01T09:00:18.190257102+02:00,2019-10-01T09:00:18.190257102+02:00,2019-10-01T17:29:58.552073359+02:00,30580.361816
2019-10-01 16:49:55.888789155+02:00,1569941395888789155,1,bid,0.3799999999999954,83.74,83.76,83.36,28177.698532053,0,28177.698532053,quantile,0.95,0.269999999999996,2019-10-01T09:00:18.190257102+02:00,2019-10-01T09:00:18.190257102+02:00,2019-10-01T17:29:58.552073359+02:00,30580.361816
2019-10-01 16:49:56.888788305+02:00,1569941396888788305,1,bid,0.3900000000000005,83.74,83.76,83.35,28178.698531203,0,28178.698531203,quantile,0.95,0.269999999999996,2019-10-01T09:00:18.190257102+02:00,2019-10-01T09:00:18.190257102+02:00,2019-10-01T17:29:58.552073359+02:00,30580.361816
2019-10-01 16:49:57.888780861+02:00,1569941397888780861,1,bid,0.3999999999999915,83.74,83.76,83.34,28179.698523759,0,28179.698523759,quantile,0.95,0.269999999999996,2019-10-01T09:00:18.190257102+02:00,2019-10-01T09:00:18.190257102+02:00,2019-10-01T17:29:58.552073359+02:00,30580.361816
2019-10-01 16:49:58.737604088+02:00,1569941398737604088,1,bid,0.4299999999999926,83.74,83.76,83.31,28180.547346986,0,28180.547346986,quantile,0.95,0.269999999999996,2019-10-01T09:00:18.190257102+02:00,2019-10-01T09:00:18.190257102+02:00,2019-10-01T17:29:58.552073359+02:00,30580.361816
2019-10-01 16:50:00.356342673+02:00,1569941400356342673,1,bid,0.2900000000000062,83.75,83.77,83.46,28182.166085571,0,28182.166085571,quantile,0.95,0.269999999999996,2019-10-01T09:00:18.190257102+02:00,2019-10-01T09:00:18.190257102+02:00,2019-10-01T17:29:58.552073359+02:00,30580.361816
2019-10-01 16:50:00.888787948+02:00,1569941400888787948,1,bid,0.4099999999999966,83.74,83.77,83.33,28182.698530846,0,28182.698530846,quantile,0.95,0.269999999999996,2019-10-01T09:00:18.190257102+02:00,2019-10-01T09:00:18.190257102+02:00,2019-10-01T17:29:58.552073359+02:00,30580.361816
2019-10-01 16:50:04.509074569+02:00,1569941404509074569,1,bid,0.2700000000000102,83.76,83.78,83.49,28186.318817467,0,28186.318817467,quantile,0.95,0.269999999999996,2019-10-01T09:00:18.190257102+02:00,2019-10-01T09:00:18.190257102+02:00,2019-10-01T17:29:58.552073359+02:00,30580.361816
2019-10-01 16:50:05.834927060+02:00,1569941405834927060,1,bid,0.4399999999999977,83.77,83.8,83.33,28187.644669958,0,28187.644669958,quantile,0.95,0.269999999999996,2019-10-01T09:00:18.190257102+02:00,2019-10-01T09:00:18.190257102+02:00,2019-10-01T17:29:58.552073359+02:00,30580.361816
2019-10-01 16:50:06.641858945+02:00,1569941406641858945,1,bid,0.4200000000000017,83.78,83.81,83.36,28188.451601843,0,28188.451601843,quantile,0.95,0.269999999999996,2019-10-01T09:00:18.190257102+02:00,2019-10-01T09:00:18.190257102+02:00,2019-10-01T17:29:58.552073359+02:00,30580.361816
2019-10-01 16:50:06.704864081+02:00,1569941406704864081,1,bid,0.4500000000000028,83.78,83.8,83.33,28188.514606979,0,28188.514606979,quantile,0.95,0.269999999999996,2019-10-01T09:00:18.190257102+02:00,2019-10-01T09:00:18.190257102+02:00,2019-10-01T17:29:58.552073359+02:00,30580.361816
2019-10-01 16:50:11.008371385+02:00,1569941411008371385,1,bid,0.4300000000000068,83.79,83.81,83.36,28192.818114283,0,28192.818114283,quantile,0.95,0.269999999999996,2019-10-01T09:00:18.190257102+02:00,2019-10-01T09:00:18.190257102+02:00,2019-10-01T17:29:58.552073359+02:00,30580.361816
2019-10-01 16:50:14.295920033+02:00,1569941414295920033,1,bid,0.4500000000000028,83.78,83.81,83.33,28196.105662931,0,28196.105662931,quantile,0.95,0.269999999999996,2019-10-01T09:00:18.190257102+02:00,2019-10-01T09:00:18.190257102+02:00,2019-10-01T17:29:58.552073359+02:00,30580.361816
2019-10-01 16:50:23.456112568+02:00,1569941423456112568,1,bid,0.4300000000000068,83.79,83.82,83.36,28205.265855466,0,28205.265855466,quantile,0.95,0.269999999999996,2019-10-01T09:00:18.190257102+02:00,2019-10-01T09:00:18.190257102+02:00,2019-10-01T17:29:58.552073359+02:00,30580.361816
2019-10-01 16:50:34.522251704+02:00,1569941434522251704,1,bid,0.269999999999996,83.8,83.83,83.53,28216.331994602,0,28216.331994602,quantile,0.95,0.269999999999996,2019-10-01T09:00:18.190257102+02:00,2019-10-01T09:00:18.190257102+02:00,2019-10-01T17:29:58.552073359+02:00,30580.361816
2019-10-01 16:50:44.536134892+02:00,1569941444536134892,1,bid,0.4600000000000079,83.79,83.8,83.33,28226.34587779,0,28226.34587779,quantile,0.95,0.269999999999996,2019-10-01T09:00:18.190257102+02:00,2019-10-01T09:00:18.190257102+02:00,2019-10-01T17:29:58.552073359+02:00,30580.361816
2019-10-01 16:51:04.551621695+02:00,1569941464551621695,1,bid,0.269999999999996,83.78,83.8,83.51,28246.361364593,0,28246.361364593,quantile,0.95,0.269999999999996,2019-10-01T09:00:18.190257102+02:00,2019-10-01T09:00:18.190257102+02:00,2019-10-01T17:29:58.552073359+02:00,30580.361816
2019-10-01 16:51:24.600115359+02:00,1569941484600115359,1,bid,0.269999999999996,83.77,83.8,83.5,28266.409858257,0,28266.409858257,quantile,0.95,0.269999999999996,2019-10-01T09:00:18.190257102+02:00,2019-10-01T09:00:18.190257102+02:00,2019-10-01T17:29:58.552073359+02:00,30580.361816
2019-10-01 16:51:31.551434211+02:00,1569941491551434211,1,bid,0.4300000000000068,83.79,83.81,83.36,28273.361177109,0,28273.361177109,quantile,0.95,0.269999999999996,2019-10-01T09:00:18.190257102+02:00,2019-10-01T09:00:18.190257102+02:00,2019-10-01T17:29:58.552073359+02:00,30580.361816
2019-10-01 16:51:41.353788075+02:00,1569941501353788075,1,bid,0.4399999999999977,83.77,83.79,83.33,28283.163530973,0,28283.163530973,quantile,0.95,0.269999999999996,2019-10-01T09:00:18.190257102+02:00,2019-10-01T09:00:18.190257102+02:00,2019-10-01T17:29:58.552073359+02:00,30580.361816
2019-10-01 16:51:54.486600997+02:00,1569941514486600997,1,bid,0.2700000000000102,83.79,83.8,83.52,28296.296343895,0,28296.296343895,quantile,0.95,0.269999999999996,2019-10-01T09:00:18.190257102+02:00,2019-10-01T09:00:18.190257102+02:00,2019-10-01T17:29:58.552073359+02:00,30580.361816
2019-10-01 16:51:56.405947065+02:00,1569941516405947065,1,bid,0.4299999999999926,83.8,83.82,83.37,28298.215689963,0,28298.215689963,quantile,0.95,0.269999999999996,2019-10-01T09:00:18.190257102+02:00,2019-10-01T09:00:18.190257102+02:00,2019-10-01T17:29:58.552073359+02:00,30580.361816
2019-10-01 16:51:57.601323826+02:00,1569941517601323826,1,bid,0.4599999999999937,83.8,83.82,83.34,28299.411066724,0,28299.411066724,quantile,0.95,0.269999999999996,2019-10-01T09:00:18.190257102+02:00,2019-10-01T09:00:18.190257102+02:00,2019-10-01T17:29:58.552073359+02:00,30580.361816
2019-10-01 16:52:01.755654186+02:00,1569941521755654186,1,bid,0.4399999999999977,83.81,83.82,83.37,28303.565397084,0,28303.565397084,quantile,0.95,0.269999999999996,2019-10-01T09:00:18.190257102+02:00,2019-10-01T09:00:18.190257102+02:00,2019-10-01T17:29:58.552073359+02:00,30580.361816
2019-10-01 16:52:30.348104514+02:00,1569941550348104514,1,bid,0.4500000000000028,83.79,83.8,83.34,28332.157847412,0,28332.157847412,quantile,0.95,0.269999999999996,2019-10-01T09:00:18.190257102+02:00,2019-10-01T09:00:18.190257102+02:00,2019-10-01T17:29:58.552073359+02:00,30580.361816
2019-10-01 16:52:40.294998011+02:00,1569941560294998011,1,bid,0.4399999999999977,83.75,83.77,83.31,28342.104740909,0,28342.104740909,quantile,0.95,0.269999999999996,2019-10-01T09:00:18.190257102+02:00,2019-10-01T09:00:18.190257102+02:00,2019-10-01T17:29:58.552073359+02:00,30580.361816
2019-10-01 16:52:52.888754451+02:00,1569941572888754451,1,bid,0.4200000000000017,83.74,83.76,83.32,28354.698497349,0,28354.698497349,quantile,0.95,0.269999999999996,2019-10-01T09:00:18.190257102+02:00,2019-10-01T09:00:18.190257102+02:00,2019-10-01T17:29:58.552073359+02:00,30580.361816
2019-10-01 16:53:01.888757631+02:00,1569941581888757631,1,bid,0.4200000000000017,83.73,83.75,83.31,28363.698500529,0,28363.698500529,quantile,0.95,0.269999999999996,2019-10-01T09:00:18.190257102+02:00,2019-10-01T09:00:18.190257102+02:00,2019-10-01T17:29:58.552073359+02:00,30580.361816
2019-10-01 16:53:10.388341475+02:00,1569941590388341475,1,bid,0.269999999999996,83.75,83.77,83.48,28372.198084373,0,28372.198084373,quantile,0.95,0.269999999999996,2019-10-01T09:00:18.190257102+02:00,2019-10-01T09:00:18.190257102+02:00,2019-10-01T17:29:58.552073359+02:00,30580.361816
2019-10-01 16:53:23.229430178+02:00,1569941603229430178,1,bid,0.4399999999999977,83.78,83.79,83.34,28385.039173076,0,28385.039173076,quantile,0.95,0.269999999999996,2019-10-01T09:00:18.190257102+02:00,2019-10-01T09:00:18.190257102+02:00,2019-10-01T17:29:58.552073359+02:00,30580.361816
2019-10-01 16:53:30.402525189+02:00,1569941610402525189,1,bid,0.269999999999996,83.78,83.8,83.51,28392.212268087,0,28392.212268087,quantile,0.95,0.269999999999996,2019-10-01T09:00:18.190257102+02:00,2019-10-01T09:00:18.190257102+02:00,2019-10-01T17:29:58.552073359+02:00,30580.361816
2019-10-01 16:53:51.088987404+02:00,1569941631088987404,1,bid,0.4399999999999977,83.81,83.83,83.37,28412.898730302,0,28412.898730302,quantile,0.95,0.269999999999996,2019-10-01T09:00:18.190257102+02:00,2019-10-01T09:00:18.190257102+02:00,2019-10-01T17:29:58.552073359+02:00,30580.361816
2019-10-01 16:54:04.818502779+02:00,1569941644818502779,1,bid,0.4399999999999977,83.84,83.86,83.4,28426.628245677,0,28426.628245677,quantile,0.95,0.269999999999996,2019-10-01T09:00:18.190257102+02:00,2019-10-01T09:00:18.190257102+02:00,2019-10-01T17:29:58.552073359+02:00,30580.361816
2019-10-01 16:54:05.141803139+02:00,1569941645141803139,1,bid,0.2700000000000102,83.84,83.86,83.57,28426.951546037,0,28426.951546037,quantile,0.95,0.269999999999996,2019-10-01T09:00:18.190257102+02:00,2019-10-01T09:00:18.190257102+02:00,2019-10-01T17:29:58.552073359+02:00,30580.361816
2019-10-01 16:54:16.298355196+02:00,1569941656298355196,1,bid,0.6099999999999994,83.87,83.89,83.26,28438.108098094,0,28438.108098094,quantile,0.95,0.269999999999996,2019-10-01T09:00:18.190257102+02:00,2019-10-01T09:00:18.190257102+02:00,2019-10-01T17:29:58.552073359+02:00,30580.361816
2019-10-01 16:54:16.299256228+02:00,1569941656299256228,1,bid,0.4399999999999977,83.87,83.89,83.43,28438.108999126,0,28438.108999126,quantile,0.95,0.269999999999996,2019-10-01T09:00:18.190257102+02:00,2019-10-01T09:00:18.190257102+02:00,2019-10-01T17:29:58.552073359+02:00,30580.361816
2019-10-01 16:54:25.143882661+02:00,1569941665143882661,1,bid,0.269999999999996,83.86,83.88,83.59,28446.953625559,0,28446.953625559,quantile,0.95,0.269999999999996,2019-10-01T09:00:18.190257102+02:00,2019-10-01T09:00:18.190257102+02:00,2019-10-01T17:29:58.552073359+02:00,30580.361816
2019-10-01 16:55:03.041820815+02:00,1569941703041820815,1,bid,0.4499999999999886,83.85,83.86,83.4,28484.851563713,0,28484.851563713,quantile,0.95,0.269999999999996,2019-10-01T09:00:18.190257102+02:00,2019-10-01T09:00:18.190257102+02:00,2019-10-01T17:29:58.552073359+02:00,30580.361816
2019-10-01 16:55:06.705227731+02:00,1569941706705227731,1,bid,0.4399999999999977,83.87,83.89,83.43,28488.514970629,0,28488.514970629,quantile,0.95,0.269999999999996,2019-10-01T09:00:18.190257102+02:00,2019-10-01T09:00:18.190257102+02:00,2019-10-01T17:29:58.552073359+02:00,30580.361816
2019-10-01 16:56:00.630726445+02:00,1569941760630726445,1,bid,0.4399999999999977,83.83,83.86,83.39,28542.440469343,0,28542.440469343,quantile,0.95,0.269999999999996,2019-10-01T09:00:18.190257102+02:00,2019-10-01T09:00:18.190257102+02:00,2019-10-01T17:29:58.552073359+02:00,30580.361816
2019-10-01 16:56:16.851606645+02:00,1569941776851606645,1,bid,0.2700000000000102,83.84,83.86,83.57,28558.661349543,0,28558.661349543,quantile,0.95,0.269999999999996,2019-10-01T09:00:18.190257102+02:00,2019-10-01T09:00:18.190257102+02:00,2019-10-01T17:29:58.552073359+02:00,30580.361816
2019-10-01 16:56:50.321870692+02:00,1569941810321870692,1,bid,0.4500000000000028,83.81,83.82,83.36,28592.13161359,0,28592.13161359,quantile,0.95,0.269999999999996,2019-10-01T09:00:18.190257102+02:00,2019-10-01T09:00:18.190257102+02:00,2019-10-01T17:29:58.552073359+02:00,30580.361816
2019-10-01 16:56:56.882022320+02:00,1569941816882022320,1,bid,0.269999999999996,83.81,83.83,83.54,28598.691765218,0,28598.691765218,quantile,0.95,0.269999999999996,2019-10-01T09:00:18.190257102+02:00,2019-10-01T09:00:18.190257102+02:00,2019-10-01T17:29:58.552073359+02:00,30580.361816
2019-10-01 16:57:04.640455065+02:00,1569941824640455065,1,bid,0.4399999999999977,83.83,83.85,83.39,28606.450197963,0,28606.450197963,quantile,0.95,0.269999999999996,2019-10-01T09:00:18.190257102+02:00,2019-10-01T09:00:18.190257102+02:00,2019-10-01T17:29:58.552073359+02:00,30580.361816
2019-10-01 16:57:11.939055251+02:00,1569941831939055251,1,bid,0.8100000000000023,83.81,83.83,83.0,28613.748798149,0,28613.748798149,quantile,0.95,0.269999999999996,2019-10-01T09:00:18.190257102+02:00,2019-10-01T09:00:18.190257102+02:00,2019-10-01T17:29:58.552073359+02:00,30580.361816
2019-10-01 16:57:16.902609991+02:00,1569941836902609991,1,bid,0.269999999999996,83.83,83.84,83.56,28618.712352889,0,28618.712352889,quantile,0.95,0.269999999999996,2019-10-01T09:00:18.190257102+02:00,2019-10-01T09:00:18.190257102+02:00,2019-10-01T17:29:58.552073359+02:00,30580.361816
2019-10-01 16:57:33.311433971+02:00,1569941853311433971,1,bid,0.4299999999999926,83.85,83.87,83.42,28635.121176869,0,28635.121176869,quantile,0.95,0.269999999999996,2019-10-01T09:00:18.190257102+02:00,2019-10-01T09:00:18.190257102+02:00,2019-10-01T17:29:58.552073359+02:00,30580.361816
2019-10-01 16:57:36.904229433+02:00,1569941856904229433,1,bid,0.269999999999996,83.86,83.87,83.59,28638.713972331,0,28638.713972331,quantile,0.95,0.269999999999996,2019-10-01T09:00:18.190257102+02:00,2019-10-01T09:00:18.190257102+02:00,2019-10-01T17:29:58.552073359+02:00,30580.361816
2019-10-01 16:57:40.213387811+02:00,1569941860213387811,1,bid,0.4500000000000028,83.84,83.86,83.39,28642.023130709,0,28642.023130709,quantile,0.95,0.269999999999996,2019-10-01T09:00:18.190257102+02:00,2019-10-01T09:00:18.190257102+02:00,2019-10-01T17:29:58.552073359+02:00,30580.361816
2019-10-01 16:57:56.918339030+02:00,1569941876918339030,1,bid,0.269999999999996,83.83,83.85,83.56,28658.728081928,0,28658.728081928,quantile,0.95,0.269999999999996,2019-10-01T09:00:18.190257102+02:00,2019-10-01T09:00:18.190257102+02:00,2019-10-01T17:29:58.552073359+02:00,30580.361816
2019-10-01 16:58:23.189191066+02:00,1569941903189191066,1,bid,0.269999999999996,83.82,83.85,83.55,28684.998933964,0,28684.998933964,quantile,0.95,0.269999999999996,2019-10-01T09:00:18.190257102+02:00,2019-10-01T09:00:18.190257102+02:00,2019-10-01T17:29:58.552073359+02:00,30580.361816
2019-10-01 16:58:40.537873472+02:00,1569941920537873472,1,bid,0.4500000000000028,83.81,83.83,83.36,28702.34761637,0,28702.34761637,quantile,0.95,0.269999999999996,2019-10-01T09:00:18.190257102+02:00,2019-10-01T09:00:18.190257102+02:00,2019-10-01T17:29:58.552073359+02:00,30580.361816
2019-10-01 16:58:53.628379659+02:00,1569941933628379659,1,bid,0.4600000000000079,83.79,83.81,83.33,28715.438122557,0,28715.438122557,quantile,0.95,0.269999999999996,2019-10-01T09:00:18.190257102+02:00,2019-10-01T09:00:18.190257102+02:00,2019-10-01T17:29:58.552073359+02:00,30580.361816
2019-10-01 16:58:59.035725819+02:00,1569941939035725819,1,bid,0.4300000000000068,83.79,83.82,83.36,28720.845468717,0,28720.845468717,quantile,0.95,0.269999999999996,2019-10-01T09:00:18.190257102+02:00,2019-10-01T09:00:18.190257102+02:00,2019-10-01T17:29:58.552073359+02:00,30580.361816
2019-10-01 16:59:02.315253124+02:00,1569941942315253124,1,bid,0.4399999999999977,83.77,83.79,83.33,28724.124996022,0,28724.124996022,quantile,0.95,0.269999999999996,2019-10-01T09:00:18.190257102+02:00,2019-10-01T09:00:18.190257102+02:00,2019-10-01T17:29:58.552073359+02:00,30580.361816
2019-10-01 16:59:10.468072348+02:00,1569941950468072348,1,bid,0.2700000000000102,83.79,83.81,83.52,28732.277815246,0,28732.277815246,quantile,0.95,0.269999999999996,2019-10-01T09:00:18.190257102+02:00,2019-10-01T09:00:18.190257102+02:00,2019-10-01T17:29:58.552073359+02:00,30580.361816
2019-10-01 16:59:34.054924469+02:00,1569941974054924469,1,bid,0.4300000000000068,83.79,83.82,83.36,28755.864667367,0,28755.864667367,quantile,0.95,0.269999999999996,2019-10-01T09:00:18.190257102+02:00,2019-10-01T09:00:18.190257102+02:00,2019-10-01T17:29:58.552073359+02:00,30580.361816
2019-10-01 16:59:57.649356412+02:00,1569941997649356412,1,bid,0.4399999999999977,83.77,83.8,83.33,28779.45909931,0,28779.45909931,quantile,0.95,0.269999999999996,2019-10-01T09:00:18.190257102+02:00,2019-10-01T09:00:18.190257102+02:00,2019-10-01T17:29:58.552073359+02:00,30580.361816
2019-10-01 17:00:01.514184691+02:00,1569942001514184691,1,bid,0.5999999999999943,83.75,83.78,83.15,28783.323927589,0,28783.323927589,quantile,0.95,0.269999999999996,2019-10-01T09:00:18.190257102+02:00,2019-10-01T09:00:18.190257102+02:00,2019-10-01T17:29:58.552073359+02:00,30580.361816
2019-10-01 17:00:34.200060338+02:00,1569942034200060338,1,bid,0.2700000000000102,83.76,83.78,83.49,28816.009803236,0,28816.009803236,quantile,0.95,0.269999999999996,2019-10-01T09:00:18.190257102+02:00,2019-10-01T09:00:18.190257102+02:00,2019-10-01T17:29:58.552073359+02:00,30580.361816
2019-10-01 17:01:25.546488801+02:00,1569942085546488801,1,bid,0.269999999999996,83.78,83.8,83.51,28867.356231699,0,28867.356231699,quantile,0.95,0.269999999999996,2019-10-01T09:00:18.190257102+02:00,2019-10-01T09:00:18.190257102+02:00,2019-10-01T17:29:58.552073359+02:00,30580.361816
2019-10-01 17:01:25.794563514+02:00,1569942085794563514,1,bid,0.4399999999999977,83.8,83.82,83.36,28867.604306412,0,28867.604306412,quantile,0.95,0.269999999999996,2019-10-01T09:00:18.190257102+02:00,2019-10-01T09:00:18.190257102+02:00,2019-10-01T17:29:58.552073359+02:00,30580.361816
2019-10-01 17:01:37.225844674+02:00,1569942097225844674,1,bid,0.4399999999999977,83.83,83.84,83.39,28879.035587572,0,28879.035587572,quantile,0.95,0.269999999999996,2019-10-01T09:00:18.190257102+02:00,2019-10-01T09:00:18.190257102+02:00,2019-10-01T17:29:58.552073359+02:00,30580.361816
2019-10-01 17:01:46.155640799+02:00,1569942106155640799,1,bid,0.4399999999999977,83.86,83.88,83.42,28887.965383697,0,28887.965383697,quantile,0.95,0.269999999999996,2019-10-01T09:00:18.190257102+02:00,2019-10-01T09:00:18.190257102+02:00,2019-10-01T17:29:58.552073359+02:00,30580.361816
2019-10-01 17:01:46.155679651+02:00,1569942106155679651,1,bid,0.5999999999999943,83.86,83.88,83.26,28887.965422549,0,28887.965422549,quantile,0.95,0.269999999999996,2019-10-01T09:00:18.190257102+02:00,2019-10-01T09:00:18.190257102+02:00,2019-10-01T17:29:58.552073359+02:00,30580.361816
2019-10-01 17:02:08.713366202+02:00,1569942128713366202,1,bid,5.540000000000006,83.84,83.86,78.3,28910.5231091,0,28910.5231091,quantile,0.95,0.269999999999996,2019-10-01T09:00:18.190257102+02:00,2019-10-01T09:00:18.190257102+02:00,2019-10-01T17:29:58.552073359+02:00,30580.361816
2019-10-01 17:02:39.038572912+02:00,1569942159038572912,1,bid,0.4399999999999977,83.83,83.85,83.39,28940.84831581,0,28940.84831581,quantile,0.95,0.269999999999996,2019-10-01T09:00:18.190257102+02:00,2019-10-01T09:00:18.190257102+02:00,2019-10-01T17:29:58.552073359+02:00,30580.361816
2019-10-01 17:02:53.173755740+02:00,1569942173173755740,1,bid,0.4399999999999977,83.8,83.82,83.36,28954.983498638,0,28954.983498638,quantile,0.95,0.269999999999996,2019-10-01T09:00:18.190257102+02:00,2019-10-01T09:00:18.190257102+02:00,2019-10-01T17:29:58.552073359+02:00,30580.361816
2019-10-01 17:02:57.203826911+02:00,1569942177203826911,1,bid,6.290000000000006,83.79,83.81,77.5,28959.013569809,0,28959.013569809,quantile,0.95,0.269999999999996,2019-10-01T09:00:18.190257102+02:00,2019-10-01T09:00:18.190257102+02:00,2019-10-01T17:29:58.552073359+02:00,30580.361816
2019-10-01 17:03:26.404368437+02:00,1569942206404368437,1,bid,0.2700000000000102,83.79,83.8,83.52,28988.214111335,0,28988.214111335,quantile,0.95,0.269999999999996,2019-10-01T09:00:18.190257102+02:00,2019-10-01T09:00:18.190257102+02:00,2019-10-01T17:29:58.552073359+02:00,30580.361816
2019-10-01 17:03:42.180353166+02:00,1569942222180353166,1,bid,0.4399999999999977,83.77,83.79,83.33,29003.990096064,0,29003.990096064,quantile,0.95,0.269999999999996,2019-10-01T09:00:18.190257102+02:00,2019-10-01T09:00:18.190257102+02:00,2019-10-01T17:29:58.552073359+02:00,30580.361816
2019-10-01 17:03:43.930436635+02:00,1569942223930436635,1,bid,0.5999999999999943,83.75,83.76,83.15,29005.740179533,0,29005.740179533,quantile,0.95,0.269999999999996,2019-10-01T09:00:18.190257102+02:00,2019-10-01T09:00:18.190257102+02:00,2019-10-01T17:29:58.552073359+02:00,30580.361816
2019-10-01 17:03:43.956034722+02:00,1569942223956034722,1,bid,0.4399999999999977,83.74,83.76,83.3,29005.76577762,0,29005.76577762,quantile,0.95,0.269999999999996,2019-10-01T09:00:18.190257102+02:00,2019-10-01T09:00:18.190257102+02:00,2019-10-01T17:29:58.552073359+02:00,30580.361816
2019-10-01 17:03:51.367285672+02:00,1569942231367285672,1,bid,0.4300000000000068,83.76,83.78,83.33,29013.17702857,0,29013.17702857,quantile,0.95,0.269999999999996,2019-10-01T09:00:18.190257102+02:00,2019-10-01T09:00:18.190257102+02:00,2019-10-01T17:29:58.552073359+02:00,30580.361816
2019-10-01 17:03:56.545995485+02:00,1569942236545995485,1,bid,0.4600000000000079,83.76,83.77,83.3,29018.355738383,0,29018.355738383,quantile,0.95,0.269999999999996,2019-10-01T09:00:18.190257102+02:00,2019-10-01T09:00:18.190257102+02:00,2019-10-01T17:29:58.552073359+02:00,30580.361816
2019-10-01 17:03:56.548266180+02:00,1569942236548266180,1,bid,0.4399999999999977,83.77,83.78,83.33,29018.358009078,0,29018.358009078,quantile,0.95,0.269999999999996,2019-10-01T09:00:18.190257102+02:00,2019-10-01T09:00:18.190257102+02:00,2019-10-01T17:29:58.552073359+02:00,30580.361816
2019-10-01 17:04:20.844956586+02:00,1569942260844956586,1,bid,0.269999999999996,83.78,83.8,83.51,29042.654699484,0,29042.654699484,quantile,0.95,0.269999999999996,2019-10-01T09:00:18.190257102+02:00,2019-10-01T09:00:18.190257102+02:00,2019-10-01T17:29:58.552073359+02:00,30580.361816
2019-10-01 17:04:49.814257942+02:00,1569942289814257942,1,bid,0.269999999999996,83.77,83.79,83.5,29071.62400084,0,29071.62400084,quantile,0.95,0.269999999999996,2019-10-01T09:00:18.190257102+02:00,2019-10-01T09:00:18.190257102+02:00,2019-10-01T17:29:58.552073359+02:00,30580.361816
2019-10-01 17:05:10.581667137+02:00,1569942310581667137,1,bid,0.4500000000000028,83.8,83.82,83.35,29092.391410035,0,29092.391410035,quantile,0.95,0.269999999999996,2019-10-01T09:00:18.190257102+02:00,2019-10-01T09:00:18.190257102+02:00,2019-10-01T17:29:58.552073359+02:00,30580.361816
2019-10-01 17:05:19.844570288+02:00,1569942319844570288,1,bid,0.2700000000000102,83.79,83.81,83.52,29101.654313186,0,29101.654313186,quantile,0.95,0.269999999999996,2019-10-01T09:00:18.190257102+02:00,2019-10-01T09:00:18.190257102+02:00,2019-10-01T17:29:58.552073359+02:00,30580.361816
2019-10-01 17:06:20.800130314+02:00,1569942380800130314,1,bid,0.269999999999996,83.81,83.82,83.54,29162.609873212,0,29162.609873212,quantile,0.95,0.269999999999996,2019-10-01T09:00:18.190257102+02:00,2019-10-01T09:00:18.190257102+02:00,2019-10-01T17:29:58.552073359+02:00,30580.361816
2019-10-01 17:06:56.445970289+02:00,1569942416445970289,1,bid,0.4300000000000068,83.81,83.83,83.38,29198.255713187,0,29198.255713187,quantile,0.95,0.269999999999996,2019-10-01T09:00:18.190257102+02:00,2019-10-01T09:00:18.190257102+02:00,2019-10-01T17:29:58.552073359+02:00,30580.361816
2019-10-01 17:07:39.497330244+02:00,1569942459497330244,1,bid,0.4399999999999977,83.84,83.86,83.4,29241.307073142,0,29241.307073142,quantile,0.95,0.269999999999996,2019-10-01T09:00:18.190257102+02:00,2019-10-01T09:00:18.190257102+02:00,2019-10-01T17:29:58.552073359+02:00,30580.361816
2019-10-01 17:07:55.976918400+02:00,1569942475976918400,1,bid,0.5999999999999943,83.86,83.87,83.26,29257.786661298,0,29257.786661298,quantile,0.95,0.269999999999996,2019-10-01T09:00:18.190257102+02:00,2019-10-01T09:00:18.190257102+02:00,2019-10-01T17:29:58.552073359+02:00,30580.361816
2019-10-01 17:07:55.978083353+02:00,1569942475978083353,1,bid,0.269999999999996,83.86,83.87,83.59,29257.787826251,0,29257.787826251,quantile,0.95,0.269999999999996,2019-10-01T09:00:18.190257102+02:00,2019-10-01T09:00:18.190257102+02:00,2019-10-01T17:29:58.552073359+02:00,30580.361816
2019-10-01 17:07:58.756872384+02:00,1569942478756872384,1,bid,5.75,83.85,83.87,78.1,29260.566615282,0,29260.566615282,quantile,0.95,0.269999999999996,2019-10-01T09:00:18.190257102+02:00,2019-10-01T09:00:18.190257102+02:00,2019-10-01T17:29:58.552073359+02:00,30580.361816
2019-10-01 17:08:05.987064653+02:00,1569942485987064653,1,bid,0.269999999999996,83.85,83.88,83.58,29267.796807551,0,29267.796807551,quantile,0.95,0.269999999999996,2019-10-01T09:00:18.190257102+02:00,2019-10-01T09:00:18.190257102+02:00,2019-10-01T17:29:58.552073359+02:00,30580.361816
2019-10-01 17:08:20.040704079+02:00,1569942500040704079,1,bid,0.4299999999999926,83.86,83.88,83.43,29281.850446977,0,29281.850446977,quantile,0.95,0.269999999999996,2019-10-01T09:00:18.190257102+02:00,2019-10-01T09:00:18.190257102+02:00,2019-10-01T17:29:58.552073359+02:00,30580.361816
2019-10-01 17:08:33.602010494+02:00,1569942513602010494,1,bid,0.4399999999999977,83.84,83.85,83.4,29295.411753392,0,29295.411753392,quantile,0.95,0.269999999999996,2019-10-01T09:00:18.190257102+02:00,2019-10-01T09:00:18.190257102+02:00,2019-10-01T17:29:58.552073359+02:00,30580.361816
2019-10-01 17:08:52.363847267+02:00,1569942532363847267,1,bid,0.4399999999999977,83.87,83.88,83.43,29314.173590165,0,29314.173590165,quantile,0.95,0.269999999999996,2019-10-01T09:00:18.190257102+02:00,2019-10-01T09:00:18.190257102+02:00,2019-10-01T17:29:58.552073359+02:00,30580.361816
2019-10-01 17:09:02.626017951+02:00,1569942542626017951,1,bid,0.4499999999999886,83.85,83.87,83.4,29324.435760849,0,29324.435760849,quantile,0.95,0.269999999999996,2019-10-01T09:00:18.190257102+02:00,2019-10-01T09:00:18.190257102+02:00,2019-10-01T17:29:58.552073359+02:00,30580.361816
2019-10-01 17:09:08.650859517+02:00,1569942548650859517,1,bid,0.269999999999996,83.86,83.88,83.59,29330.460602415,0,29330.460602415,quantile,0.95,0.269999999999996,2019-10-01T09:00:18.190257102+02:00,2019-10-01T09:00:18.190257102+02:00,2019-10-01T17:29:58.552073359+02:00,30580.361816
2019-10-01 17:09:26.644860459+02:00,1569942566644860459,1,bid,0.4399999999999977,83.87,83.89,83.43,29348.454603357,0,29348.454603357,quantile,0.95,0.269999999999996,2019-10-01T09:00:18.190257102+02:00,2019-10-01T09:00:18.190257102+02:00,2019-10-01T17:29:58.552073359+02:00,30580.361816
2019-10-01 17:09:35.858229+02:00,1569942575858229000,1,bid,0.4400000000000119,83.9,83.91,83.46,29357.667971898,0,29357.667971898,quantile,0.95,0.269999999999996,2019-10-01T09:00:18.190257102+02:00,2019-10-01T09:00:18.190257102+02:00,2019-10-01T17:29:58.552073359+02:00,30580.361816
2019-10-01 17:09:40.937122809+02:00,1569942580937122809,1,bid,0.4399999999999977,83.87,83.89,83.43,29362.746865707,0,29362.746865707,quantile,0.95,0.269999999999996,2019-10-01T09:00:18.190257102+02:00,2019-10-01T09:00:18.190257102+02:00,2019-10-01T17:29:58.552073359+02:00,30580.361816
2019-10-01 17:09:56.650172489+02:00,1569942596650172489,1,bid,0.269999999999996,83.85,83.88,83.58,29378.459915387,0,29378.459915387,quantile,0.95,0.269999999999996,2019-10-01T09:00:18.190257102+02:00,2019-10-01T09:00:18.190257102+02:00,2019-10-01T17:29:58.552073359+02:00,30580.361816
2019-10-01 17:10:21.989007196+02:00,1569942621989007196,1,bid,0.4499999999999886,83.85,83.86,83.4,29403.798750094,0,29403.798750094,quantile,0.95,0.269999999999996,2019-10-01T09:00:18.190257102+02:00,2019-10-01T09:00:18.190257102+02:00,2019-10-01T17:29:58.552073359+02:00,30580.361816
2019-10-01 17:10:40.314987494+02:00,1569942640314987494,1,bid,0.4500000000000028,83.81,83.82,83.36,29422.124730392,0,29422.124730392,quantile,0.95,0.269999999999996,2019-10-01T09:00:18.190257102+02:00,2019-10-01T09:00:18.190257102+02:00,2019-10-01T17:29:58.552073359+02:00,30580.361816
2019-10-01 17:11:01.163673172+02:00,1569942661163673172,1,bid,0.4399999999999977,83.83,83.84,83.39,29442.97341607,0,29442.97341607,quantile,0.95,0.269999999999996,2019-10-01T09:00:18.190257102+02:00,2019-10-01T09:00:18.190257102+02:00,2019-10-01T17:29:58.552073359+02:00,30580.361816
2019-10-01 17:11:04.917504729+02:00,1569942664917504729,1,bid,0.4500000000000028,83.81,83.83,83.36,29446.727247627,0,29446.727247627,quantile,0.95,0.269999999999996,2019-10-01T09:00:18.190257102+02:00,2019-10-01T09:00:18.190257102+02:00,2019-10-01T17:29:58.552073359+02:00,30580.361816
2019-10-01 17:11:27.659342761+02:00,1569942687659342761,1,bid,2.390000000000001,83.79,83.82,81.4,29469.469085659,0,29469.469085659,quantile,0.95,0.269999999999996,2019-10-01T09:00:18.190257102+02:00,2019-10-01T09:00:18.190257102+02:00,2019-10-01T17:29:58.552073359+02:00,30580.361816
2019-10-01 17:11:40.264375526+02:00,1569942700264375526,1,bid,0.2700000000000102,83.79,83.81,83.52,29482.074118424,0,29482.074118424,quantile,0.95,0.269999999999996,2019-10-01T09:00:18.190257102+02:00,2019-10-01T09:00:18.190257102+02:00,2019-10-01T17:29:58.552073359+02:00,30580.361816
2019-10-01 17:11:57.563036952+02:00,1569942717563036952,1,bid,0.4500000000000028,83.77,83.78,83.32,29499.37277985,0,29499.37277985,quantile,0.95,0.269999999999996,2019-10-01T09:00:18.190257102+02:00,2019-10-01T09:00:18.190257102+02:00,2019-10-01T17:29:58.552073359+02:00,30580.361816
2019-10-01 17:12:06.053227435+02:00,1569942726053227435,1,bid,0.5999999999999943,83.75,83.77,83.15,29507.862970333,0,29507.862970333,quantile,0.95,0.269999999999996,2019-10-01T09:00:18.190257102+02:00,2019-10-01T09:00:18.190257102+02:00,2019-10-01T17:29:58.552073359+02:00,30580.361816
2019-10-01 17:12:09.332729669+02:00,1569942729332729669,1,bid,0.4499999999999886,83.74,83.75,83.29,29511.142472567,0,29511.142472567,quantile,0.95,0.269999999999996,2019-10-01T09:00:18.190257102+02:00,2019-10-01T09:00:18.190257102+02:00,2019-10-01T17:29:58.552073359+02:00,30580.361816
2019-10-01 17:12:16.888861818+02:00,1569942736888861818,1,bid,0.4099999999999966,83.71,83.73,83.3,29518.698604716,0,29518.698604716,quantile,0.95,0.269999999999996,2019-10-01T09:00:18.190257102+02:00,2019-10-01T09:00:18.190257102+02:00,2019-10-01T17:29:58.552073359+02:00,30580.361816
2019-10-01 17:12:19.979277544+02:00,1569942739979277544,1,bid,0.4499999999999886,83.71,83.73,83.26,29521.789020442,0,29521.789020442,quantile,0.95,0.269999999999996,2019-10-01T09:00:18.190257102+02:00,2019-10-01T09:00:18.190257102+02:00,2019-10-01T17:29:58.552073359+02:00,30580.361816
2019-10-01 17:12:30.888859733+02:00,1569942750888859733,1,bid,0.3999999999999915,83.69,83.71,83.29,29532.698602631,0,29532.698602631,quantile,0.95,0.269999999999996,2019-10-01T09:00:18.190257102+02:00,2019-10-01T09:00:18.190257102+02:00,2019-10-01T17:29:58.552073359+02:00,30580.361816
2019-10-01 17:12:31.888858671+02:00,1569942751888858671,1,bid,0.4000000000000057,83.68,83.71,83.28,29533.698601569,0,29533.698601569,quantile,0.95,0.269999999999996,2019-10-01T09:00:18.190257102+02:00,2019-10-01T09:00:18.190257102+02:00,2019-10-01T17:29:58.552073359+02:00,30580.361816
2019-10-01 17:12:33.888861865+02:00,1569942753888861865,1,bid,0.4100000000000108,83.68,83.71,83.27,29535.698604763,0,29535.698604763,quantile,0.95,0.269999999999996,2019-10-01T09:00:18.190257102+02:00,2019-10-01T09:00:18.190257102+02:00,2019-10-01T17:29:58.552073359+02:00,30580.361816
2019-10-01 17:12:36.107113121+02:00,1569942756107113121,1,bid,0.4399999999999977,83.67,83.7,83.23,29537.916856019,0,29537.916856019,quantile,0.95,0.269999999999996,2019-10-01T09:00:18.190257102+02:00,2019-10-01T09:00:18.190257102+02:00,2019-10-01T17:29:58.552073359+02:00,30580.361816
2019-10-01 17:12:37.888860135+02:00,1569942757888860135,1,bid,0.3999999999999915,83.66,83.68,83.26,29539.698603033,0,29539.698603033,quantile,0.95,0.269999999999996,2019-10-01T09:00:18.190257102+02:00,2019-10-01T09:00:18.190257102+02:00,2019-10-01T17:29:58.552073359+02:00,30580.361816
2019-10-01 17:12:50.300286105+02:00,1569942770300286105,1,bid,0.269999999999996,83.67,83.69,83.4,29552.110029003,0,29552.110029003,quantile,0.95,0.269999999999996,2019-10-01T09:00:18.190257102+02:00,2019-10-01T09:00:18.190257102+02:00,2019-10-01T17:29:58.552073359+02:00,30580.361816
2019-10-01 17:13:04.570629742+02:00,1569942784570629742,1,bid,0.4399999999999977,83.7,83.72,83.26,29566.38037264,0,29566.38037264,quantile,0.95,0.269999999999996,2019-10-01T09:00:18.190257102+02:00,2019-10-01T09:00:18.190257102+02:00,2019-10-01T17:29:58.552073359+02:00,30580.361816
2019-10-01 17:13:09.398807718+02:00,1569942789398807718,1,bid,0.4399999999999977,83.67,83.7,83.23,29571.208550616,0,29571.208550616,quantile,0.95,0.269999999999996,2019-10-01T09:00:18.190257102+02:00,2019-10-01T09:00:18.190257102+02:00,2019-10-01T17:29:58.552073359+02:00,30580.361816
2019-10-01 17:13:35.888869046+02:00,1569942815888869046,1,bid,0.4200000000000017,83.67,83.69,83.25,29597.698611944,0,29597.698611944,quantile,0.95,0.269999999999996,2019-10-01T09:00:18.190257102+02:00,2019-10-01T09:00:18.190257102+02:00,2019-10-01T17:29:58.552073359+02:00,30580.361816
2019-10-01 17:13:55.188586179+02:00,1569942835188586179,1,bid,0.269999999999996,83.69,83.7,83.42,29616.998329077,0,29616.998329077,quantile,0.95,0.269999999999996,2019-10-01T09:00:18.190257102+02:00,2019-10-01T09:00:18.190257102+02:00,2019-10-01T17:29:58.552073359+02:00,30580.361816
2019-10-01 17:14:00.888872076+02:00,1569942840888872076,1,bid,0.4100000000000108,83.65,83.67,83.24,29622.698614974,0,29622.698614974,quantile,0.95,0.269999999999996,2019-10-01T09:00:18.190257102+02:00,2019-10-01T09:00:18.190257102+02:00,2019-10-01T17:29:58.552073359+02:00,30580.361816
2019-10-01 17:14:01.888873934+02:00,1569942841888873934,1,bid,0.4200000000000017,83.65,83.67,83.23,29623.698616832,0,29623.698616832,quantile,0.95,0.269999999999996,2019-10-01T09:00:18.190257102+02:00,2019-10-01T09:00:18.190257102+02:00,2019-10-01T17:29:58.552073359+02:00,30580.361816
2019-10-01 17:14:08.866876935+02:00,1569942848866876935,1,bid,0.5999999999999943,83.64,83.65,83.04,29630.676619833,0,29630.676619833,quantile,0.95,0.269999999999996,2019-10-01T09:00:18.190257102+02:00,2019-10-01T09:00:18.190257102+02:00,2019-10-01T17:29:58.552073359+02:00,30580.361816
2019-10-01 17:14:08.867598905+02:00,1569942848867598905,1,bid,0.4399999999999977,83.64,83.65,83.2,29630.677341803,0,29630.677341803,quantile,0.95,0.269999999999996,2019-10-01T09:00:18.190257102+02:00,2019-10-01T09:00:18.190257102+02:00,2019-10-01T17:29:58.552073359+02:00,30580.361816
2019-10-01 17:14:08.888872388+02:00,1569942848888872388,1,bid,0.4200000000000017,83.64,83.65,83.22,29630.698615286,0,29630.698615286,quantile,0.95,0.269999999999996,2019-10-01T09:00:18.190257102+02:00,2019-10-01T09:00:18.190257102+02:00,2019-10-01T17:29:58.552073359+02:00,30580.361816
2019-10-01 17:14:09.219909493+02:00,1569942849219909493,1,bid,0.4599999999999937,83.63,83.65,83.17,29631.029652391,0,29631.029652391,quantile,0.95,0.269999999999996,2019-10-01T09:00:18.190257102+02:00,2019-10-01T09:00:18.190257102+02:00,2019-10-01T17:29:58.552073359+02:00,30580.361816
2019-10-01 17:14:09.231786839+02:00,1569942849231786839,1,bid,0.4399999999999977,83.64,83.65,83.2,29631.041529737,0,29631.041529737,quantile,0.95,0.269999999999996,2019-10-01T09:00:18.190257102+02:00,2019-10-01T09:00:18.190257102+02:00,2019-10-01T17:29:58.552073359+02:00,30580.361816
2019-10-01 17:14:15.192161345+02:00,1569942855192161345,1,bid,0.2700000000000102,83.65,83.67,83.38,29637.001904243,0,29637.001904243,quantile,0.95,0.269999999999996,2019-10-01T09:00:18.190257102+02:00,2019-10-01T09:00:18.190257102+02:00,2019-10-01T17:29:58.552073359+02:00,30580.361816
2019-10-01 17:14:22.704783803+02:00,1569942862704783803,1,bid,0.4399999999999977,83.67,83.69,83.23,29644.514526701,0,29644.514526701,quantile,0.95,0.269999999999996,2019-10-01T09:00:18.190257102+02:00,2019-10-01T09:00:18.190257102+02:00,2019-10-01T17:29:58.552073359+02:00,30580.361816
2019-10-01 17:14:31.055312625+02:00,1569942871055312625,1,bid,0.4399999999999977,83.64,83.66,83.2,29652.865055523,0,29652.865055523,quantile,0.95,0.269999999999996,2019-10-01T09:00:18.190257102+02:00,2019-10-01T09:00:18.190257102+02:00,2019-10-01T17:29:58.552073359+02:00,30580.361816
2019-10-01 17:14:36.890274289+02:00,1569942876890274289,1,bid,0.4200000000000017,83.63,83.65,83.21,29658.700017187,0,29658.700017187,quantile,0.95,0.269999999999996,2019-10-01T09:00:18.190257102+02:00,2019-10-01T09:00:18.190257102+02:00,2019-10-01T17:29:58.552073359+02:00,30580.361816
2019-10-01 17:14:45.387429063+02:00,1569942885387429063,1,bid,0.4500000000000028,83.62,83.63,83.17,29667.197171961,0,29667.197171961,quantile,0.95,0.269999999999996,2019-10-01T09:00:18.190257102+02:00,2019-10-01T09:00:18.190257102+02:00,2019-10-01T17:29:58.552073359+02:00,30580.361816
2019-10-01 17:14:45.888876588+02:00,1569942885888876588,1,bid,0.4200000000000017,83.62,83.63,83.2,29667.698619486,0,29667.698619486,quantile,0.95,0.269999999999996,2019-10-01T09:00:18.190257102+02:00,2019-10-01T09:00:18.190257102+02:00,2019-10-01T17:29:58.552073359+02:00,30580.361816
2019-10-01 17:14:46.888876741+02:00,1569942886888876741,1,bid,0.4200000000000017,83.61,83.62,83.19,29668.698619639,0,29668.698619639,quantile,0.95,0.269999999999996,2019-10-01T09:00:18.190257102+02:00,2019-10-01T09:00:18.190257102+02:00,2019-10-01T17:29:58.552073359+02:00,30580.361816
2019-10-01 17:14:55.203401910+02:00,1569942895203401910,1,bid,0.269999999999996,83.63,83.65,83.36,29677.013144808,0,29677.013144808,quantile,0.95,0.269999999999996,2019-10-01T09:00:18.190257102+02:00,2019-10-01T09:00:18.190257102+02:00,2019-10-01T17:29:58.552073359+02:00,30580.361816
2019-10-01 17:14:57.294098800+02:00,1569942897294098800,1,bid,0.4399999999999977,83.64,83.66,83.2,29679.103841698,0,29679.103841698,quantile,0.95,0.269999999999996,2019-10-01T09:00:18.190257102+02:00,2019-10-01T09:00:18.190257102+02:00,2019-10-01T17:29:58.552073359+02:00,30580.361816
2019-10-01 17:15:06.162775615+02:00,1569942906162775615,1,bid,0.2700000000000102,83.62,83.64,83.35,29687.972518513,0,29687.972518513,quantile,0.95,0.269999999999996,2019-10-01T09:00:18.190257102+02:00,2019-10-01T09:00:18.190257102+02:00,2019-10-01T17:29:58.552073359+02:00,30580.361816
2019-10-01 17:15:16.370760024+02:00,1569942916370760024,1,bid,0.4399999999999977,83.61,83.63,83.17,29698.180502922,0,29698.180502922,quantile,0.95,0.269999999999996,2019-10-01T09:00:18.190257102+02:00,2019-10-01T09:00:18.190257102+02:00,2019-10-01T17:29:58.552073359+02:00,30580.361816
2019-10-01 17:15:16.428152363+02:00,1569942916428152363,1,bid,0.8099999999999881,83.6,83.62,82.79,29698.237895261,0,29698.237895261,quantile,0.95,0.269999999999996,2019-10-01T09:00:18.190257102+02:00,2019-10-01T09:00:18.190257102+02:00,2019-10-01T17:29:58.552073359+02:00,30580.361816
2019-10-01 17:15:16.491530382+02:00,1569942916491530382,1,bid,0.8199999999999932,83.6,83.61,82.78,29698.30127328,0,29698.30127328,quantile,0.95,0.269999999999996,2019-10-01T09:00:18.190257102+02:00,2019-10-01T09:00:18.190257102+02:00,2019-10-01T17:29:58.552073359+02:00,30580.361816
2019-10-01 17:15:16.888880171+02:00,1569942916888880171,1,bid,0.4099999999999966,83.59,83.61,83.18,29698.698623069,0,29698.698623069,quantile,0.95,0.269999999999996,2019-10-01T09:00:18.190257102+02:00,2019-10-01T09:00:18.190257102+02:00,2019-10-01T17:29:58.552073359+02:00,30580.361816
2019-10-01 17:15:23.753467150+02:00,1569942923753467150,1,bid,0.4399999999999977,83.59,83.61,83.15,29705.563210048,0,29705.563210048,quantile,0.95,0.269999999999996,2019-10-01T09:00:18.190257102+02:00,2019-10-01T09:00:18.190257102+02:00,2019-10-01T17:29:58.552073359+02:00,30580.361816
2019-10-01 17:15:23.888878340+02:00,1569942923888878340,1,bid,0.4200000000000017,83.59,83.61,83.17,29705.698621238,0,29705.698621238,quantile,0.95,0.269999999999996,2019-10-01T09:00:18.190257102+02:00,2019-10-01T09:00:18.190257102+02:00,2019-10-01T17:29:58.552073359+02:00,30580.361816
2019-10-01 17:15:40.824922352+02:00,1569942940824922352,1,bid,0.4599999999999937,83.58,83.59,83.12,29722.63466525,0,29722.63466525,quantile,0.95,0.269999999999996,2019-10-01T09:00:18.190257102+02:00,2019-10-01T09:00:18.190257102+02:00,2019-10-01T17:29:58.552073359+02:00,30580.361816
2019-10-01 17:15:40.888881613+02:00,1569942940888881613,1,bid,0.4200000000000017,83.58,83.59,83.16,29722.698624511,0,29722.698624511,quantile,0.95,0.269999999999996,2019-10-01T09:00:18.190257102+02:00,2019-10-01T09:00:18.190257102+02:00,2019-10-01T17:29:58.552073359+02:00,30580.361816
2019-10-01 17:15:44.798618662+02:00,1569942944798618662,1,bid,0.4399999999999977,83.59,83.6,83.15,29726.60836156,0,29726.60836156,quantile,0.95,0.269999999999996,2019-10-01T09:00:18.190257102+02:00,2019-10-01T09:00:18.190257102+02:00,2019-10-01T17:29:58.552073359+02:00,30580.361816
2019-10-01 17:15:46.400229746+02:00,1569942946400229746,1,bid,0.269999999999996,83.6,83.61,83.33,29728.209972644,0,29728.209972644,quantile,0.95,0.269999999999996,2019-10-01T09:00:18.190257102+02:00,2019-10-01T09:00:18.190257102+02:00,2019-10-01T17:29:58.552073359+02:00,30580.361816
2019-10-01 17:15:56.400209059+02:00,1569942956400209059,1,bid,0.2700000000000102,83.59,83.61,83.32,29738.209951957,0,29738.209951957,quantile,0.95,0.269999999999996,2019-10-01T09:00:18.190257102+02:00,2019-10-01T09:00:18.190257102+02:00,2019-10-01T17:29:58.552073359+02:00,30580.361816
2019-10-01 17:16:21.811796235+02:00,1569942981811796235,1,bid,0.4399999999999977,83.62,83.64,83.18,29763.621539133,0,29763.621539133,quantile,0.95,0.269999999999996,2019-10-01T09:00:18.190257102+02:00,2019-10-01T09:00:18.190257102+02:00,2019-10-01T17:29:58.552073359+02:00,30580.361816
2019-10-01 17:16:30.506791274+02:00,1569942990506791274,1,bid,0.4400000000000119,83.65,83.67,83.21,29772.316534172,0,29772.316534172,quantile,0.95,0.269999999999996,2019-10-01T09:00:18.190257102+02:00,2019-10-01T09:00:18.190257102+02:00,2019-10-01T17:29:58.552073359+02:00,30580.361816
2019-10-01 17:16:38.140261470+02:00,1569942998140261470,1,bid,0.2700000000000102,83.65,83.67,83.38,29779.950004368,0,29779.950004368,quantile,0.95,0.269999999999996,2019-10-01T09:00:18.190257102+02:00,2019-10-01T09:00:18.190257102+02:00,2019-10-01T17:29:58.552073359+02:00,30580.361816
2019-10-01 17:16:38.766426154+02:00,1569942998766426154,1,bid,0.3400000000000034,83.65,83.67,83.31,29780.576169052,0,29780.576169052,quantile,0.95,0.269999999999996,2019-10-01T09:00:18.190257102+02:00,2019-10-01T09:00:18.190257102+02:00,2019-10-01T17:29:58.552073359+02:00,30580.361816
2019-10-01 17:16:41.052458141+02:00,1569943001052458141,1,bid,0.4499999999999886,83.63,83.65,83.18,29782.862201039,0,29782.862201039,quantile,0.95,0.269999999999996,2019-10-01T09:00:18.190257102+02:00,2019-10-01T09:00:18.190257102+02:00,2019-10-01T17:29:58.552073359+02:00,30580.361816
2019-10-01 17:16:51.123563786+02:00,1569943011123563786,1,bid,0.4300000000000068,83.64,83.66,83.21,29792.933306684,0,29792.933306684,quantile,0.95,0.269999999999996,2019-10-01T09:00:18.190257102+02:00,2019-10-01T09:00:18.190257102+02:00,2019-10-01T17:29:58.552073359+02:00,30580.361816
2019-10-01 17:16:51.417651074+02:00,1569943011417651074,1,bid,0.4400000000000119,83.65,83.67,83.21,29793.227393972,0,29793.227393972,quantile,0.95,0.269999999999996,2019-10-01T09:00:18.190257102+02:00,2019-10-01T09:00:18.190257102+02:00,2019-10-01T17:29:58.552073359+02:00,30580.361816
2019-10-01 17:17:03.556284579+02:00,1569943023556284579,1,bid,0.5400000000000063,83.65,83.66,83.11,29805.366027477,0,29805.366027477,quantile,0.95,0.269999999999996,2019-10-01T09:00:18.190257102+02:00,2019-10-01T09:00:18.190257102+02:00,2019-10-01T17:29:58.552073359+02:00,30580.361816
2019-10-01 17:17:06.956092506+02:00,1569943026956092506,1,bid,0.4399999999999977,83.62,83.64,83.18,29808.765835404,0,29808.765835404,quantile,0.95,0.269999999999996,2019-10-01T09:00:18.190257102+02:00,2019-10-01T09:00:18.190257102+02:00,2019-10-01T17:29:58.552073359+02:00,30580.361816
2019-10-01 17:17:20.000158057+02:00,1569943040000158057,1,bid,0.6299999999999955,83.64,83.66,83.01,29821.809900955,0,29821.809900955,quantile,0.95,0.269999999999996,2019-10-01T09:00:18.190257102+02:00,2019-10-01T09:00:18.190257102+02:00,2019-10-01T17:29:58.552073359+02:00,30580.361816
2019-10-01 17:17:20.107866364+02:00,1569943040107866364,1,bid,0.4400000000000119,83.65,83.67,83.21,29821.917609262,0,29821.917609262,quantile,0.95,0.269999999999996,2019-10-01T09:00:18.190257102+02:00,2019-10-01T09:00:18.190257102+02:00,2019-10-01T17:29:58.552073359+02:00,30580.361816
2019-10-01 17:17:38.162639122+02:00,1569943058162639122,1,bid,0.269999999999996,83.63,83.65,83.36,29839.97238202,0,29839.97238202,quantile,0.95,0.269999999999996,2019-10-01T09:00:18.190257102+02:00,2019-10-01T09:00:18.190257102+02:00,2019-10-01T17:29:58.552073359+02:00,30580.361816
2019-10-01 17:17:41.054959536+02:00,1569943061054959536,1,bid,0.7199999999999989,83.63,83.65,82.91,29842.864702434,0,29842.864702434,quantile,0.95,0.269999999999996,2019-10-01T09:00:18.190257102+02:00,2019-10-01T09:00:18.190257102+02:00,2019-10-01T17:29:58.552073359+02:00,30580.361816
2019-10-01 17:17:54.166230457+02:00,1569943074166230457,1,bid,0.8299999999999983,83.64,83.65,82.81,29855.975973355,0,29855.975973355,quantile,0.95,0.269999999999996,2019-10-01T09:00:18.190257102+02:00,2019-10-01T09:00:18.190257102+02:00,2019-10-01T17:29:58.552073359+02:00,30580.361816
2019-10-01 17:18:12.767863831+02:00,1569943092767863831,1,bid,0.4399999999999977,83.62,83.64,83.18,29874.577606729,0,29874.577606729,quantile,0.95,0.269999999999996,2019-10-01T09:00:18.190257102+02:00,2019-10-01T09:00:18.190257102+02:00,2019-10-01T17:29:58.552073359+02:00,30580.361816
2019-10-01 17:18:55.017414323+02:00,1569943135017414323,1,bid,0.4200000000000017,83.59,83.61,83.17,29916.827157221,0,29916.827157221,quantile,0.95,0.269999999999996,2019-10-01T09:00:18.190257102+02:00,2019-10-01T09:00:18.190257102+02:00,2019-10-01T17:29:58.552073359+02:00,30580.361816
2019-10-01 17:19:00.226924703+02:00,1569943140226924703,1,bid,0.269999999999996,83.61,83.63,83.34,29922.036667601,0,29922.036667601,quantile,0.95,0.269999999999996,2019-10-01T09:00:18.190257102+02:00,2019-10-01T09:00:18.190257102+02:00,2019-10-01T17:29:58.552073359+02:00,30580.361816
2019-10-01 17:19:47.969013131+02:00,1569943187969013131,1,bid,0.2700000000000102,83.62,83.64,83.35,29969.778756029,0,29969.778756029,quantile,0.95,0.269999999999996,2019-10-01T09:00:18.190257102+02:00,2019-10-01T09:00:18.190257102+02:00,2019-10-01T17:29:58.552073359+02:00,30580.361816
2019-10-01 17:19:49.367424960+02:00,1569943189367424960,1,bid,0.4399999999999977,83.64,83.65,83.2,29971.177167858,0,29971.177167858,quantile,0.95,0.269999999999996,2019-10-01T09:00:18.190257102+02:00,2019-10-01T09:00:18.190257102+02:00,2019-10-01T17:29:58.552073359+02:00,30580.361816
2019-10-01 17:20:02.908488789+02:00,1569943202908488789,1,bid,0.4500000000000028,83.62,83.63,83.17,29984.718231687,0,29984.718231687,quantile,0.95,0.269999999999996,2019-10-01T09:00:18.190257102+02:00,2019-10-01T09:00:18.190257102+02:00,2019-10-01T17:29:58.552073359+02:00,30580.361816
2019-10-01 17:21:16.880868707+02:00,1569943276880868707,1,bid,0.4500000000000028,83.58,83.59,83.13,30058.690611605,0,30058.690611605,quantile,0.95,0.269999999999996,2019-10-01T09:00:18.190257102+02:00,2019-10-01T09:00:18.190257102+02:00,2019-10-01T17:29:58.552073359+02:00,30580.361816
2019-10-01 17:21:18.888912075+02:00,1569943278888912075,1,bid,0.4199999999999875,83.57,83.58,83.15,30060.698654973,0,30060.698654973,quantile,0.95,0.269999999999996,2019-10-01T09:00:18.190257102+02:00,2019-10-01T09:00:18.190257102+02:00,2019-10-01T17:29:58.552073359+02:00,30580.361816
2019-10-01 17:21:48.450266357+02:00,1569943308450266357,1,bid,0.269999999999996,83.58,83.59,83.31,30090.260009255,0,30090.260009255,quantile,0.95,0.269999999999996,2019-10-01T09:00:18.190257102+02:00,2019-10-01T09:00:18.190257102+02:00,2019-10-01T17:29:58.552073359+02:00,30580.361816
2019-10-01 17:21:58.476035742+02:00,1569943318476035742,1,bid,5.969999999999999,83.57,83.59,77.6,30100.28577864,0,30100.28577864,quantile,0.95,0.269999999999996,2019-10-01T09:00:18.190257102+02:00,2019-10-01T09:00:18.190257102+02:00,2019-10-01T17:29:58.552073359+02:00,30580.361816
2019-10-01 17:22:03.888920437+02:00,1569943323888920437,1,bid,0.4099999999999966,83.55,83.57,83.14,30105.698663335,0,30105.698663335,quantile,0.95,0.269999999999996,2019-10-01T09:00:18.190257102+02:00,2019-10-01T09:00:18.190257102+02:00,2019-10-01T17:29:58.552073359+02:00,30580.361816
2019-10-01 17:22:08.471932332+02:00,1569943328471932332,1,bid,0.269999999999996,83.57,83.59,83.3,30110.28167523,0,30110.28167523,quantile,0.95,0.269999999999996,2019-10-01T09:00:18.190257102+02:00,2019-10-01T09:00:18.190257102+02:00,2019-10-01T17:29:58.552073359+02:00,30580.361816
2019-10-01 17:22:28.474467489+02:00,1569943348474467489,1,bid,0.2700000000000102,83.59,83.6,83.32,30130.284210387,0,30130.284210387,quantile,0.95,0.269999999999996,2019-10-01T09:00:18.190257102+02:00,2019-10-01T09:00:18.190257102+02:00,2019-10-01T17:29:58.552073359+02:00,30580.361816
2019-10-01 17:22:31.300123722+02:00,1569943351300123722,1,bid,0.4399999999999977,83.6,83.62,83.16,30133.10986662,0,30133.10986662,quantile,0.95,0.269999999999996,2019-10-01T09:00:18.190257102+02:00,2019-10-01T09:00:18.190257102+02:00,2019-10-01T17:29:58.552073359+02:00,30580.361816
2019-10-01 17:22:48.482501830+02:00,1569943368482501830,1,bid,0.2700000000000102,83.62,83.64,83.35,30150.292244728,0,30150.292244728,quantile,0.95,0.269999999999996,2019-10-01T09:00:18.190257102+02:00,2019-10-01T09:00:18.190257102+02:00,2019-10-01T17:29:58.552073359+02:00,30580.361816
2019-10-01 17:22:49.396373338+02:00,1569943369396373338,1,bid,0.4300000000000068,83.62,83.64,83.19,30151.206116236,0,30151.206116236,quantile,0.95,0.269999999999996,2019-10-01T09:00:18.190257102+02:00,2019-10-01T09:00:18.190257102+02:00,2019-10-01T17:29:58.552073359+02:00,30580.361816
2019-10-01 17:23:31.191281678+02:00,1569943411191281678,1,bid,0.269999999999996,83.61,83.64,83.34,30193.001024576,0,30193.001024576,quantile,0.95,0.269999999999996,2019-10-01T09:00:18.190257102+02:00,2019-10-01T09:00:18.190257102+02:00,2019-10-01T17:29:58.552073359+02:00,30580.361816
2019-10-01 17:23:51.261707165+02:00,1569943431261707165,1,bid,0.269999999999996,83.63,83.65,83.36,30213.071450063,0,30213.071450063,quantile,0.95,0.269999999999996,2019-10-01T09:00:18.190257102+02:00,2019-10-01T09:00:18.190257102+02:00,2019-10-01T17:29:58.552073359+02:00,30580.361816
2019-10-01 17:24:03.441989332+02:00,1569943443441989332,1,bid,0.3299999999999983,83.62,83.65,83.29,30225.25173223,0,30225.25173223,quantile,0.95,0.269999999999996,2019-10-01T09:00:18.190257102+02:00,2019-10-01T09:00:18.190257102+02:00,2019-10-01T17:29:58.552073359+02:00,30580.361816
2019-10-01 17:24:14.888929810+02:00,1569943454888929810,1,bid,0.4300000000000068,83.64,83.66,83.21,30236.698672708,0,30236.698672708,quantile,0.95,0.269999999999996,2019-10-01T09:00:18.190257102+02:00,2019-10-01T09:00:18.190257102+02:00,2019-10-01T17:29:58.552073359+02:00,30580.361816
2019-10-01 17:24:14.892629396+02:00,1569943454892629396,1,bid,0.4200000000000017,83.64,83.66,83.22,30236.702372294,0,30236.702372294,quantile,0.95,0.269999999999996,2019-10-01T09:00:18.190257102+02:00,2019-10-01T09:00:18.190257102+02:00,2019-10-01T17:29:58.552073359+02:00,30580.361816
2019-10-01 17:24:14.897619832+02:00,1569943454897619832,1,bid,0.4099999999999966,83.64,83.66,83.23,30236.70736273,0,30236.70736273,quantile,0.95,0.269999999999996,2019-10-01T09:00:18.190257102+02:00,2019-10-01T09:00:18.190257102+02:00,2019-10-01T17:29:58.552073359+02:00,30580.361816
2019-10-01 17:24:14.902621434+02:00,1569943454902621434,1,bid,0.4000000000000057,83.64,83.66,83.24,30236.712364332,0,30236.712364332,quantile,0.95,0.269999999999996,2019-10-01T09:00:18.190257102+02:00,2019-10-01T09:00:18.190257102+02:00,2019-10-01T17:29:58.552073359+02:00,30580.361816
2019-10-01 17:24:14.907620629+02:00,1569943454907620629,1,bid,0.3900000000000005,83.64,83.66,83.25,30236.717363527,0,30236.717363527,quantile,0.95,0.269999999999996,2019-10-01T09:00:18.190257102+02:00,2019-10-01T09:00:18.190257102+02:00,2019-10-01T17:29:58.552073359+02:00,30580.361816
2019-10-01 17:24:14.912621691+02:00,1569943454912621691,1,bid,0.3799999999999954,83.64,83.66,83.26,30236.722364589,0,30236.722364589,quantile,0.95,0.269999999999996,2019-10-01T09:00:18.190257102+02:00,2019-10-01T09:00:18.190257102+02:00,2019-10-01T17:29:58.552073359+02:00,30580.361816
2019-10-01 17:24:14.917619093+02:00,1569943454917619093,1,bid,0.3700000000000045,83.64,83.66,83.27,30236.727361991,0,30236.727361991,quantile,0.95,0.269999999999996,2019-10-01T09:00:18.190257102+02:00,2019-10-01T09:00:18.190257102+02:00,2019-10-01T17:29:58.552073359+02:00,30580.361816
2019-10-01 17:24:14.920887241+02:00,1569943454920887241,1,bid,0.3599999999999994,83.64,83.66,83.28,30236.730630139,0,30236.730630139,quantile,0.95,0.269999999999996,2019-10-01T09:00:18.190257102+02:00,2019-10-01T09:00:18.190257102+02:00,2019-10-01T17:29:58.552073359+02:00,30580.361816
2019-10-01 17:24:14.922621066+02:00,1569943454922621066,1,bid,0.3499999999999943,83.64,83.66,83.29,30236.732363964,0,30236.732363964,quantile,0.95,0.269999999999996,2019-10-01T09:00:18.190257102+02:00,2019-10-01T09:00:18.190257102+02:00,2019-10-01T17:29:58.552073359+02:00,30580.361816
2019-10-01 17:24:14.927620134+02:00,1569943454927620134,1,bid,0.3400000000000034,83.64,83.66,83.3,30236.737363032,0,30236.737363032,quantile,0.95,0.269999999999996,2019-10-01T09:00:18.190257102+02:00,2019-10-01T09:00:18.190257102+02:00,2019-10-01T17:29:58.552073359+02:00,30580.361816
2019-10-01 17:24:15.891922886+02:00,1569943455891922886,1,bid,0.3299999999999983,83.64,83.66,83.31,30237.701665784,0,30237.701665784,quantile,0.95,0.269999999999996,2019-10-01T09:00:18.190257102+02:00,2019-10-01T09:00:18.190257102+02:00,2019-10-01T17:29:58.552073359+02:00,30580.361816
2019-10-01 17:24:15.892629296+02:00,1569943455892629296,1,bid,0.3200000000000074,83.64,83.66,83.32,30237.702372194,0,30237.702372194,quantile,0.95,0.269999999999996,2019-10-01T09:00:18.190257102+02:00,2019-10-01T09:00:18.190257102+02:00,2019-10-01T17:29:58.552073359+02:00,30580.361816
2019-10-01 17:24:15.902622394+02:00,1569943455902622394,1,bid,0.3100000000000023,83.64,83.66,83.33,30237.712365292,0,30237.712365292,quantile,0.95,0.269999999999996,2019-10-01T09:00:18.190257102+02:00,2019-10-01T09:00:18.190257102+02:00,2019-10-01T17:29:58.552073359+02:00,30580.361816
2019-10-01 17:24:15.907620470+02:00,1569943455907620470,1,bid,0.2999999999999971,83.64,83.66,83.34,30237.717363368,0,30237.717363368,quantile,0.95,0.269999999999996,2019-10-01T09:00:18.190257102+02:00,2019-10-01T09:00:18.190257102+02:00,2019-10-01T17:29:58.552073359+02:00,30580.361816
2019-10-01 17:24:15.912624403+02:00,1569943455912624403,1,bid,0.2900000000000062,83.64,83.66,83.35,30237.722367301,0,30237.722367301,quantile,0.95,0.269999999999996,2019-10-01T09:00:18.190257102+02:00,2019-10-01T09:00:18.190257102+02:00,2019-10-01T17:29:58.552073359+02:00,30580.361816
2019-10-01 17:24:15.917619138+02:00,1569943455917619138,1,bid,0.2800000000000011,83.64,83.66,83.36,30237.727362036,0,30237.727362036,quantile,0.95,0.269999999999996,2019-10-01T09:00:18.190257102+02:00,2019-10-01T09:00:18.190257102+02:00,2019-10-01T17:29:58.552073359+02:00,30580.361816
2019-10-01 17:24:15.922622995+02:00,1569943455922622995,1,bid,0.269999999999996,83.64,83.66,83.37,30237.732365893,0,30237.732365893,quantile,0.95,0.269999999999996,2019-10-01T09:00:18.190257102+02:00,2019-10-01T09:00:18.190257102+02:00,2019-10-01T17:29:58.552073359+02:00,30580.361816
2019-10-01 17:24:27.933943834+02:00,1569943467933943834,1,bid,0.269999999999996,83.66,83.67,83.39,30249.743686732,0,30249.743686732,quantile,0.95,0.269999999999996,2019-10-01T09:00:18.190257102+02:00,2019-10-01T09:00:18.190257102+02:00,2019-10-01T17:29:58.552073359+02:00,30580.361816
2019-10-01 17:25:21.397234572+02:00,1569943521397234572,1,bid,0.269999999999996,83.64,83.66,83.37,30303.20697747,0,30303.20697747,quantile,0.95,0.269999999999996,2019-10-01T09:00:18.190257102+02:00,2019-10-01T09:00:18.190257102+02:00,2019-10-01T17:29:58.552073359+02:00,30580.361816
2019-10-01 17:25:31.400728343+02:00,1569943531400728343,1,bid,0.269999999999996,83.63,83.65,83.36,30313.210471241,0,30313.210471241,quantile,0.95,0.269999999999996,2019-10-01T09:00:18.190257102+02:00,2019-10-01T09:00:18.190257102+02:00,2019-10-01T17:29:58.552073359+02:00,30580.361816
2019-10-01 17:26:03.448379067+02:00,1569943563448379067,1,bid,0.3000000000000113,83.65,83.66,83.35,30345.258121965,0,30345.258121965,quantile,0.95,0.269999999999996,2019-10-01T09:00:18.190257102+02:00,2019-10-01T09:00:18.190257102+02:00,2019-10-01T17:29:58.552073359+02:00,30580.361816
2019-10-01 17:26:56.068669459+02:00,1569943616068669459,1,bid,0.3299999999999983,83.66,83.68,83.33,30397.878412357,0,30397.878412357,quantile,0.95,0.269999999999996,2019-10-01T09:00:18.190257102+02:00,2019-10-01T09:00:18.190257102+02:00,2019-10-01T17:29:58.552073359+02:00,30580.361816
2019-10-01 17:27:32.054599719+02:00,1569943652054599719,1,bid,11.170000000000002,83.67,83.69,72.5,30433.864342617,0,30433.864342617,quantile,0.95,0.269999999999996,2019-10-01T09:00:18.190257102+02:00,2019-10-01T09:00:18.190257102+02:00,2019-10-01T17:29:58.552073359+02:00,30580.361816
2019-10-01 17:27:58.135859903+02:00,1569943678135859903,1,bid,0.6500000000000057,83.65,83.67,83.0,30459.945602801,0,30459.945602801,quantile,0.95,0.269999999999996,2019-10-01T09:00:18.190257102+02:00,2019-10-01T09:00:18.190257102+02:00,2019-10-01T17:29:58.552073359+02:00,30580.361816
2019-10-01 17:29:25.677636314+02:00,1569943765677636314,1,bid,0.3999999999999915,83.63,83.65,83.23,30547.487379212,0,30547.487379212,quantile,0.95,0.269999999999996,2019-10-01T09:00:18.190257102+02:00,2019-10-01T09:00:18.190257102+02:00,2019-10-01T17:29:58.552073359+02:00,30580.361816
2019-10-01 17:29:56.705096830+02:00,1569943796705096830,1,bid,12.14,83.64,83.66,71.5,30578.514839728,0,30578.514839728,quantile,0.95,0.269999999999996,2019-10-01T09:00:18.190257102+02:00,2019-10-01T09:00:18.190257102+02:00,2019-10-01T17:29:58.552073359+02:00,30580.361816
2019-10-01 17:29:56.705130554+02:00,1569943796705130554,1,bid,0.6400000000000006,83.64,83.66,83.0,30578.514873452,0,30578.514873452,quantile,0.95,0.269999999999996,2019-10-01T09:00:18.190257102+02:00,2019-10-01T09:00:18.190257102+02:00,2019-10-01T17:29:58.552073359+02:00,30580.361816
2019-10-01 17:29:56.705161796+02:00,1569943796705161796,1,bid,13.64,83.64,83.66,70.0,30578.514904694,0,30578.514904694,quantile,0.95,0.269999999999996,2019-10-01T09:00:18.190257102+02:00,2019-10-01T09:00:18.190257102+02:00,2019-10-01T17:29:58.552073359+02:00,30580.361816
2019-10-01 17:29:56.705196510+02:00,1569943796705196510,1,bid,7.640000000000001,83.64,83.66,76.0,30578.514939408,0,30578.514939408,quantile,0.95,0.269999999999996,2019-10-01T09:00:18.190257102+02:00,2019-10-01T09:00:18.190257102+02:00,2019-10-01T17:29:58.552073359+02:00,30580.361816
2019-10-01 17:29:56.705229079+02:00,1569943796705229079,1,bid,6.519999999999996,83.64,83.66,77.12,30578.514971977,0,30578.514971977,quantile,0.95,0.269999999999996,2019-10-01T09:00:18.190257102+02:00,2019-10-01T09:00:18.190257102+02:00,2019-10-01T17:29:58.552073359+02:00,30580.361816
2019-10-01 17:29:56.705262280+02:00,1569943796705262280,1,bid,1.1099999999999994,83.64,83.66,82.53,30578.515005178,0,30578.515005178,quantile,0.95,0.269999999999996,2019-10-01T09:00:18.190257102+02:00,2019-10-01T09:00:18.190257102+02:00,2019-10-01T17:29:58.552073359+02:00,30580.361816
2019-10-01 17:29:56.705322018+02:00,1569943796705322018,1,bid,4.540000000000006,83.64,83.66,79.1,30578.515064916,0,30578.515064916,quantile,0.95,0.269999999999996,2019-10-01T09:00:18.190257102+02:00,2019-10-01T09:00:18.190257102+02:00,2019-10-01T17:29:58.552073359+02:00,30580.361816
2019-10-01 17:29:57.718372571+02:00,1569943797718372571,1,bid,12.040000000000006,83.64,83.67,71.6,30579.528115469,0,30579.528115469,quantile,0.95,0.269999999999996,2019-10-01T09:00:18.190257102+02:00,2019-10-01T09:00:18.190257102+02:00,2019-10-01T17:29:58.552073359+02:00,30580.361816
2019-10-01 17:29:57.718405540+02:00,1569943797718405540,1,bid,3.640000000000001,83.64,83.67,80.0,30579.528148438,0,30579.528148438,quantile,0.95,0.269999999999996,2019-10-01T09:00:18.190257102+02:00,2019-10-01T09:00:18.190257102+02:00,2019-10-01T17:29:58.552073359+02:00,30580.361816
2019-10-01 17:29:57.718438021+02:00,1569943797718438021,1,bid,3.640000000000001,83.64,83.67,80.0,30579.528180919,0,30579.528180919,quantile,0.95,0.269999999999996,2019-10-01T09:00:18.190257102+02:00,2019-10-01T09:00:18.190257102+02:00,2019-10-01T17:29:58.552073359+02:00,30580.361816
2019-10-01 17:29:57.718469452+02:00,1569943797718469452,1,bid,7.640000000000001,83.64,83.67,76.0,30579.52821235,0,30579.52821235,quantile,0.95,0.269999999999996,2019-10-01T09:00:18.190257102+02:00,2019-10-01T09:00:18.190257102+02:00,2019-10-01T17:29:58.552073359+02:00,30580.361816
2019-10-01 17:29:57.718502240+02:00,1569943797718502240,1,bid,4.640000000000001,83.64,83.67,79.0,30579.528245138,0,30579.528245138,quantile,0.95,0.269999999999996,2019-10-01T09:00:18.190257102+02:00,2019-10-01T09:00:18.190257102+02:00,2019-10-01T17:29:58.552073359+02:00,30580.361816
2019-10-01 17:29:57.718534887+02:00,1569943797718534887,1,bid,3.640000000000001,83.64,83.67,80.0,30579.528277785,0,30579.528277785,quantile,0.95,0.269999999999996,2019-10-01T09:00:18.190257102+02:00,2019-10-01T09:00:18.190257102+02:00,2019-10-01T17:29:58.552073359+02:00,30580.361816
2019-10-01 17:29:57.718566314+02:00,1569943797718566314,1,bid,8.439999999999998,83.64,83.67,75.2,30579.528309212,0,30579.528309212,quantile,0.95,0.269999999999996,2019-10-01T09:00:18.190257102+02:00,2019-10-01T09:00:18.190257102+02:00,2019-10-01T17:29:58.552073359+02:00,30580.361816
2019-10-01 17:29:57.718600074+02:00,1569943797718600074,1,bid,11.439999999999998,83.64,83.67,72.2,30579.528342972,0,30579.528342972,quantile,0.95,0.269999999999996,2019-10-01T09:00:18.190257102+02:00,2019-10-01T09:00:18.190257102+02:00,2019-10-01T17:29:58.552073359+02:00,30580.361816
2019-10-01 17:29:57.718632017+02:00,1569943797718632017,1,bid,1.6400000000000006,83.64,83.67,82.0,30579.528374915,0,30579.528374915,quantile,0.95,0.269999999999996,2019-10-01T09:00:18.190257102+02:00,2019-10-01T09:00:18.190257102+02:00,2019-10-01T17:29:58.552073359+02:00,30580.361816
2019-10-01 17:29:57.718663223+02:00,1569943797718663223,1,bid,8.64,83.64,83.67,75.0,30579.528406121,0,30579.528406121,quantile,0.95,0.269999999999996,2019-10-01T09:00:18.190257102+02:00,2019-10-01T09:00:18.190257102+02:00,2019-10-01T17:29:58.552073359+02:00,30580.361816
2019-10-01 17:29:57.718696070+02:00,1569943797718696070,1,bid,0.2800000000000011,83.64,83.67,83.36,30579.528438968,0,30579.528438968,quantile,0.95,0.269999999999996,2019-10-01T09:00:18.190257102+02:00,2019-10-01T09:00:18.190257102+02:00,2019-10-01T17:29:58.552073359+02:00,30580.361816
2019-10-01 17:29:57.718728999+02:00,1569943797718728999,1,bid,4.540000000000006,83.64,83.67,79.1,30579.528471897,0,30579.528471897,quantile,0.95,0.269999999999996,2019-10-01T09:00:18.190257102+02:00,2019-10-01T09:00:18.190257102+02:00,2019-10-01T17:29:58.552073359+02:00,30580.361816
